In file included from ../thirdparty/vma.cc:3:
../subprojects/VulkanMemoryAllocator/include/vk_mem_alloc.h:2171:44: warning: pointer is missing a nullability type specifier (_Nonnull, _Nullable, or _Null_unspecified) [-Wnullability-completeness]
 2171 |     VmaAllocation VMA_NOT_NULL allocation, HANDLE hTargetProcess, HANDLE* VMA_NOT_NULL pHandle);
      |                                            ^
../subprojects/VulkanMemoryAllocator/include/vk_mem_alloc.h:2171:44: note: insert '_Nullable' if the pointer may be null
 2171 |     VmaAllocation VMA_NOT_NULL allocation, HANDLE hTargetProcess, HANDLE* VMA_NOT_NULL pHandle);
      |                                            ^
      |                                                   _Nullable
../subprojects/VulkanMemoryAllocator/include/vk_mem_alloc.h:2171:44: note: insert '_Nonnull' if the pointer should never be null
 2171 |     VmaAllocation VMA_NOT_NULL allocation, HANDLE hTargetProcess, HANDLE* VMA_NOT_NULL pHandle);
      |                                            ^
      |                                                   _Nonnull
../subprojects/VulkanMemoryAllocator/include/vk_mem_alloc.h:2171:67: warning: pointer is missing a nullability type specifier (_Nonnull, _Nullable, or _Null_unspecified) [-Wnullability-completeness]
 2171 |     VmaAllocation VMA_NOT_NULL allocation, HANDLE hTargetProcess, HANDLE* VMA_NOT_NULL pHandle);
      |                                                                   ^
../subprojects/VulkanMemoryAllocator/include/vk_mem_alloc.h:2171:67: note: insert '_Nullable' if the pointer may be null
 2171 |     VmaAllocation VMA_NOT_NULL allocation, HANDLE hTargetProcess, HANDLE* VMA_NOT_NULL pHandle);
      |                                                                   ^     
      |                                                                          _Nullable 
../subprojects/VulkanMemoryAllocator/include/vk_mem_alloc.h:2171:67: note: insert '_Nonnull' if the pointer should never be null
 2171 |     VmaAllocation VMA_NOT_NULL allocation, HANDLE hTargetProcess, HANDLE* VMA_NOT_NULL pHandle);
      |                                                                   ^     
      |                                                                          _Nonnull 
../subprojects/VulkanMemoryAllocator/include/vk_mem_alloc.h:3066:12: warning: pointer is missing a nullability type specifier (_Nonnull, _Nullable, or _Null_unspecified) [-Wnullability-completeness]
 3066 | static void* vma_aligned_alloc(size_t alignment, size_t size)
      |            ^
../subprojects/VulkanMemoryAllocator/include/vk_mem_alloc.h:3066:12: note: insert '_Nullable' if the pointer may be null
 3066 | static void* vma_aligned_alloc(size_t alignment, size_t size)
      |            ^
      |              _Nullable
../subprojects/VulkanMemoryAllocator/include/vk_mem_alloc.h:3066:12: note: insert '_Nonnull' if the pointer should never be null
 3066 | static void* vma_aligned_alloc(size_t alignment, size_t size)
      |            ^
      |              _Nonnull
../subprojects/VulkanMemoryAllocator/include/vk_mem_alloc.h:3084:34: warning: pointer is missing a nullability type specifier (_Nonnull, _Nullable, or _Null_unspecified) [-Wnullability-completeness]
 3084 | static void vma_aligned_free(void* ptr)
      |                                  ^
../subprojects/VulkanMemoryAllocator/include/vk_mem_alloc.h:3084:34: note: insert '_Nullable' if the pointer may be null
 3084 | static void vma_aligned_free(void* ptr)
      |                                  ^
      |                                    _Nullable
../subprojects/VulkanMemoryAllocator/include/vk_mem_alloc.h:3084:34: note: insert '_Nonnull' if the pointer should never be null
 3084 | static void vma_aligned_free(void* ptr)
      |                                  ^
      |                                    _Nonnull
../subprojects/VulkanMemoryAllocator/include/vk_mem_alloc.h:3182:88: warning: pointer is missing a nullability type specifier (_Nonnull, _Nullable, or _Null_unspecified) [-Wnullability-completeness]
 3182 |     static inline void VmaPtrToStr(char* VMA_NOT_NULL outStr, size_t strLen, const void* ptr)
      |                                                                                        ^
../subprojects/VulkanMemoryAllocator/include/vk_mem_alloc.h:3182:88: note: insert '_Nullable' if the pointer may be null
 3182 |     static inline void VmaPtrToStr(char* VMA_NOT_NULL outStr, size_t strLen, const void* ptr)
      |                                                                                        ^
      |                                                                                          _Nullable
../subprojects/VulkanMemoryAllocator/include/vk_mem_alloc.h:3182:88: note: insert '_Nonnull' if the pointer should never be null
 3182 |     static inline void VmaPtrToStr(char* VMA_NOT_NULL outStr, size_t strLen, const void* ptr)
      |                                                                                        ^
      |                                                                                          _Nonnull
../subprojects/VulkanMemoryAllocator/include/vk_mem_alloc.h:3404:18: warning: pointer is missing a nullability type specifier (_Nonnull, _Nullable, or _Null_unspecified) [-Wnullability-completeness]
 3404 | static const char* const VMA_SUBALLOCATION_TYPE_NAMES[] =
      |                  ^
../subprojects/VulkanMemoryAllocator/include/vk_mem_alloc.h:3404:18: note: insert '_Nullable' if the pointer may be null
 3404 | static const char* const VMA_SUBALLOCATION_TYPE_NAMES[] =
      |                  ^
      |                    _Nullable
../subprojects/VulkanMemoryAllocator/include/vk_mem_alloc.h:3404:18: note: insert '_Nonnull' if the pointer should never be null
 3404 | static const char* const VMA_SUBALLOCATION_TYPE_NAMES[] =
      |                  ^
      |                    _Nonnull
../subprojects/VulkanMemoryAllocator/include/vk_mem_alloc.h:3743:44: warning: pointer is missing a nullability type specifier (_Nonnull, _Nullable, or _Null_unspecified) [-Wnullability-completeness]
 3743 | static inline bool VmaStrIsEmpty(const char* pStr)
      |                                            ^
../subprojects/VulkanMemoryAllocator/include/vk_mem_alloc.h:3743:44: note: insert '_Nullable' if the pointer may be null
 3743 | static inline bool VmaStrIsEmpty(const char* pStr)
      |                                            ^
      |                                              _Nullable
../subprojects/VulkanMemoryAllocator/include/vk_mem_alloc.h:3743:44: note: insert '_Nonnull' if the pointer should never be null
 3743 | static inline bool VmaStrIsEmpty(const char* pStr)
      |                                            ^
      |                                              _Nonnull
../subprojects/VulkanMemoryAllocator/include/vk_mem_alloc.h:3810:36: warning: pointer is missing a nullability type specifier (_Nonnull, _Nullable, or _Null_unspecified) [-Wnullability-completeness]
 3810 | static void VmaWriteMagicValue(void* pData, VkDeviceSize offset)
      |                                    ^
../subprojects/VulkanMemoryAllocator/include/vk_mem_alloc.h:3810:36: note: insert '_Nullable' if the pointer may be null
 3810 | static void VmaWriteMagicValue(void* pData, VkDeviceSize offset)
      |                                    ^
      |                                      _Nullable
../subprojects/VulkanMemoryAllocator/include/vk_mem_alloc.h:3810:36: note: insert '_Nonnull' if the pointer should never be null
 3810 | static void VmaWriteMagicValue(void* pData, VkDeviceSize offset)
      |                                    ^
      |                                      _Nonnull
../subprojects/VulkanMemoryAllocator/include/vk_mem_alloc.h:3824:45: warning: pointer is missing a nullability type specifier (_Nonnull, _Nullable, or _Null_unspecified) [-Wnullability-completeness]
 3824 | static bool VmaValidateMagicValue(const void* pData, VkDeviceSize offset)
      |                                             ^
../subprojects/VulkanMemoryAllocator/include/vk_mem_alloc.h:3824:45: note: insert '_Nullable' if the pointer may be null
 3824 | static bool VmaValidateMagicValue(const void* pData, VkDeviceSize offset)
      |                                             ^
      |                                               _Nullable
../subprojects/VulkanMemoryAllocator/include/vk_mem_alloc.h:3824:45: note: insert '_Nonnull' if the pointer should never be null
 3824 | static bool VmaValidateMagicValue(const void* pData, VkDeviceSize offset)
      |                                             ^
      |                                               _Nonnull
../subprojects/VulkanMemoryAllocator/include/vk_mem_alloc.h:3901:60: warning: pointer is missing a nullability type specifier (_Nonnull, _Nullable, or _Null_unspecified) [-Wnullability-completeness]
 3901 | static bool VmaValidatePointerArray(uint32_t count, const T* arr)
      |                                                            ^
../subprojects/VulkanMemoryAllocator/include/vk_mem_alloc.h:3901:60: note: insert '_Nullable' if the pointer may be null
 3901 | static bool VmaValidatePointerArray(uint32_t count, const T* arr)
      |                                                            ^
      |                                                              _Nullable
../subprojects/VulkanMemoryAllocator/include/vk_mem_alloc.h:3901:60: note: insert '_Nonnull' if the pointer should never be null
 3901 | static bool VmaValidatePointerArray(uint32_t count, const T* arr)
      |                                                            ^
      |                                                              _Nonnull
../subprojects/VulkanMemoryAllocator/include/vk_mem_alloc.h:3922:48: warning: pointer is missing a nullability type specifier (_Nonnull, _Nullable, or _Null_unspecified) [-Wnullability-completeness]
 3922 | static inline void VmaPnextChainPushFront(MainT* mainStruct, NewT* newStruct)
      |                                                ^
../subprojects/VulkanMemoryAllocator/include/vk_mem_alloc.h:3922:48: note: insert '_Nullable' if the pointer may be null
 3922 | static inline void VmaPnextChainPushFront(MainT* mainStruct, NewT* newStruct)
      |                                                ^
      |                                                  _Nullable
../subprojects/VulkanMemoryAllocator/include/vk_mem_alloc.h:3922:48: note: insert '_Nonnull' if the pointer should never be null
 3922 | static inline void VmaPnextChainPushFront(MainT* mainStruct, NewT* newStruct)
      |                                                ^
      |                                                  _Nonnull
../subprojects/VulkanMemoryAllocator/include/vk_mem_alloc.h:3922:66: warning: pointer is missing a nullability type specifier (_Nonnull, _Nullable, or _Null_unspecified) [-Wnullability-completeness]
 3922 | static inline void VmaPnextChainPushFront(MainT* mainStruct, NewT* newStruct)
      |                                                                  ^
../subprojects/VulkanMemoryAllocator/include/vk_mem_alloc.h:3922:66: note: insert '_Nullable' if the pointer may be null
 3922 | static inline void VmaPnextChainPushFront(MainT* mainStruct, NewT* newStruct)
      |                                                                  ^
      |                                                                    _Nullable
../subprojects/VulkanMemoryAllocator/include/vk_mem_alloc.h:3922:66: note: insert '_Nonnull' if the pointer should never be null
 3922 | static inline void VmaPnextChainPushFront(MainT* mainStruct, NewT* newStruct)
      |                                                                  ^
      |                                                                    _Nonnull
../subprojects/VulkanMemoryAllocator/include/vk_mem_alloc.h:3930:57: warning: pointer is missing a nullability type specifier (_Nonnull, _Nullable, or _Null_unspecified) [-Wnullability-completeness]
 3930 | static inline const FindT* VmaPnextChainFind(const MainT* mainStruct, VkStructureType sType)
      |                                                         ^
../subprojects/VulkanMemoryAllocator/include/vk_mem_alloc.h:3930:57: note: insert '_Nullable' if the pointer may be null
 3930 | static inline const FindT* VmaPnextChainFind(const MainT* mainStruct, VkStructureType sType)
      |                                                         ^
      |                                                           _Nullable
../subprojects/VulkanMemoryAllocator/include/vk_mem_alloc.h:3930:57: note: insert '_Nonnull' if the pointer should never be null
 3930 | static inline const FindT* VmaPnextChainFind(const MainT* mainStruct, VkStructureType sType)
      |                                                         ^
      |                                                           _Nonnull
../subprojects/VulkanMemoryAllocator/include/vk_mem_alloc.h:3930:26: warning: pointer is missing a nullability type specifier (_Nonnull, _Nullable, or _Null_unspecified) [-Wnullability-completeness]
 3930 | static inline const FindT* VmaPnextChainFind(const MainT* mainStruct, VkStructureType sType)
      |                          ^
../subprojects/VulkanMemoryAllocator/include/vk_mem_alloc.h:3930:26: note: insert '_Nullable' if the pointer may be null
 3930 | static inline const FindT* VmaPnextChainFind(const MainT* mainStruct, VkStructureType sType)
      |                          ^
      |                            _Nullable
../subprojects/VulkanMemoryAllocator/include/vk_mem_alloc.h:3930:26: note: insert '_Nonnull' if the pointer should never be null
 3930 | static inline const FindT* VmaPnextChainFind(const MainT* mainStruct, VkStructureType sType)
      |                          ^
      |                            _Nonnull
../subprojects/VulkanMemoryAllocator/include/vk_mem_alloc.h:4157:51: warning: pointer is missing a nullability type specifier (_Nonnull, _Nullable, or _Null_unspecified) [-Wnullability-completeness]
 4157 | static void* VmaMalloc(const VkAllocationCallbacks* pAllocationCallbacks, size_t size, size_t alignment)
      |                                                   ^
../subprojects/VulkanMemoryAllocator/include/vk_mem_alloc.h:4157:51: note: insert '_Nullable' if the pointer may be null
 4157 | static void* VmaMalloc(const VkAllocationCallbacks* pAllocationCallbacks, size_t size, size_t alignment)
      |                                                   ^
      |                                                     _Nullable
../subprojects/VulkanMemoryAllocator/include/vk_mem_alloc.h:4157:51: note: insert '_Nonnull' if the pointer should never be null
 4157 | static void* VmaMalloc(const VkAllocationCallbacks* pAllocationCallbacks, size_t size, size_t alignment)
      |                                                   ^
      |                                                     _Nonnull
../subprojects/VulkanMemoryAllocator/include/vk_mem_alloc.h:4157:12: warning: pointer is missing a nullability type specifier (_Nonnull, _Nullable, or _Null_unspecified) [-Wnullability-completeness]
 4157 | static void* VmaMalloc(const VkAllocationCallbacks* pAllocationCallbacks, size_t size, size_t alignment)
      |            ^
../subprojects/VulkanMemoryAllocator/include/vk_mem_alloc.h:4157:12: note: insert '_Nullable' if the pointer may be null
 4157 | static void* VmaMalloc(const VkAllocationCallbacks* pAllocationCallbacks, size_t size, size_t alignment)
      |            ^
      |              _Nullable
../subprojects/VulkanMemoryAllocator/include/vk_mem_alloc.h:4157:12: note: insert '_Nonnull' if the pointer should never be null
 4157 | static void* VmaMalloc(const VkAllocationCallbacks* pAllocationCallbacks, size_t size, size_t alignment)
      |            ^
      |              _Nonnull
../subprojects/VulkanMemoryAllocator/include/vk_mem_alloc.h:4177:48: warning: pointer is missing a nullability type specifier (_Nonnull, _Nullable, or _Null_unspecified) [-Wnullability-completeness]
 4177 | static void VmaFree(const VkAllocationCallbacks* pAllocationCallbacks, void* ptr)
      |                                                ^
../subprojects/VulkanMemoryAllocator/include/vk_mem_alloc.h:4177:48: note: insert '_Nullable' if the pointer may be null
 4177 | static void VmaFree(const VkAllocationCallbacks* pAllocationCallbacks, void* ptr)
      |                                                ^
      |                                                  _Nullable
../subprojects/VulkanMemoryAllocator/include/vk_mem_alloc.h:4177:48: note: insert '_Nonnull' if the pointer should never be null
 4177 | static void VmaFree(const VkAllocationCallbacks* pAllocationCallbacks, void* ptr)
      |                                                ^
      |                                                  _Nonnull
../subprojects/VulkanMemoryAllocator/include/vk_mem_alloc.h:4177:76: warning: pointer is missing a nullability type specifier (_Nonnull, _Nullable, or _Null_unspecified) [-Wnullability-completeness]
 4177 | static void VmaFree(const VkAllocationCallbacks* pAllocationCallbacks, void* ptr)
      |                                                                            ^
../subprojects/VulkanMemoryAllocator/include/vk_mem_alloc.h:4177:76: note: insert '_Nullable' if the pointer may be null
 4177 | static void VmaFree(const VkAllocationCallbacks* pAllocationCallbacks, void* ptr)
      |                                                                            ^
      |                                                                              _Nullable
../subprojects/VulkanMemoryAllocator/include/vk_mem_alloc.h:4177:76: note: insert '_Nonnull' if the pointer should never be null
 4177 | static void VmaFree(const VkAllocationCallbacks* pAllocationCallbacks, void* ptr)
      |                                                                            ^
      |                                                                              _Nonnull
../subprojects/VulkanMemoryAllocator/include/vk_mem_alloc.h:4191:50: warning: pointer is missing a nullability type specifier (_Nonnull, _Nullable, or _Null_unspecified) [-Wnullability-completeness]
 4191 | static T* VmaAllocate(const VkAllocationCallbacks* pAllocationCallbacks)
      |                                                  ^
../subprojects/VulkanMemoryAllocator/include/vk_mem_alloc.h:4191:50: note: insert '_Nullable' if the pointer may be null
 4191 | static T* VmaAllocate(const VkAllocationCallbacks* pAllocationCallbacks)
      |                                                  ^
      |                                                    _Nullable
../subprojects/VulkanMemoryAllocator/include/vk_mem_alloc.h:4191:50: note: insert '_Nonnull' if the pointer should never be null
 4191 | static T* VmaAllocate(const VkAllocationCallbacks* pAllocationCallbacks)
      |                                                  ^
      |                                                    _Nonnull
../subprojects/VulkanMemoryAllocator/include/vk_mem_alloc.h:4191:9: warning: pointer is missing a nullability type specifier (_Nonnull, _Nullable, or _Null_unspecified) [-Wnullability-completeness]
 4191 | static T* VmaAllocate(const VkAllocationCallbacks* pAllocationCallbacks)
      |         ^
../subprojects/VulkanMemoryAllocator/include/vk_mem_alloc.h:4191:9: note: insert '_Nullable' if the pointer may be null
 4191 | static T* VmaAllocate(const VkAllocationCallbacks* pAllocationCallbacks)
      |         ^
      |           _Nullable
../subprojects/VulkanMemoryAllocator/include/vk_mem_alloc.h:4191:9: note: insert '_Nonnull' if the pointer should never be null
 4191 | static T* VmaAllocate(const VkAllocationCallbacks* pAllocationCallbacks)
      |         ^
      |           _Nonnull
../subprojects/VulkanMemoryAllocator/include/vk_mem_alloc.h:4197:55: warning: pointer is missing a nullability type specifier (_Nonnull, _Nullable, or _Null_unspecified) [-Wnullability-completeness]
 4197 | static T* VmaAllocateArray(const VkAllocationCallbacks* pAllocationCallbacks, size_t count)
      |                                                       ^
../subprojects/VulkanMemoryAllocator/include/vk_mem_alloc.h:4197:55: note: insert '_Nullable' if the pointer may be null
 4197 | static T* VmaAllocateArray(const VkAllocationCallbacks* pAllocationCallbacks, size_t count)
      |                                                       ^
      |                                                         _Nullable
../subprojects/VulkanMemoryAllocator/include/vk_mem_alloc.h:4197:55: note: insert '_Nonnull' if the pointer should never be null
 4197 | static T* VmaAllocateArray(const VkAllocationCallbacks* pAllocationCallbacks, size_t count)
      |                                                       ^
      |                                                         _Nonnull
../subprojects/VulkanMemoryAllocator/include/vk_mem_alloc.h:4197:9: warning: pointer is missing a nullability type specifier (_Nonnull, _Nullable, or _Null_unspecified) [-Wnullability-completeness]
 4197 | static T* VmaAllocateArray(const VkAllocationCallbacks* pAllocationCallbacks, size_t count)
      |         ^
../subprojects/VulkanMemoryAllocator/include/vk_mem_alloc.h:4197:9: note: insert '_Nullable' if the pointer may be null
 4197 | static T* VmaAllocateArray(const VkAllocationCallbacks* pAllocationCallbacks, size_t count)
      |         ^
      |           _Nullable
../subprojects/VulkanMemoryAllocator/include/vk_mem_alloc.h:4197:9: note: insert '_Nonnull' if the pointer should never be null
 4197 | static T* VmaAllocateArray(const VkAllocationCallbacks* pAllocationCallbacks, size_t count)
      |         ^
      |           _Nonnull
../subprojects/VulkanMemoryAllocator/include/vk_mem_alloc.h:4207:51: warning: pointer is missing a nullability type specifier (_Nonnull, _Nullable, or _Null_unspecified) [-Wnullability-completeness]
 4207 | static void vma_delete(const VkAllocationCallbacks* pAllocationCallbacks, T* ptr)
      |                                                   ^
../subprojects/VulkanMemoryAllocator/include/vk_mem_alloc.h:4207:51: note: insert '_Nullable' if the pointer may be null
 4207 | static void vma_delete(const VkAllocationCallbacks* pAllocationCallbacks, T* ptr)
      |                                                   ^
      |                                                     _Nullable
../subprojects/VulkanMemoryAllocator/include/vk_mem_alloc.h:4207:51: note: insert '_Nonnull' if the pointer should never be null
 4207 | static void vma_delete(const VkAllocationCallbacks* pAllocationCallbacks, T* ptr)
      |                                                   ^
      |                                                     _Nonnull
../subprojects/VulkanMemoryAllocator/include/vk_mem_alloc.h:4207:76: warning: pointer is missing a nullability type specifier (_Nonnull, _Nullable, or _Null_unspecified) [-Wnullability-completeness]
 4207 | static void vma_delete(const VkAllocationCallbacks* pAllocationCallbacks, T* ptr)
      |                                                                            ^
../subprojects/VulkanMemoryAllocator/include/vk_mem_alloc.h:4207:76: note: insert '_Nullable' if the pointer may be null
 4207 | static void vma_delete(const VkAllocationCallbacks* pAllocationCallbacks, T* ptr)
      |                                                                            ^
      |                                                                              _Nullable
../subprojects/VulkanMemoryAllocator/include/vk_mem_alloc.h:4207:76: note: insert '_Nonnull' if the pointer should never be null
 4207 | static void vma_delete(const VkAllocationCallbacks* pAllocationCallbacks, T* ptr)
      |                                                                            ^
      |                                                                              _Nonnull
../subprojects/VulkanMemoryAllocator/include/vk_mem_alloc.h:4214:57: warning: pointer is missing a nullability type specifier (_Nonnull, _Nullable, or _Null_unspecified) [-Wnullability-completeness]
 4214 | static void vma_delete_array(const VkAllocationCallbacks* pAllocationCallbacks, T* ptr, size_t count)
      |                                                         ^
../subprojects/VulkanMemoryAllocator/include/vk_mem_alloc.h:4214:57: note: insert '_Nullable' if the pointer may be null
 4214 | static void vma_delete_array(const VkAllocationCallbacks* pAllocationCallbacks, T* ptr, size_t count)
      |                                                         ^
      |                                                           _Nullable
../subprojects/VulkanMemoryAllocator/include/vk_mem_alloc.h:4214:57: note: insert '_Nonnull' if the pointer should never be null
 4214 | static void vma_delete_array(const VkAllocationCallbacks* pAllocationCallbacks, T* ptr, size_t count)
      |                                                         ^
      |                                                           _Nonnull
../subprojects/VulkanMemoryAllocator/include/vk_mem_alloc.h:4214:82: warning: pointer is missing a nullability type specifier (_Nonnull, _Nullable, or _Null_unspecified) [-Wnullability-completeness]
 4214 | static void vma_delete_array(const VkAllocationCallbacks* pAllocationCallbacks, T* ptr, size_t count)
      |                                                                                  ^
../subprojects/VulkanMemoryAllocator/include/vk_mem_alloc.h:4214:82: note: insert '_Nullable' if the pointer may be null
 4214 | static void vma_delete_array(const VkAllocationCallbacks* pAllocationCallbacks, T* ptr, size_t count)
      |                                                                                  ^
      |                                                                                    _Nullable
../subprojects/VulkanMemoryAllocator/include/vk_mem_alloc.h:4214:82: note: insert '_Nonnull' if the pointer should never be null
 4214 | static void vma_delete_array(const VkAllocationCallbacks* pAllocationCallbacks, T* ptr, size_t count)
      |                                                                                  ^
      |                                                                                    _Nonnull
../subprojects/VulkanMemoryAllocator/include/vk_mem_alloc.h:4226:61: warning: pointer is missing a nullability type specifier (_Nonnull, _Nullable, or _Null_unspecified) [-Wnullability-completeness]
 4226 | static char* VmaCreateStringCopy(const VkAllocationCallbacks* allocs, const char* srcStr)
      |                                                             ^
../subprojects/VulkanMemoryAllocator/include/vk_mem_alloc.h:4226:61: note: insert '_Nullable' if the pointer may be null
 4226 | static char* VmaCreateStringCopy(const VkAllocationCallbacks* allocs, const char* srcStr)
      |                                                             ^
      |                                                               _Nullable
../subprojects/VulkanMemoryAllocator/include/vk_mem_alloc.h:4226:61: note: insert '_Nonnull' if the pointer should never be null
 4226 | static char* VmaCreateStringCopy(const VkAllocationCallbacks* allocs, const char* srcStr)
      |                                                             ^
      |                                                               _Nonnull
../subprojects/VulkanMemoryAllocator/include/vk_mem_alloc.h:4226:81: warning: pointer is missing a nullability type specifier (_Nonnull, _Nullable, or _Null_unspecified) [-Wnullability-completeness]
 4226 | static char* VmaCreateStringCopy(const VkAllocationCallbacks* allocs, const char* srcStr)
      |                                                                                 ^
../subprojects/VulkanMemoryAllocator/include/vk_mem_alloc.h:4226:81: note: insert '_Nullable' if the pointer may be null
 4226 | static char* VmaCreateStringCopy(const VkAllocationCallbacks* allocs, const char* srcStr)
      |                                                                                 ^
      |                                                                                   _Nullable
../subprojects/VulkanMemoryAllocator/include/vk_mem_alloc.h:4226:81: note: insert '_Nonnull' if the pointer should never be null
 4226 | static char* VmaCreateStringCopy(const VkAllocationCallbacks* allocs, const char* srcStr)
      |                                                                                 ^
      |                                                                                   _Nonnull
../subprojects/VulkanMemoryAllocator/include/vk_mem_alloc.h:4226:12: warning: pointer is missing a nullability type specifier (_Nonnull, _Nullable, or _Null_unspecified) [-Wnullability-completeness]
 4226 | static char* VmaCreateStringCopy(const VkAllocationCallbacks* allocs, const char* srcStr)
      |            ^
../subprojects/VulkanMemoryAllocator/include/vk_mem_alloc.h:4226:12: note: insert '_Nullable' if the pointer may be null
 4226 | static char* VmaCreateStringCopy(const VkAllocationCallbacks* allocs, const char* srcStr)
      |            ^
      |              _Nullable
../subprojects/VulkanMemoryAllocator/include/vk_mem_alloc.h:4226:12: note: insert '_Nonnull' if the pointer should never be null
 4226 | static char* VmaCreateStringCopy(const VkAllocationCallbacks* allocs, const char* srcStr)
      |            ^
      |              _Nonnull
../subprojects/VulkanMemoryAllocator/include/vk_mem_alloc.h:4239:61: warning: pointer is missing a nullability type specifier (_Nonnull, _Nullable, or _Null_unspecified) [-Wnullability-completeness]
 4239 | static char* VmaCreateStringCopy(const VkAllocationCallbacks* allocs, const char* srcStr, size_t strLen)
      |                                                             ^
../subprojects/VulkanMemoryAllocator/include/vk_mem_alloc.h:4239:61: note: insert '_Nullable' if the pointer may be null
 4239 | static char* VmaCreateStringCopy(const VkAllocationCallbacks* allocs, const char* srcStr, size_t strLen)
      |                                                             ^
      |                                                               _Nullable
../subprojects/VulkanMemoryAllocator/include/vk_mem_alloc.h:4239:61: note: insert '_Nonnull' if the pointer should never be null
 4239 | static char* VmaCreateStringCopy(const VkAllocationCallbacks* allocs, const char* srcStr, size_t strLen)
      |                                                             ^
      |                                                               _Nonnull
../subprojects/VulkanMemoryAllocator/include/vk_mem_alloc.h:4239:81: warning: pointer is missing a nullability type specifier (_Nonnull, _Nullable, or _Null_unspecified) [-Wnullability-completeness]
 4239 | static char* VmaCreateStringCopy(const VkAllocationCallbacks* allocs, const char* srcStr, size_t strLen)
      |                                                                                 ^
../subprojects/VulkanMemoryAllocator/include/vk_mem_alloc.h:4239:81: note: insert '_Nullable' if the pointer may be null
 4239 | static char* VmaCreateStringCopy(const VkAllocationCallbacks* allocs, const char* srcStr, size_t strLen)
      |                                                                                 ^
      |                                                                                   _Nullable
../subprojects/VulkanMemoryAllocator/include/vk_mem_alloc.h:4239:81: note: insert '_Nonnull' if the pointer should never be null
 4239 | static char* VmaCreateStringCopy(const VkAllocationCallbacks* allocs, const char* srcStr, size_t strLen)
      |                                                                                 ^
      |                                                                                   _Nonnull
../subprojects/VulkanMemoryAllocator/include/vk_mem_alloc.h:4239:12: warning: pointer is missing a nullability type specifier (_Nonnull, _Nullable, or _Null_unspecified) [-Wnullability-completeness]
 4239 | static char* VmaCreateStringCopy(const VkAllocationCallbacks* allocs, const char* srcStr, size_t strLen)
      |            ^
../subprojects/VulkanMemoryAllocator/include/vk_mem_alloc.h:4239:12: note: insert '_Nullable' if the pointer may be null
 4239 | static char* VmaCreateStringCopy(const VkAllocationCallbacks* allocs, const char* srcStr, size_t strLen)
      |            ^
      |              _Nullable
../subprojects/VulkanMemoryAllocator/include/vk_mem_alloc.h:4239:12: note: insert '_Nonnull' if the pointer should never be null
 4239 | static char* VmaCreateStringCopy(const VkAllocationCallbacks* allocs, const char* srcStr, size_t strLen)
      |            ^
      |              _Nonnull
../subprojects/VulkanMemoryAllocator/include/vk_mem_alloc.h:4252:54: warning: pointer is missing a nullability type specifier (_Nonnull, _Nullable, or _Null_unspecified) [-Wnullability-completeness]
 4252 | static void VmaFreeString(const VkAllocationCallbacks* allocs, char* str)
      |                                                      ^
../subprojects/VulkanMemoryAllocator/include/vk_mem_alloc.h:4252:54: note: insert '_Nullable' if the pointer may be null
 4252 | static void VmaFreeString(const VkAllocationCallbacks* allocs, char* str)
      |                                                      ^
      |                                                        _Nullable
../subprojects/VulkanMemoryAllocator/include/vk_mem_alloc.h:4252:54: note: insert '_Nonnull' if the pointer should never be null
 4252 | static void VmaFreeString(const VkAllocationCallbacks* allocs, char* str)
      |                                                      ^
      |                                                        _Nonnull
../subprojects/VulkanMemoryAllocator/include/vk_mem_alloc.h:4252:68: warning: pointer is missing a nullability type specifier (_Nonnull, _Nullable, or _Null_unspecified) [-Wnullability-completeness]
 4252 | static void VmaFreeString(const VkAllocationCallbacks* allocs, char* str)
      |                                                                    ^
../subprojects/VulkanMemoryAllocator/include/vk_mem_alloc.h:4252:68: note: insert '_Nullable' if the pointer may be null
 4252 | static void VmaFreeString(const VkAllocationCallbacks* allocs, char* str)
      |                                                                    ^
      |                                                                      _Nullable
../subprojects/VulkanMemoryAllocator/include/vk_mem_alloc.h:4252:68: note: insert '_Nonnull' if the pointer should never be null
 4252 | static void VmaFreeString(const VkAllocationCallbacks* allocs, char* str)
      |                                                                    ^
      |                                                                      _Nonnull
../subprojects/VulkanMemoryAllocator/include/vk_mem_alloc.h:4361:14: warning: pointer is missing a nullability type specifier (_Nonnull, _Nullable, or _Null_unspecified) [-Wnullability-completeness]
 4361 |     VMA_MUTEX* m_pMutex;
      |              ^
../subprojects/VulkanMemoryAllocator/include/vk_mem_alloc.h:4361:14: note: insert '_Nullable' if the pointer may be null
 4361 |     VMA_MUTEX* m_pMutex;
      |              ^
      |                _Nullable
../subprojects/VulkanMemoryAllocator/include/vk_mem_alloc.h:4361:14: note: insert '_Nonnull' if the pointer should never be null
 4361 |     VMA_MUTEX* m_pMutex;
      |              ^
      |                _Nonnull
../subprojects/VulkanMemoryAllocator/include/vk_mem_alloc.h:4377:17: warning: pointer is missing a nullability type specifier (_Nonnull, _Nullable, or _Null_unspecified) [-Wnullability-completeness]
 4377 |     VMA_RW_MUTEX* m_pMutex;
      |                 ^
../subprojects/VulkanMemoryAllocator/include/vk_mem_alloc.h:4377:17: note: insert '_Nullable' if the pointer may be null
 4377 |     VMA_RW_MUTEX* m_pMutex;
      |                 ^
      |                   _Nullable
../subprojects/VulkanMemoryAllocator/include/vk_mem_alloc.h:4377:17: note: insert '_Nonnull' if the pointer should never be null
 4377 |     VMA_RW_MUTEX* m_pMutex;
      |                 ^
      |                   _Nonnull
../subprojects/VulkanMemoryAllocator/include/vk_mem_alloc.h:4393:17: warning: pointer is missing a nullability type specifier (_Nonnull, _Nullable, or _Null_unspecified) [-Wnullability-completeness]
 4393 |     VMA_RW_MUTEX* m_pMutex;
      |                 ^
../subprojects/VulkanMemoryAllocator/include/vk_mem_alloc.h:4393:17: note: insert '_Nullable' if the pointer may be null
 4393 |     VMA_RW_MUTEX* m_pMutex;
      |                 ^
      |                   _Nullable
../subprojects/VulkanMemoryAllocator/include/vk_mem_alloc.h:4393:17: note: insert '_Nonnull' if the pointer should never be null
 4393 |     VMA_RW_MUTEX* m_pMutex;
      |                 ^
      |                   _Nonnull
../subprojects/VulkanMemoryAllocator/include/vk_mem_alloc.h:4419:24: warning: pointer is missing a nullability type specifier (_Nonnull, _Nullable, or _Null_unspecified) [-Wnullability-completeness]
 4419 |     T Increment(AtomicT* atomic)
      |                        ^
../subprojects/VulkanMemoryAllocator/include/vk_mem_alloc.h:4419:24: note: insert '_Nullable' if the pointer may be null
 4419 |     T Increment(AtomicT* atomic)
      |                        ^
      |                          _Nullable
../subprojects/VulkanMemoryAllocator/include/vk_mem_alloc.h:4419:24: note: insert '_Nonnull' if the pointer should never be null
 4419 |     T Increment(AtomicT* atomic)
      |                        ^
      |                          _Nonnull
../subprojects/VulkanMemoryAllocator/include/vk_mem_alloc.h:4426:12: warning: pointer is missing a nullability type specifier (_Nonnull, _Nullable, or _Null_unspecified) [-Wnullability-completeness]
 4426 |     AtomicT* m_Atomic = VMA_NULL;
      |            ^
../subprojects/VulkanMemoryAllocator/include/vk_mem_alloc.h:4426:12: note: insert '_Nullable' if the pointer may be null
 4426 |     AtomicT* m_Atomic = VMA_NULL;
      |            ^
      |              _Nullable
../subprojects/VulkanMemoryAllocator/include/vk_mem_alloc.h:4426:12: note: insert '_Nonnull' if the pointer should never be null
 4426 |     AtomicT* m_Atomic = VMA_NULL;
      |            ^
      |              _Nonnull
../subprojects/VulkanMemoryAllocator/include/vk_mem_alloc.h:4435:32: warning: pointer is missing a nullability type specifier (_Nonnull, _Nullable, or _Null_unspecified) [-Wnullability-completeness]
 4435 |     const VkAllocationCallbacks* const m_pCallbacks;
      |                                ^
../subprojects/VulkanMemoryAllocator/include/vk_mem_alloc.h:4435:32: note: insert '_Nullable' if the pointer may be null
 4435 |     const VkAllocationCallbacks* const m_pCallbacks;
      |                                ^
      |                                  _Nullable
../subprojects/VulkanMemoryAllocator/include/vk_mem_alloc.h:4435:32: note: insert '_Nonnull' if the pointer should never be null
 4435 |     const VkAllocationCallbacks* const m_pCallbacks;
      |                                ^
      |                                  _Nonnull
../subprojects/VulkanMemoryAllocator/include/vk_mem_alloc.h:4438:57: warning: pointer is missing a nullability type specifier (_Nonnull, _Nullable, or _Null_unspecified) [-Wnullability-completeness]
 4438 |     explicit VmaStlAllocator(const VkAllocationCallbacks* pCallbacks) : m_pCallbacks(pCallbacks) {}
      |                                                         ^
../subprojects/VulkanMemoryAllocator/include/vk_mem_alloc.h:4438:57: note: insert '_Nullable' if the pointer may be null
 4438 |     explicit VmaStlAllocator(const VkAllocationCallbacks* pCallbacks) : m_pCallbacks(pCallbacks) {}
      |                                                         ^
      |                                                           _Nullable
../subprojects/VulkanMemoryAllocator/include/vk_mem_alloc.h:4438:57: note: insert '_Nonnull' if the pointer should never be null
 4438 |     explicit VmaStlAllocator(const VkAllocationCallbacks* pCallbacks) : m_pCallbacks(pCallbacks) {}
      |                                                         ^
      |                                                           _Nonnull
../subprojects/VulkanMemoryAllocator/include/vk_mem_alloc.h:4444:6: warning: pointer is missing a nullability type specifier (_Nonnull, _Nullable, or _Null_unspecified) [-Wnullability-completeness]
 4444 |     T* allocate(size_t n) { return VmaAllocateArray<T>(m_pCallbacks, n); }
      |      ^
../subprojects/VulkanMemoryAllocator/include/vk_mem_alloc.h:4444:6: note: insert '_Nullable' if the pointer may be null
 4444 |     T* allocate(size_t n) { return VmaAllocateArray<T>(m_pCallbacks, n); }
      |      ^
      |        _Nullable
../subprojects/VulkanMemoryAllocator/include/vk_mem_alloc.h:4444:6: note: insert '_Nonnull' if the pointer should never be null
 4444 |     T* allocate(size_t n) { return VmaAllocateArray<T>(m_pCallbacks, n); }
      |      ^
      |        _Nonnull
../subprojects/VulkanMemoryAllocator/include/vk_mem_alloc.h:4445:22: warning: pointer is missing a nullability type specifier (_Nonnull, _Nullable, or _Null_unspecified) [-Wnullability-completeness]
 4445 |     void deallocate(T* p, size_t n) { VmaFree(m_pCallbacks, p); }
      |                      ^
../subprojects/VulkanMemoryAllocator/include/vk_mem_alloc.h:4445:22: note: insert '_Nullable' if the pointer may be null
 4445 |     void deallocate(T* p, size_t n) { VmaFree(m_pCallbacks, p); }
      |                      ^
      |                        _Nullable
../subprojects/VulkanMemoryAllocator/include/vk_mem_alloc.h:4445:22: note: insert '_Nonnull' if the pointer should never be null
 4445 |     void deallocate(T* p, size_t n) { VmaFree(m_pCallbacks, p); }
      |                      ^
      |                        _Nonnull
../subprojects/VulkanMemoryAllocator/include/vk_mem_alloc.h:4483:6: warning: pointer is missing a nullability type specifier (_Nonnull, _Nullable, or _Null_unspecified) [-Wnullability-completeness]
 4483 |     T* data() { return m_pArray; }
      |      ^
../subprojects/VulkanMemoryAllocator/include/vk_mem_alloc.h:4483:6: note: insert '_Nullable' if the pointer may be null
 4483 |     T* data() { return m_pArray; }
      |      ^
      |        _Nullable
../subprojects/VulkanMemoryAllocator/include/vk_mem_alloc.h:4483:6: note: insert '_Nonnull' if the pointer should never be null
 4483 |     T* data() { return m_pArray; }
      |      ^
      |        _Nonnull
../subprojects/VulkanMemoryAllocator/include/vk_mem_alloc.h:4486:12: warning: pointer is missing a nullability type specifier (_Nonnull, _Nullable, or _Null_unspecified) [-Wnullability-completeness]
 4486 |     const T* data() const { return m_pArray; }
      |            ^
../subprojects/VulkanMemoryAllocator/include/vk_mem_alloc.h:4486:12: note: insert '_Nullable' if the pointer may be null
 4486 |     const T* data() const { return m_pArray; }
      |            ^
      |              _Nullable
../subprojects/VulkanMemoryAllocator/include/vk_mem_alloc.h:4486:12: note: insert '_Nonnull' if the pointer should never be null
 4486 |     const T* data() const { return m_pArray; }
      |            ^
      |              _Nonnull
../subprojects/VulkanMemoryAllocator/include/vk_mem_alloc.h:4490:5: warning: pointer is missing a nullability type specifier (_Nonnull, _Nullable, or _Null_unspecified) [-Wnullability-completeness]
 4490 |     iterator begin() { return m_pArray; }
      |     ^
../subprojects/VulkanMemoryAllocator/include/vk_mem_alloc.h:4490:5: note: insert '_Nullable' if the pointer may be null
 4490 |     iterator begin() { return m_pArray; }
      |     ^
      |              _Nullable
../subprojects/VulkanMemoryAllocator/include/vk_mem_alloc.h:4490:5: note: insert '_Nonnull' if the pointer should never be null
 4490 |     iterator begin() { return m_pArray; }
      |     ^
      |              _Nonnull
../subprojects/VulkanMemoryAllocator/include/vk_mem_alloc.h:4491:5: warning: pointer is missing a nullability type specifier (_Nonnull, _Nullable, or _Null_unspecified) [-Wnullability-completeness]
 4491 |     iterator end() { return m_pArray + m_Count; }
      |     ^
../subprojects/VulkanMemoryAllocator/include/vk_mem_alloc.h:4491:5: note: insert '_Nullable' if the pointer may be null
 4491 |     iterator end() { return m_pArray + m_Count; }
      |     ^
      |              _Nullable
../subprojects/VulkanMemoryAllocator/include/vk_mem_alloc.h:4491:5: note: insert '_Nonnull' if the pointer should never be null
 4491 |     iterator end() { return m_pArray + m_Count; }
      |     ^
      |              _Nonnull
../subprojects/VulkanMemoryAllocator/include/vk_mem_alloc.h:4492:5: warning: pointer is missing a nullability type specifier (_Nonnull, _Nullable, or _Null_unspecified) [-Wnullability-completeness]
 4492 |     const_iterator cbegin() const { return m_pArray; }
      |     ^
../subprojects/VulkanMemoryAllocator/include/vk_mem_alloc.h:4492:5: note: insert '_Nullable' if the pointer may be null
 4492 |     const_iterator cbegin() const { return m_pArray; }
      |     ^
      |                    _Nullable
../subprojects/VulkanMemoryAllocator/include/vk_mem_alloc.h:4492:5: note: insert '_Nonnull' if the pointer should never be null
 4492 |     const_iterator cbegin() const { return m_pArray; }
      |     ^
      |                    _Nonnull
../subprojects/VulkanMemoryAllocator/include/vk_mem_alloc.h:4493:5: warning: pointer is missing a nullability type specifier (_Nonnull, _Nullable, or _Null_unspecified) [-Wnullability-completeness]
 4493 |     const_iterator cend() const { return m_pArray + m_Count; }
      |     ^
../subprojects/VulkanMemoryAllocator/include/vk_mem_alloc.h:4493:5: note: insert '_Nullable' if the pointer may be null
 4493 |     const_iterator cend() const { return m_pArray + m_Count; }
      |     ^
      |                    _Nullable
../subprojects/VulkanMemoryAllocator/include/vk_mem_alloc.h:4493:5: note: insert '_Nonnull' if the pointer should never be null
 4493 |     const_iterator cend() const { return m_pArray + m_Count; }
      |     ^
      |                    _Nonnull
../subprojects/VulkanMemoryAllocator/include/vk_mem_alloc.h:4494:5: warning: pointer is missing a nullability type specifier (_Nonnull, _Nullable, or _Null_unspecified) [-Wnullability-completeness]
 4494 |     const_iterator begin() const { return cbegin(); }
      |     ^
../subprojects/VulkanMemoryAllocator/include/vk_mem_alloc.h:4494:5: note: insert '_Nullable' if the pointer may be null
 4494 |     const_iterator begin() const { return cbegin(); }
      |     ^
      |                    _Nullable
../subprojects/VulkanMemoryAllocator/include/vk_mem_alloc.h:4494:5: note: insert '_Nonnull' if the pointer should never be null
 4494 |     const_iterator begin() const { return cbegin(); }
      |     ^
      |                    _Nonnull
../subprojects/VulkanMemoryAllocator/include/vk_mem_alloc.h:4495:5: warning: pointer is missing a nullability type specifier (_Nonnull, _Nullable, or _Null_unspecified) [-Wnullability-completeness]
 4495 |     const_iterator end() const { return cend(); }
      |     ^
../subprojects/VulkanMemoryAllocator/include/vk_mem_alloc.h:4495:5: note: insert '_Nullable' if the pointer may be null
 4495 |     const_iterator end() const { return cend(); }
      |     ^
      |                    _Nullable
../subprojects/VulkanMemoryAllocator/include/vk_mem_alloc.h:4495:5: note: insert '_Nonnull' if the pointer should never be null
 4495 |     const_iterator end() const { return cend(); }
      |     ^
      |                    _Nonnull
../subprojects/VulkanMemoryAllocator/include/vk_mem_alloc.h:4514:6: warning: pointer is missing a nullability type specifier (_Nonnull, _Nullable, or _Null_unspecified) [-Wnullability-completeness]
 4514 |     T* m_pArray;
      |      ^
../subprojects/VulkanMemoryAllocator/include/vk_mem_alloc.h:4514:6: note: insert '_Nullable' if the pointer may be null
 4514 |     T* m_pArray;
      |      ^
      |        _Nullable
../subprojects/VulkanMemoryAllocator/include/vk_mem_alloc.h:4514:6: note: insert '_Nonnull' if the pointer should never be null
 4514 |     T* m_pArray;
      |      ^
      |        _Nonnull
../subprojects/VulkanMemoryAllocator/include/vk_mem_alloc.h:4698:6: warning: pointer is missing a nullability type specifier (_Nonnull, _Nullable, or _Null_unspecified) [-Wnullability-completeness]
 4698 |     T* data() { return m_Count > N ? m_DynamicArray.data() : m_StaticArray; }
      |      ^
../subprojects/VulkanMemoryAllocator/include/vk_mem_alloc.h:4698:6: note: insert '_Nullable' if the pointer may be null
 4698 |     T* data() { return m_Count > N ? m_DynamicArray.data() : m_StaticArray; }
      |      ^
      |        _Nullable
../subprojects/VulkanMemoryAllocator/include/vk_mem_alloc.h:4698:6: note: insert '_Nonnull' if the pointer should never be null
 4698 |     T* data() { return m_Count > N ? m_DynamicArray.data() : m_StaticArray; }
      |      ^
      |        _Nonnull
../subprojects/VulkanMemoryAllocator/include/vk_mem_alloc.h:4701:12: warning: pointer is missing a nullability type specifier (_Nonnull, _Nullable, or _Null_unspecified) [-Wnullability-completeness]
 4701 |     const T* data() const { return m_Count > N ? m_DynamicArray.data() : m_StaticArray; }
      |            ^
../subprojects/VulkanMemoryAllocator/include/vk_mem_alloc.h:4701:12: note: insert '_Nullable' if the pointer may be null
 4701 |     const T* data() const { return m_Count > N ? m_DynamicArray.data() : m_StaticArray; }
      |            ^
      |              _Nullable
../subprojects/VulkanMemoryAllocator/include/vk_mem_alloc.h:4701:12: note: insert '_Nonnull' if the pointer should never be null
 4701 |     const T* data() const { return m_Count > N ? m_DynamicArray.data() : m_StaticArray; }
      |            ^
      |              _Nonnull
../subprojects/VulkanMemoryAllocator/include/vk_mem_alloc.h:4705:5: warning: pointer is missing a nullability type specifier (_Nonnull, _Nullable, or _Null_unspecified) [-Wnullability-completeness]
 4705 |     iterator begin() { return data(); }
      |     ^
../subprojects/VulkanMemoryAllocator/include/vk_mem_alloc.h:4705:5: note: insert '_Nullable' if the pointer may be null
 4705 |     iterator begin() { return data(); }
      |     ^
      |              _Nullable
../subprojects/VulkanMemoryAllocator/include/vk_mem_alloc.h:4705:5: note: insert '_Nonnull' if the pointer should never be null
 4705 |     iterator begin() { return data(); }
      |     ^
      |              _Nonnull
../subprojects/VulkanMemoryAllocator/include/vk_mem_alloc.h:4706:5: warning: pointer is missing a nullability type specifier (_Nonnull, _Nullable, or _Null_unspecified) [-Wnullability-completeness]
 4706 |     iterator end() { return data() + m_Count; }
      |     ^
../subprojects/VulkanMemoryAllocator/include/vk_mem_alloc.h:4706:5: note: insert '_Nullable' if the pointer may be null
 4706 |     iterator end() { return data() + m_Count; }
      |     ^
      |              _Nullable
../subprojects/VulkanMemoryAllocator/include/vk_mem_alloc.h:4706:5: note: insert '_Nonnull' if the pointer should never be null
 4706 |     iterator end() { return data() + m_Count; }
      |     ^
      |              _Nonnull
../subprojects/VulkanMemoryAllocator/include/vk_mem_alloc.h:4840:49: warning: pointer is missing a nullability type specifier (_Nonnull, _Nullable, or _Null_unspecified) [-Wnullability-completeness]
 4840 |     VmaPoolAllocator(const VkAllocationCallbacks* pAllocationCallbacks, uint32_t firstBlockCapacity);
      |                                                 ^
../subprojects/VulkanMemoryAllocator/include/vk_mem_alloc.h:4840:49: note: insert '_Nullable' if the pointer may be null
 4840 |     VmaPoolAllocator(const VkAllocationCallbacks* pAllocationCallbacks, uint32_t firstBlockCapacity);
      |                                                 ^
      |                                                   _Nullable
../subprojects/VulkanMemoryAllocator/include/vk_mem_alloc.h:4840:49: note: insert '_Nonnull' if the pointer should never be null
 4840 |     VmaPoolAllocator(const VkAllocationCallbacks* pAllocationCallbacks, uint32_t firstBlockCapacity);
      |                                                 ^
      |                                                   _Nonnull
../subprojects/VulkanMemoryAllocator/include/vk_mem_alloc.h:4842:34: warning: pointer is missing a nullability type specifier (_Nonnull, _Nullable, or _Null_unspecified) [-Wnullability-completeness]
 4842 |     template<typename... Types> T* Alloc(Types&&... args);
      |                                  ^
../subprojects/VulkanMemoryAllocator/include/vk_mem_alloc.h:4842:34: note: insert '_Nullable' if the pointer may be null
 4842 |     template<typename... Types> T* Alloc(Types&&... args);
      |                                  ^
      |                                    _Nullable
../subprojects/VulkanMemoryAllocator/include/vk_mem_alloc.h:4842:34: note: insert '_Nonnull' if the pointer should never be null
 4842 |     template<typename... Types> T* Alloc(Types&&... args);
      |                                  ^
      |                                    _Nonnull
../subprojects/VulkanMemoryAllocator/include/vk_mem_alloc.h:4843:16: warning: pointer is missing a nullability type specifier (_Nonnull, _Nullable, or _Null_unspecified) [-Wnullability-completeness]
 4843 |     void Free(T* ptr);
      |                ^
../subprojects/VulkanMemoryAllocator/include/vk_mem_alloc.h:4843:16: note: insert '_Nullable' if the pointer may be null
 4843 |     void Free(T* ptr);
      |                ^
      |                  _Nullable
../subprojects/VulkanMemoryAllocator/include/vk_mem_alloc.h:4843:16: note: insert '_Nonnull' if the pointer should never be null
 4843 |     void Free(T* ptr);
      |                ^
      |                  _Nonnull
../subprojects/VulkanMemoryAllocator/include/vk_mem_alloc.h:4853:13: warning: pointer is missing a nullability type specifier (_Nonnull, _Nullable, or _Null_unspecified) [-Wnullability-completeness]
 4853 |         Item* pItems;
      |             ^
../subprojects/VulkanMemoryAllocator/include/vk_mem_alloc.h:4853:13: note: insert '_Nullable' if the pointer may be null
 4853 |         Item* pItems;
      |             ^
      |               _Nullable
../subprojects/VulkanMemoryAllocator/include/vk_mem_alloc.h:4853:13: note: insert '_Nonnull' if the pointer should never be null
 4853 |         Item* pItems;
      |             ^
      |               _Nonnull
../subprojects/VulkanMemoryAllocator/include/vk_mem_alloc.h:4858:32: warning: pointer is missing a nullability type specifier (_Nonnull, _Nullable, or _Null_unspecified) [-Wnullability-completeness]
 4858 |     const VkAllocationCallbacks* m_pAllocationCallbacks;
      |                                ^
../subprojects/VulkanMemoryAllocator/include/vk_mem_alloc.h:4858:32: note: insert '_Nullable' if the pointer may be null
 4858 |     const VkAllocationCallbacks* m_pAllocationCallbacks;
      |                                ^
      |                                  _Nullable
../subprojects/VulkanMemoryAllocator/include/vk_mem_alloc.h:4858:32: note: insert '_Nonnull' if the pointer should never be null
 4858 |     const VkAllocationCallbacks* m_pAllocationCallbacks;
      |                                ^
      |                                  _Nonnull
../subprojects/VulkanMemoryAllocator/include/vk_mem_alloc.h:4867:66: warning: pointer is missing a nullability type specifier (_Nonnull, _Nullable, or _Null_unspecified) [-Wnullability-completeness]
 4867 | VmaPoolAllocator<T>::VmaPoolAllocator(const VkAllocationCallbacks* pAllocationCallbacks, uint32_t firstBlockCapacity)
      |                                                                  ^
../subprojects/VulkanMemoryAllocator/include/vk_mem_alloc.h:4867:66: note: insert '_Nullable' if the pointer may be null
 4867 | VmaPoolAllocator<T>::VmaPoolAllocator(const VkAllocationCallbacks* pAllocationCallbacks, uint32_t firstBlockCapacity)
      |                                                                  ^
      |                                                                    _Nullable
../subprojects/VulkanMemoryAllocator/include/vk_mem_alloc.h:4867:66: note: insert '_Nonnull' if the pointer should never be null
 4867 | VmaPoolAllocator<T>::VmaPoolAllocator(const VkAllocationCallbacks* pAllocationCallbacks, uint32_t firstBlockCapacity)
      |                                                                  ^
      |                                                                    _Nonnull
../subprojects/VulkanMemoryAllocator/include/vk_mem_alloc.h:4884:30: warning: pointer is missing a nullability type specifier (_Nonnull, _Nullable, or _Null_unspecified) [-Wnullability-completeness]
 4884 | template<typename... Types> T* VmaPoolAllocator<T>::Alloc(Types&&... args)
      |                              ^
../subprojects/VulkanMemoryAllocator/include/vk_mem_alloc.h:4884:30: note: insert '_Nullable' if the pointer may be null
 4884 | template<typename... Types> T* VmaPoolAllocator<T>::Alloc(Types&&... args)
      |                              ^
      |                                _Nullable
../subprojects/VulkanMemoryAllocator/include/vk_mem_alloc.h:4884:30: note: insert '_Nonnull' if the pointer should never be null
 4884 | template<typename... Types> T* VmaPoolAllocator<T>::Alloc(Types&&... args)
      |                              ^
      |                                _Nonnull
../subprojects/VulkanMemoryAllocator/include/vk_mem_alloc.h:4910:33: warning: pointer is missing a nullability type specifier (_Nonnull, _Nullable, or _Null_unspecified) [-Wnullability-completeness]
 4910 | void VmaPoolAllocator<T>::Free(T* ptr)
      |                                 ^
../subprojects/VulkanMemoryAllocator/include/vk_mem_alloc.h:4910:33: note: insert '_Nullable' if the pointer may be null
 4910 | void VmaPoolAllocator<T>::Free(T* ptr)
      |                                 ^
      |                                   _Nullable
../subprojects/VulkanMemoryAllocator/include/vk_mem_alloc.h:4910:33: note: insert '_Nonnull' if the pointer should never be null
 4910 | void VmaPoolAllocator<T>::Free(T* ptr)
      |                                 ^
      |                                   _Nonnull
../subprojects/VulkanMemoryAllocator/include/vk_mem_alloc.h:4962:16: warning: pointer is missing a nullability type specifier (_Nonnull, _Nullable, or _Null_unspecified) [-Wnullability-completeness]
 4962 |     VmaListItem* pPrev;
      |                ^
../subprojects/VulkanMemoryAllocator/include/vk_mem_alloc.h:4962:16: note: insert '_Nullable' if the pointer may be null
 4962 |     VmaListItem* pPrev;
      |                ^
      |                  _Nullable
../subprojects/VulkanMemoryAllocator/include/vk_mem_alloc.h:4962:16: note: insert '_Nonnull' if the pointer should never be null
 4962 |     VmaListItem* pPrev;
      |                ^
      |                  _Nonnull
../subprojects/VulkanMemoryAllocator/include/vk_mem_alloc.h:4963:16: warning: pointer is missing a nullability type specifier (_Nonnull, _Nullable, or _Null_unspecified) [-Wnullability-completeness]
 4963 |     VmaListItem* pNext;
      |                ^
../subprojects/VulkanMemoryAllocator/include/vk_mem_alloc.h:4963:16: note: insert '_Nullable' if the pointer may be null
 4963 |     VmaListItem* pNext;
      |                ^
      |                  _Nullable
../subprojects/VulkanMemoryAllocator/include/vk_mem_alloc.h:4963:16: note: insert '_Nonnull' if the pointer should never be null
 4963 |     VmaListItem* pNext;
      |                ^
      |                  _Nonnull
../subprojects/VulkanMemoryAllocator/include/vk_mem_alloc.h:4975:52: warning: pointer is missing a nullability type specifier (_Nonnull, _Nullable, or _Null_unspecified) [-Wnullability-completeness]
 4975 |     explicit VmaRawList(const VkAllocationCallbacks* pAllocationCallbacks);
      |                                                    ^
../subprojects/VulkanMemoryAllocator/include/vk_mem_alloc.h:4975:52: note: insert '_Nullable' if the pointer may be null
 4975 |     explicit VmaRawList(const VkAllocationCallbacks* pAllocationCallbacks);
      |                                                    ^
      |                                                      _Nullable
../subprojects/VulkanMemoryAllocator/include/vk_mem_alloc.h:4975:52: note: insert '_Nonnull' if the pointer should never be null
 4975 |     explicit VmaRawList(const VkAllocationCallbacks* pAllocationCallbacks);
      |                                                    ^
      |                                                      _Nonnull
../subprojects/VulkanMemoryAllocator/include/vk_mem_alloc.h:4983:13: warning: pointer is missing a nullability type specifier (_Nonnull, _Nullable, or _Null_unspecified) [-Wnullability-completeness]
 4983 |     ItemType* Front() { return m_pFront; }
      |             ^
../subprojects/VulkanMemoryAllocator/include/vk_mem_alloc.h:4983:13: note: insert '_Nullable' if the pointer may be null
 4983 |     ItemType* Front() { return m_pFront; }
      |             ^
      |               _Nullable
../subprojects/VulkanMemoryAllocator/include/vk_mem_alloc.h:4983:13: note: insert '_Nonnull' if the pointer should never be null
 4983 |     ItemType* Front() { return m_pFront; }
      |             ^
      |               _Nonnull
../subprojects/VulkanMemoryAllocator/include/vk_mem_alloc.h:4984:13: warning: pointer is missing a nullability type specifier (_Nonnull, _Nullable, or _Null_unspecified) [-Wnullability-completeness]
 4984 |     ItemType* Back() { return m_pBack; }
      |             ^
../subprojects/VulkanMemoryAllocator/include/vk_mem_alloc.h:4984:13: note: insert '_Nullable' if the pointer may be null
 4984 |     ItemType* Back() { return m_pBack; }
      |             ^
      |               _Nullable
../subprojects/VulkanMemoryAllocator/include/vk_mem_alloc.h:4984:13: note: insert '_Nonnull' if the pointer should never be null
 4984 |     ItemType* Back() { return m_pBack; }
      |             ^
      |               _Nonnull
../subprojects/VulkanMemoryAllocator/include/vk_mem_alloc.h:4985:19: warning: pointer is missing a nullability type specifier (_Nonnull, _Nullable, or _Null_unspecified) [-Wnullability-completeness]
 4985 |     const ItemType* Front() const { return m_pFront; }
      |                   ^
../subprojects/VulkanMemoryAllocator/include/vk_mem_alloc.h:4985:19: note: insert '_Nullable' if the pointer may be null
 4985 |     const ItemType* Front() const { return m_pFront; }
      |                   ^
      |                     _Nullable
../subprojects/VulkanMemoryAllocator/include/vk_mem_alloc.h:4985:19: note: insert '_Nonnull' if the pointer should never be null
 4985 |     const ItemType* Front() const { return m_pFront; }
      |                   ^
      |                     _Nonnull
../subprojects/VulkanMemoryAllocator/include/vk_mem_alloc.h:4986:19: warning: pointer is missing a nullability type specifier (_Nonnull, _Nullable, or _Null_unspecified) [-Wnullability-completeness]
 4986 |     const ItemType* Back() const { return m_pBack; }
      |                   ^
../subprojects/VulkanMemoryAllocator/include/vk_mem_alloc.h:4986:19: note: insert '_Nullable' if the pointer may be null
 4986 |     const ItemType* Back() const { return m_pBack; }
      |                   ^
      |                     _Nullable
../subprojects/VulkanMemoryAllocator/include/vk_mem_alloc.h:4986:19: note: insert '_Nonnull' if the pointer should never be null
 4986 |     const ItemType* Back() const { return m_pBack; }
      |                   ^
      |                     _Nonnull
../subprojects/VulkanMemoryAllocator/include/vk_mem_alloc.h:4988:13: warning: pointer is missing a nullability type specifier (_Nonnull, _Nullable, or _Null_unspecified) [-Wnullability-completeness]
 4988 |     ItemType* PushFront();
      |             ^
../subprojects/VulkanMemoryAllocator/include/vk_mem_alloc.h:4988:13: note: insert '_Nullable' if the pointer may be null
 4988 |     ItemType* PushFront();
      |             ^
      |               _Nullable
../subprojects/VulkanMemoryAllocator/include/vk_mem_alloc.h:4988:13: note: insert '_Nonnull' if the pointer should never be null
 4988 |     ItemType* PushFront();
      |             ^
      |               _Nonnull
../subprojects/VulkanMemoryAllocator/include/vk_mem_alloc.h:4989:13: warning: pointer is missing a nullability type specifier (_Nonnull, _Nullable, or _Null_unspecified) [-Wnullability-completeness]
 4989 |     ItemType* PushBack();
      |             ^
../subprojects/VulkanMemoryAllocator/include/vk_mem_alloc.h:4989:13: note: insert '_Nullable' if the pointer may be null
 4989 |     ItemType* PushBack();
      |             ^
      |               _Nullable
../subprojects/VulkanMemoryAllocator/include/vk_mem_alloc.h:4989:13: note: insert '_Nonnull' if the pointer should never be null
 4989 |     ItemType* PushBack();
      |             ^
      |               _Nonnull
../subprojects/VulkanMemoryAllocator/include/vk_mem_alloc.h:4990:13: warning: pointer is missing a nullability type specifier (_Nonnull, _Nullable, or _Null_unspecified) [-Wnullability-completeness]
 4990 |     ItemType* PushFront(const T& value);
      |             ^
../subprojects/VulkanMemoryAllocator/include/vk_mem_alloc.h:4990:13: note: insert '_Nullable' if the pointer may be null
 4990 |     ItemType* PushFront(const T& value);
      |             ^
      |               _Nullable
../subprojects/VulkanMemoryAllocator/include/vk_mem_alloc.h:4990:13: note: insert '_Nonnull' if the pointer should never be null
 4990 |     ItemType* PushFront(const T& value);
      |             ^
      |               _Nonnull
../subprojects/VulkanMemoryAllocator/include/vk_mem_alloc.h:4991:13: warning: pointer is missing a nullability type specifier (_Nonnull, _Nullable, or _Null_unspecified) [-Wnullability-completeness]
 4991 |     ItemType* PushBack(const T& value);
      |             ^
../subprojects/VulkanMemoryAllocator/include/vk_mem_alloc.h:4991:13: note: insert '_Nullable' if the pointer may be null
 4991 |     ItemType* PushBack(const T& value);
      |             ^
      |               _Nullable
../subprojects/VulkanMemoryAllocator/include/vk_mem_alloc.h:4991:13: note: insert '_Nonnull' if the pointer should never be null
 4991 |     ItemType* PushBack(const T& value);
      |             ^
      |               _Nonnull
../subprojects/VulkanMemoryAllocator/include/vk_mem_alloc.h:4996:36: warning: pointer is missing a nullability type specifier (_Nonnull, _Nullable, or _Null_unspecified) [-Wnullability-completeness]
 4996 |     ItemType* InsertBefore(ItemType* pItem);
      |                                    ^
../subprojects/VulkanMemoryAllocator/include/vk_mem_alloc.h:4996:36: note: insert '_Nullable' if the pointer may be null
 4996 |     ItemType* InsertBefore(ItemType* pItem);
      |                                    ^
      |                                      _Nullable
../subprojects/VulkanMemoryAllocator/include/vk_mem_alloc.h:4996:36: note: insert '_Nonnull' if the pointer should never be null
 4996 |     ItemType* InsertBefore(ItemType* pItem);
      |                                    ^
      |                                      _Nonnull
../subprojects/VulkanMemoryAllocator/include/vk_mem_alloc.h:4996:13: warning: pointer is missing a nullability type specifier (_Nonnull, _Nullable, or _Null_unspecified) [-Wnullability-completeness]
 4996 |     ItemType* InsertBefore(ItemType* pItem);
      |             ^
../subprojects/VulkanMemoryAllocator/include/vk_mem_alloc.h:4996:13: note: insert '_Nullable' if the pointer may be null
 4996 |     ItemType* InsertBefore(ItemType* pItem);
      |             ^
      |               _Nullable
../subprojects/VulkanMemoryAllocator/include/vk_mem_alloc.h:4996:13: note: insert '_Nonnull' if the pointer should never be null
 4996 |     ItemType* InsertBefore(ItemType* pItem);
      |             ^
      |               _Nonnull
../subprojects/VulkanMemoryAllocator/include/vk_mem_alloc.h:4998:35: warning: pointer is missing a nullability type specifier (_Nonnull, _Nullable, or _Null_unspecified) [-Wnullability-completeness]
 4998 |     ItemType* InsertAfter(ItemType* pItem);
      |                                   ^
../subprojects/VulkanMemoryAllocator/include/vk_mem_alloc.h:4998:35: note: insert '_Nullable' if the pointer may be null
 4998 |     ItemType* InsertAfter(ItemType* pItem);
      |                                   ^
      |                                     _Nullable
../subprojects/VulkanMemoryAllocator/include/vk_mem_alloc.h:4998:35: note: insert '_Nonnull' if the pointer should never be null
 4998 |     ItemType* InsertAfter(ItemType* pItem);
      |                                   ^
      |                                     _Nonnull
../subprojects/VulkanMemoryAllocator/include/vk_mem_alloc.h:4998:13: warning: pointer is missing a nullability type specifier (_Nonnull, _Nullable, or _Null_unspecified) [-Wnullability-completeness]
 4998 |     ItemType* InsertAfter(ItemType* pItem);
      |             ^
../subprojects/VulkanMemoryAllocator/include/vk_mem_alloc.h:4998:13: note: insert '_Nullable' if the pointer may be null
 4998 |     ItemType* InsertAfter(ItemType* pItem);
      |             ^
      |               _Nullable
../subprojects/VulkanMemoryAllocator/include/vk_mem_alloc.h:4998:13: note: insert '_Nonnull' if the pointer should never be null
 4998 |     ItemType* InsertAfter(ItemType* pItem);
      |             ^
      |               _Nonnull
../subprojects/VulkanMemoryAllocator/include/vk_mem_alloc.h:4999:36: warning: pointer is missing a nullability type specifier (_Nonnull, _Nullable, or _Null_unspecified) [-Wnullability-completeness]
 4999 |     ItemType* InsertBefore(ItemType* pItem, const T& value);
      |                                    ^
../subprojects/VulkanMemoryAllocator/include/vk_mem_alloc.h:4999:36: note: insert '_Nullable' if the pointer may be null
 4999 |     ItemType* InsertBefore(ItemType* pItem, const T& value);
      |                                    ^
      |                                      _Nullable
../subprojects/VulkanMemoryAllocator/include/vk_mem_alloc.h:4999:36: note: insert '_Nonnull' if the pointer should never be null
 4999 |     ItemType* InsertBefore(ItemType* pItem, const T& value);
      |                                    ^
      |                                      _Nonnull
../subprojects/VulkanMemoryAllocator/include/vk_mem_alloc.h:4999:13: warning: pointer is missing a nullability type specifier (_Nonnull, _Nullable, or _Null_unspecified) [-Wnullability-completeness]
 4999 |     ItemType* InsertBefore(ItemType* pItem, const T& value);
      |             ^
../subprojects/VulkanMemoryAllocator/include/vk_mem_alloc.h:4999:13: note: insert '_Nullable' if the pointer may be null
 4999 |     ItemType* InsertBefore(ItemType* pItem, const T& value);
      |             ^
      |               _Nullable
../subprojects/VulkanMemoryAllocator/include/vk_mem_alloc.h:4999:13: note: insert '_Nonnull' if the pointer should never be null
 4999 |     ItemType* InsertBefore(ItemType* pItem, const T& value);
      |             ^
      |               _Nonnull
../subprojects/VulkanMemoryAllocator/include/vk_mem_alloc.h:5000:35: warning: pointer is missing a nullability type specifier (_Nonnull, _Nullable, or _Null_unspecified) [-Wnullability-completeness]
 5000 |     ItemType* InsertAfter(ItemType* pItem, const T& value);
      |                                   ^
../subprojects/VulkanMemoryAllocator/include/vk_mem_alloc.h:5000:35: note: insert '_Nullable' if the pointer may be null
 5000 |     ItemType* InsertAfter(ItemType* pItem, const T& value);
      |                                   ^
      |                                     _Nullable
../subprojects/VulkanMemoryAllocator/include/vk_mem_alloc.h:5000:35: note: insert '_Nonnull' if the pointer should never be null
 5000 |     ItemType* InsertAfter(ItemType* pItem, const T& value);
      |                                   ^
      |                                     _Nonnull
../subprojects/VulkanMemoryAllocator/include/vk_mem_alloc.h:5000:13: warning: pointer is missing a nullability type specifier (_Nonnull, _Nullable, or _Null_unspecified) [-Wnullability-completeness]
 5000 |     ItemType* InsertAfter(ItemType* pItem, const T& value);
      |             ^
../subprojects/VulkanMemoryAllocator/include/vk_mem_alloc.h:5000:13: note: insert '_Nullable' if the pointer may be null
 5000 |     ItemType* InsertAfter(ItemType* pItem, const T& value);
      |             ^
      |               _Nullable
../subprojects/VulkanMemoryAllocator/include/vk_mem_alloc.h:5000:13: note: insert '_Nonnull' if the pointer should never be null
 5000 |     ItemType* InsertAfter(ItemType* pItem, const T& value);
      |             ^
      |               _Nonnull
../subprojects/VulkanMemoryAllocator/include/vk_mem_alloc.h:5003:25: warning: pointer is missing a nullability type specifier (_Nonnull, _Nullable, or _Null_unspecified) [-Wnullability-completeness]
 5003 |     void Remove(ItemType* pItem);
      |                         ^
../subprojects/VulkanMemoryAllocator/include/vk_mem_alloc.h:5003:25: note: insert '_Nullable' if the pointer may be null
 5003 |     void Remove(ItemType* pItem);
      |                         ^
      |                           _Nullable
../subprojects/VulkanMemoryAllocator/include/vk_mem_alloc.h:5003:25: note: insert '_Nonnull' if the pointer should never be null
 5003 |     void Remove(ItemType* pItem);
      |                         ^
      |                           _Nonnull
../subprojects/VulkanMemoryAllocator/include/vk_mem_alloc.h:5006:32: warning: pointer is missing a nullability type specifier (_Nonnull, _Nullable, or _Null_unspecified) [-Wnullability-completeness]
 5006 |     const VkAllocationCallbacks* const m_pAllocationCallbacks;
      |                                ^
../subprojects/VulkanMemoryAllocator/include/vk_mem_alloc.h:5006:32: note: insert '_Nullable' if the pointer may be null
 5006 |     const VkAllocationCallbacks* const m_pAllocationCallbacks;
      |                                ^
      |                                  _Nullable
../subprojects/VulkanMemoryAllocator/include/vk_mem_alloc.h:5006:32: note: insert '_Nonnull' if the pointer should never be null
 5006 |     const VkAllocationCallbacks* const m_pAllocationCallbacks;
      |                                ^
      |                                  _Nonnull
../subprojects/VulkanMemoryAllocator/include/vk_mem_alloc.h:5008:13: warning: pointer is missing a nullability type specifier (_Nonnull, _Nullable, or _Null_unspecified) [-Wnullability-completeness]
 5008 |     ItemType* m_pFront;
      |             ^
../subprojects/VulkanMemoryAllocator/include/vk_mem_alloc.h:5008:13: note: insert '_Nullable' if the pointer may be null
 5008 |     ItemType* m_pFront;
      |             ^
      |               _Nullable
../subprojects/VulkanMemoryAllocator/include/vk_mem_alloc.h:5008:13: note: insert '_Nonnull' if the pointer should never be null
 5008 |     ItemType* m_pFront;
      |             ^
      |               _Nonnull
../subprojects/VulkanMemoryAllocator/include/vk_mem_alloc.h:5009:13: warning: pointer is missing a nullability type specifier (_Nonnull, _Nullable, or _Null_unspecified) [-Wnullability-completeness]
 5009 |     ItemType* m_pBack;
      |             ^
../subprojects/VulkanMemoryAllocator/include/vk_mem_alloc.h:5009:13: note: insert '_Nullable' if the pointer may be null
 5009 |     ItemType* m_pBack;
      |             ^
      |               _Nullable
../subprojects/VulkanMemoryAllocator/include/vk_mem_alloc.h:5009:13: note: insert '_Nonnull' if the pointer should never be null
 5009 |     ItemType* m_pBack;
      |             ^
      |               _Nonnull
../subprojects/VulkanMemoryAllocator/include/vk_mem_alloc.h:5015:54: warning: pointer is missing a nullability type specifier (_Nonnull, _Nullable, or _Null_unspecified) [-Wnullability-completeness]
 5015 | VmaRawList<T>::VmaRawList(const VkAllocationCallbacks* pAllocationCallbacks)
      |                                                      ^
../subprojects/VulkanMemoryAllocator/include/vk_mem_alloc.h:5015:54: note: insert '_Nullable' if the pointer may be null
 5015 | VmaRawList<T>::VmaRawList(const VkAllocationCallbacks* pAllocationCallbacks)
      |                                                      ^
      |                                                        _Nullable
../subprojects/VulkanMemoryAllocator/include/vk_mem_alloc.h:5015:54: note: insert '_Nonnull' if the pointer should never be null
 5015 | VmaRawList<T>::VmaRawList(const VkAllocationCallbacks* pAllocationCallbacks)
      |                                                      ^
      |                                                        _Nonnull
../subprojects/VulkanMemoryAllocator/include/vk_mem_alloc.h:5023:15: warning: pointer is missing a nullability type specifier (_Nonnull, _Nullable, or _Null_unspecified) [-Wnullability-completeness]
 5023 | VmaListItem<T>* VmaRawList<T>::PushFront()
      |               ^
../subprojects/VulkanMemoryAllocator/include/vk_mem_alloc.h:5023:15: note: insert '_Nullable' if the pointer may be null
 5023 | VmaListItem<T>* VmaRawList<T>::PushFront()
      |               ^
      |                 _Nullable
../subprojects/VulkanMemoryAllocator/include/vk_mem_alloc.h:5023:15: note: insert '_Nonnull' if the pointer should never be null
 5023 | VmaListItem<T>* VmaRawList<T>::PushFront()
      |               ^
      |                 _Nonnull
../subprojects/VulkanMemoryAllocator/include/vk_mem_alloc.h:5045:15: warning: pointer is missing a nullability type specifier (_Nonnull, _Nullable, or _Null_unspecified) [-Wnullability-completeness]
 5045 | VmaListItem<T>* VmaRawList<T>::PushBack()
      |               ^
../subprojects/VulkanMemoryAllocator/include/vk_mem_alloc.h:5045:15: note: insert '_Nullable' if the pointer may be null
 5045 | VmaListItem<T>* VmaRawList<T>::PushBack()
      |               ^
      |                 _Nullable
../subprojects/VulkanMemoryAllocator/include/vk_mem_alloc.h:5045:15: note: insert '_Nonnull' if the pointer should never be null
 5045 | VmaListItem<T>* VmaRawList<T>::PushBack()
      |               ^
      |                 _Nonnull
../subprojects/VulkanMemoryAllocator/include/vk_mem_alloc.h:5067:15: warning: pointer is missing a nullability type specifier (_Nonnull, _Nullable, or _Null_unspecified) [-Wnullability-completeness]
 5067 | VmaListItem<T>* VmaRawList<T>::PushFront(const T& value)
      |               ^
../subprojects/VulkanMemoryAllocator/include/vk_mem_alloc.h:5067:15: note: insert '_Nullable' if the pointer may be null
 5067 | VmaListItem<T>* VmaRawList<T>::PushFront(const T& value)
      |               ^
      |                 _Nullable
../subprojects/VulkanMemoryAllocator/include/vk_mem_alloc.h:5067:15: note: insert '_Nonnull' if the pointer should never be null
 5067 | VmaListItem<T>* VmaRawList<T>::PushFront(const T& value)
      |               ^
      |                 _Nonnull
../subprojects/VulkanMemoryAllocator/include/vk_mem_alloc.h:5075:15: warning: pointer is missing a nullability type specifier (_Nonnull, _Nullable, or _Null_unspecified) [-Wnullability-completeness]
 5075 | VmaListItem<T>* VmaRawList<T>::PushBack(const T& value)
      |               ^
../subprojects/VulkanMemoryAllocator/include/vk_mem_alloc.h:5075:15: note: insert '_Nullable' if the pointer may be null
 5075 | VmaListItem<T>* VmaRawList<T>::PushBack(const T& value)
      |               ^
      |                 _Nullable
../subprojects/VulkanMemoryAllocator/include/vk_mem_alloc.h:5075:15: note: insert '_Nonnull' if the pointer should never be null
 5075 | VmaListItem<T>* VmaRawList<T>::PushBack(const T& value)
      |               ^
      |                 _Nonnull
../subprojects/VulkanMemoryAllocator/include/vk_mem_alloc.h:5131:36: warning: pointer is missing a nullability type specifier (_Nonnull, _Nullable, or _Null_unspecified) [-Wnullability-completeness]
 5131 | void VmaRawList<T>::Remove(ItemType* pItem)
      |                                    ^
../subprojects/VulkanMemoryAllocator/include/vk_mem_alloc.h:5131:36: note: insert '_Nullable' if the pointer may be null
 5131 | void VmaRawList<T>::Remove(ItemType* pItem)
      |                                    ^
      |                                      _Nullable
../subprojects/VulkanMemoryAllocator/include/vk_mem_alloc.h:5131:36: note: insert '_Nonnull' if the pointer should never be null
 5131 | void VmaRawList<T>::Remove(ItemType* pItem)
      |                                    ^
      |                                      _Nonnull
../subprojects/VulkanMemoryAllocator/include/vk_mem_alloc.h:5161:53: warning: pointer is missing a nullability type specifier (_Nonnull, _Nullable, or _Null_unspecified) [-Wnullability-completeness]
 5161 | VmaListItem<T>* VmaRawList<T>::InsertBefore(ItemType* pItem)
      |                                                     ^
../subprojects/VulkanMemoryAllocator/include/vk_mem_alloc.h:5161:53: note: insert '_Nullable' if the pointer may be null
 5161 | VmaListItem<T>* VmaRawList<T>::InsertBefore(ItemType* pItem)
      |                                                     ^
      |                                                       _Nullable
../subprojects/VulkanMemoryAllocator/include/vk_mem_alloc.h:5161:53: note: insert '_Nonnull' if the pointer should never be null
 5161 | VmaListItem<T>* VmaRawList<T>::InsertBefore(ItemType* pItem)
      |                                                     ^
      |                                                       _Nonnull
../subprojects/VulkanMemoryAllocator/include/vk_mem_alloc.h:5161:15: warning: pointer is missing a nullability type specifier (_Nonnull, _Nullable, or _Null_unspecified) [-Wnullability-completeness]
 5161 | VmaListItem<T>* VmaRawList<T>::InsertBefore(ItemType* pItem)
      |               ^
../subprojects/VulkanMemoryAllocator/include/vk_mem_alloc.h:5161:15: note: insert '_Nullable' if the pointer may be null
 5161 | VmaListItem<T>* VmaRawList<T>::InsertBefore(ItemType* pItem)
      |               ^
      |                 _Nullable
../subprojects/VulkanMemoryAllocator/include/vk_mem_alloc.h:5161:15: note: insert '_Nonnull' if the pointer should never be null
 5161 | VmaListItem<T>* VmaRawList<T>::InsertBefore(ItemType* pItem)
      |               ^
      |                 _Nonnull
../subprojects/VulkanMemoryAllocator/include/vk_mem_alloc.h:5186:52: warning: pointer is missing a nullability type specifier (_Nonnull, _Nullable, or _Null_unspecified) [-Wnullability-completeness]
 5186 | VmaListItem<T>* VmaRawList<T>::InsertAfter(ItemType* pItem)
      |                                                    ^
../subprojects/VulkanMemoryAllocator/include/vk_mem_alloc.h:5186:52: note: insert '_Nullable' if the pointer may be null
 5186 | VmaListItem<T>* VmaRawList<T>::InsertAfter(ItemType* pItem)
      |                                                    ^
      |                                                      _Nullable
../subprojects/VulkanMemoryAllocator/include/vk_mem_alloc.h:5186:52: note: insert '_Nonnull' if the pointer should never be null
 5186 | VmaListItem<T>* VmaRawList<T>::InsertAfter(ItemType* pItem)
      |                                                    ^
      |                                                      _Nonnull
../subprojects/VulkanMemoryAllocator/include/vk_mem_alloc.h:5186:15: warning: pointer is missing a nullability type specifier (_Nonnull, _Nullable, or _Null_unspecified) [-Wnullability-completeness]
 5186 | VmaListItem<T>* VmaRawList<T>::InsertAfter(ItemType* pItem)
      |               ^
../subprojects/VulkanMemoryAllocator/include/vk_mem_alloc.h:5186:15: note: insert '_Nullable' if the pointer may be null
 5186 | VmaListItem<T>* VmaRawList<T>::InsertAfter(ItemType* pItem)
      |               ^
      |                 _Nullable
../subprojects/VulkanMemoryAllocator/include/vk_mem_alloc.h:5186:15: note: insert '_Nonnull' if the pointer should never be null
 5186 | VmaListItem<T>* VmaRawList<T>::InsertAfter(ItemType* pItem)
      |               ^
      |                 _Nonnull
../subprojects/VulkanMemoryAllocator/include/vk_mem_alloc.h:5211:53: warning: pointer is missing a nullability type specifier (_Nonnull, _Nullable, or _Null_unspecified) [-Wnullability-completeness]
 5211 | VmaListItem<T>* VmaRawList<T>::InsertBefore(ItemType* pItem, const T& value)
      |                                                     ^
../subprojects/VulkanMemoryAllocator/include/vk_mem_alloc.h:5211:53: note: insert '_Nullable' if the pointer may be null
 5211 | VmaListItem<T>* VmaRawList<T>::InsertBefore(ItemType* pItem, const T& value)
      |                                                     ^
      |                                                       _Nullable
../subprojects/VulkanMemoryAllocator/include/vk_mem_alloc.h:5211:53: note: insert '_Nonnull' if the pointer should never be null
 5211 | VmaListItem<T>* VmaRawList<T>::InsertBefore(ItemType* pItem, const T& value)
      |                                                     ^
      |                                                       _Nonnull
../subprojects/VulkanMemoryAllocator/include/vk_mem_alloc.h:5211:15: warning: pointer is missing a nullability type specifier (_Nonnull, _Nullable, or _Null_unspecified) [-Wnullability-completeness]
 5211 | VmaListItem<T>* VmaRawList<T>::InsertBefore(ItemType* pItem, const T& value)
      |               ^
../subprojects/VulkanMemoryAllocator/include/vk_mem_alloc.h:5211:15: note: insert '_Nullable' if the pointer may be null
 5211 | VmaListItem<T>* VmaRawList<T>::InsertBefore(ItemType* pItem, const T& value)
      |               ^
      |                 _Nullable
../subprojects/VulkanMemoryAllocator/include/vk_mem_alloc.h:5211:15: note: insert '_Nonnull' if the pointer should never be null
 5211 | VmaListItem<T>* VmaRawList<T>::InsertBefore(ItemType* pItem, const T& value)
      |               ^
      |                 _Nonnull
../subprojects/VulkanMemoryAllocator/include/vk_mem_alloc.h:5219:52: warning: pointer is missing a nullability type specifier (_Nonnull, _Nullable, or _Null_unspecified) [-Wnullability-completeness]
 5219 | VmaListItem<T>* VmaRawList<T>::InsertAfter(ItemType* pItem, const T& value)
      |                                                    ^
../subprojects/VulkanMemoryAllocator/include/vk_mem_alloc.h:5219:52: note: insert '_Nullable' if the pointer may be null
 5219 | VmaListItem<T>* VmaRawList<T>::InsertAfter(ItemType* pItem, const T& value)
      |                                                    ^
      |                                                      _Nullable
../subprojects/VulkanMemoryAllocator/include/vk_mem_alloc.h:5219:52: note: insert '_Nonnull' if the pointer should never be null
 5219 | VmaListItem<T>* VmaRawList<T>::InsertAfter(ItemType* pItem, const T& value)
      |                                                    ^
      |                                                      _Nonnull
../subprojects/VulkanMemoryAllocator/include/vk_mem_alloc.h:5219:15: warning: pointer is missing a nullability type specifier (_Nonnull, _Nullable, or _Null_unspecified) [-Wnullability-completeness]
 5219 | VmaListItem<T>* VmaRawList<T>::InsertAfter(ItemType* pItem, const T& value)
      |               ^
../subprojects/VulkanMemoryAllocator/include/vk_mem_alloc.h:5219:15: note: insert '_Nullable' if the pointer may be null
 5219 | VmaListItem<T>* VmaRawList<T>::InsertAfter(ItemType* pItem, const T& value)
      |               ^
      |                 _Nullable
../subprojects/VulkanMemoryAllocator/include/vk_mem_alloc.h:5219:15: note: insert '_Nonnull' if the pointer should never be null
 5219 | VmaListItem<T>* VmaRawList<T>::InsertAfter(ItemType* pItem, const T& value)
      |               ^
      |                 _Nonnull
../subprojects/VulkanMemoryAllocator/include/vk_mem_alloc.h:5247:10: warning: pointer is missing a nullability type specifier (_Nonnull, _Nullable, or _Null_unspecified) [-Wnullability-completeness]
 5247 |         T* operator->() const { VMA_HEAVY_ASSERT(m_pItem != VMA_NULL); return &m_pItem->Value; }
      |          ^
../subprojects/VulkanMemoryAllocator/include/vk_mem_alloc.h:5247:10: note: insert '_Nullable' if the pointer may be null
 5247 |         T* operator->() const { VMA_HEAVY_ASSERT(m_pItem != VMA_NULL); return &m_pItem->Value; }
      |          ^
      |            _Nullable
../subprojects/VulkanMemoryAllocator/include/vk_mem_alloc.h:5247:10: note: insert '_Nonnull' if the pointer should never be null
 5247 |         T* operator->() const { VMA_HEAVY_ASSERT(m_pItem != VMA_NULL); return &m_pItem->Value; }
      |          ^
      |            _Nonnull
../subprojects/VulkanMemoryAllocator/include/vk_mem_alloc.h:5259:22: warning: pointer is missing a nullability type specifier (_Nonnull, _Nullable, or _Null_unspecified) [-Wnullability-completeness]
 5259 |         VmaRawList<T>* m_pList;
      |                      ^
../subprojects/VulkanMemoryAllocator/include/vk_mem_alloc.h:5259:22: note: insert '_Nullable' if the pointer may be null
 5259 |         VmaRawList<T>* m_pList;
      |                      ^
      |                        _Nullable
../subprojects/VulkanMemoryAllocator/include/vk_mem_alloc.h:5259:22: note: insert '_Nonnull' if the pointer should never be null
 5259 |         VmaRawList<T>* m_pList;
      |                      ^
      |                        _Nonnull
../subprojects/VulkanMemoryAllocator/include/vk_mem_alloc.h:5260:23: warning: pointer is missing a nullability type specifier (_Nonnull, _Nullable, or _Null_unspecified) [-Wnullability-completeness]
 5260 |         VmaListItem<T>* m_pItem;
      |                       ^
../subprojects/VulkanMemoryAllocator/include/vk_mem_alloc.h:5260:23: note: insert '_Nullable' if the pointer may be null
 5260 |         VmaListItem<T>* m_pItem;
      |                       ^
      |                         _Nullable
../subprojects/VulkanMemoryAllocator/include/vk_mem_alloc.h:5260:23: note: insert '_Nonnull' if the pointer should never be null
 5260 |         VmaListItem<T>* m_pItem;
      |                       ^
      |                         _Nonnull
../subprojects/VulkanMemoryAllocator/include/vk_mem_alloc.h:5262:31: warning: pointer is missing a nullability type specifier (_Nonnull, _Nullable, or _Null_unspecified) [-Wnullability-completeness]
 5262 |         iterator(VmaRawList<T>* pList, VmaListItem<T>* pItem) : m_pList(pList),  m_pItem(pItem) {}
      |                               ^
../subprojects/VulkanMemoryAllocator/include/vk_mem_alloc.h:5262:31: note: insert '_Nullable' if the pointer may be null
 5262 |         iterator(VmaRawList<T>* pList, VmaListItem<T>* pItem) : m_pList(pList),  m_pItem(pItem) {}
      |                               ^
      |                                 _Nullable
../subprojects/VulkanMemoryAllocator/include/vk_mem_alloc.h:5262:31: note: insert '_Nonnull' if the pointer should never be null
 5262 |         iterator(VmaRawList<T>* pList, VmaListItem<T>* pItem) : m_pList(pList),  m_pItem(pItem) {}
      |                               ^
      |                                 _Nonnull
../subprojects/VulkanMemoryAllocator/include/vk_mem_alloc.h:5262:54: warning: pointer is missing a nullability type specifier (_Nonnull, _Nullable, or _Null_unspecified) [-Wnullability-completeness]
 5262 |         iterator(VmaRawList<T>* pList, VmaListItem<T>* pItem) : m_pList(pList),  m_pItem(pItem) {}
      |                                                      ^
../subprojects/VulkanMemoryAllocator/include/vk_mem_alloc.h:5262:54: note: insert '_Nullable' if the pointer may be null
 5262 |         iterator(VmaRawList<T>* pList, VmaListItem<T>* pItem) : m_pList(pList),  m_pItem(pItem) {}
      |                                                      ^
      |                                                        _Nullable
../subprojects/VulkanMemoryAllocator/include/vk_mem_alloc.h:5262:54: note: insert '_Nonnull' if the pointer should never be null
 5262 |         iterator(VmaRawList<T>* pList, VmaListItem<T>* pItem) : m_pList(pList),  m_pItem(pItem) {}
      |                                                      ^
      |                                                        _Nonnull
../subprojects/VulkanMemoryAllocator/include/vk_mem_alloc.h:5273:10: warning: pointer is missing a nullability type specifier (_Nonnull, _Nullable, or _Null_unspecified) [-Wnullability-completeness]
 5273 |         T* operator->() const { VMA_HEAVY_ASSERT(m_pItem != VMA_NULL); return &m_pItem->Value; }
      |          ^
../subprojects/VulkanMemoryAllocator/include/vk_mem_alloc.h:5273:10: note: insert '_Nullable' if the pointer may be null
 5273 |         T* operator->() const { VMA_HEAVY_ASSERT(m_pItem != VMA_NULL); return &m_pItem->Value; }
      |          ^
      |            _Nullable
../subprojects/VulkanMemoryAllocator/include/vk_mem_alloc.h:5273:10: note: insert '_Nonnull' if the pointer should never be null
 5273 |         T* operator->() const { VMA_HEAVY_ASSERT(m_pItem != VMA_NULL); return &m_pItem->Value; }
      |          ^
      |            _Nonnull
../subprojects/VulkanMemoryAllocator/include/vk_mem_alloc.h:5285:22: warning: pointer is missing a nullability type specifier (_Nonnull, _Nullable, or _Null_unspecified) [-Wnullability-completeness]
 5285 |         VmaRawList<T>* m_pList;
      |                      ^
../subprojects/VulkanMemoryAllocator/include/vk_mem_alloc.h:5285:22: note: insert '_Nullable' if the pointer may be null
 5285 |         VmaRawList<T>* m_pList;
      |                      ^
      |                        _Nullable
../subprojects/VulkanMemoryAllocator/include/vk_mem_alloc.h:5285:22: note: insert '_Nonnull' if the pointer should never be null
 5285 |         VmaRawList<T>* m_pList;
      |                      ^
      |                        _Nonnull
../subprojects/VulkanMemoryAllocator/include/vk_mem_alloc.h:5286:23: warning: pointer is missing a nullability type specifier (_Nonnull, _Nullable, or _Null_unspecified) [-Wnullability-completeness]
 5286 |         VmaListItem<T>* m_pItem;
      |                       ^
../subprojects/VulkanMemoryAllocator/include/vk_mem_alloc.h:5286:23: note: insert '_Nullable' if the pointer may be null
 5286 |         VmaListItem<T>* m_pItem;
      |                       ^
      |                         _Nullable
../subprojects/VulkanMemoryAllocator/include/vk_mem_alloc.h:5286:23: note: insert '_Nonnull' if the pointer should never be null
 5286 |         VmaListItem<T>* m_pItem;
      |                       ^
      |                         _Nonnull
../subprojects/VulkanMemoryAllocator/include/vk_mem_alloc.h:5288:39: warning: pointer is missing a nullability type specifier (_Nonnull, _Nullable, or _Null_unspecified) [-Wnullability-completeness]
 5288 |         reverse_iterator(VmaRawList<T>* pList, VmaListItem<T>* pItem) : m_pList(pList),  m_pItem(pItem) {}
      |                                       ^
../subprojects/VulkanMemoryAllocator/include/vk_mem_alloc.h:5288:39: note: insert '_Nullable' if the pointer may be null
 5288 |         reverse_iterator(VmaRawList<T>* pList, VmaListItem<T>* pItem) : m_pList(pList),  m_pItem(pItem) {}
      |                                       ^
      |                                         _Nullable
../subprojects/VulkanMemoryAllocator/include/vk_mem_alloc.h:5288:39: note: insert '_Nonnull' if the pointer should never be null
 5288 |         reverse_iterator(VmaRawList<T>* pList, VmaListItem<T>* pItem) : m_pList(pList),  m_pItem(pItem) {}
      |                                       ^
      |                                         _Nonnull
../subprojects/VulkanMemoryAllocator/include/vk_mem_alloc.h:5288:62: warning: pointer is missing a nullability type specifier (_Nonnull, _Nullable, or _Null_unspecified) [-Wnullability-completeness]
 5288 |         reverse_iterator(VmaRawList<T>* pList, VmaListItem<T>* pItem) : m_pList(pList),  m_pItem(pItem) {}
      |                                                              ^
../subprojects/VulkanMemoryAllocator/include/vk_mem_alloc.h:5288:62: note: insert '_Nullable' if the pointer may be null
 5288 |         reverse_iterator(VmaRawList<T>* pList, VmaListItem<T>* pItem) : m_pList(pList),  m_pItem(pItem) {}
      |                                                              ^
      |                                                                _Nullable
../subprojects/VulkanMemoryAllocator/include/vk_mem_alloc.h:5288:62: note: insert '_Nonnull' if the pointer should never be null
 5288 |         reverse_iterator(VmaRawList<T>* pList, VmaListItem<T>* pItem) : m_pList(pList),  m_pItem(pItem) {}
      |                                                              ^
      |                                                                _Nonnull
../subprojects/VulkanMemoryAllocator/include/vk_mem_alloc.h:5301:16: warning: pointer is missing a nullability type specifier (_Nonnull, _Nullable, or _Null_unspecified) [-Wnullability-completeness]
 5301 |         const T* operator->() const { VMA_HEAVY_ASSERT(m_pItem != VMA_NULL); return &m_pItem->Value; }
      |                ^
../subprojects/VulkanMemoryAllocator/include/vk_mem_alloc.h:5301:16: note: insert '_Nullable' if the pointer may be null
 5301 |         const T* operator->() const { VMA_HEAVY_ASSERT(m_pItem != VMA_NULL); return &m_pItem->Value; }
      |                ^
      |                  _Nullable
../subprojects/VulkanMemoryAllocator/include/vk_mem_alloc.h:5301:16: note: insert '_Nonnull' if the pointer should never be null
 5301 |         const T* operator->() const { VMA_HEAVY_ASSERT(m_pItem != VMA_NULL); return &m_pItem->Value; }
      |                ^
      |                  _Nonnull
../subprojects/VulkanMemoryAllocator/include/vk_mem_alloc.h:5313:28: warning: pointer is missing a nullability type specifier (_Nonnull, _Nullable, or _Null_unspecified) [-Wnullability-completeness]
 5313 |         const VmaRawList<T>* m_pList;
      |                            ^
../subprojects/VulkanMemoryAllocator/include/vk_mem_alloc.h:5313:28: note: insert '_Nullable' if the pointer may be null
 5313 |         const VmaRawList<T>* m_pList;
      |                            ^
      |                              _Nullable
../subprojects/VulkanMemoryAllocator/include/vk_mem_alloc.h:5313:28: note: insert '_Nonnull' if the pointer should never be null
 5313 |         const VmaRawList<T>* m_pList;
      |                            ^
      |                              _Nonnull
../subprojects/VulkanMemoryAllocator/include/vk_mem_alloc.h:5314:29: warning: pointer is missing a nullability type specifier (_Nonnull, _Nullable, or _Null_unspecified) [-Wnullability-completeness]
 5314 |         const VmaListItem<T>* m_pItem;
      |                             ^
../subprojects/VulkanMemoryAllocator/include/vk_mem_alloc.h:5314:29: note: insert '_Nullable' if the pointer may be null
 5314 |         const VmaListItem<T>* m_pItem;
      |                             ^
      |                               _Nullable
../subprojects/VulkanMemoryAllocator/include/vk_mem_alloc.h:5314:29: note: insert '_Nonnull' if the pointer should never be null
 5314 |         const VmaListItem<T>* m_pItem;
      |                             ^
      |                               _Nonnull
../subprojects/VulkanMemoryAllocator/include/vk_mem_alloc.h:5316:43: warning: pointer is missing a nullability type specifier (_Nonnull, _Nullable, or _Null_unspecified) [-Wnullability-completeness]
 5316 |         const_iterator(const VmaRawList<T>* pList, const VmaListItem<T>* pItem) : m_pList(pList), m_pItem(pItem) {}
      |                                           ^
../subprojects/VulkanMemoryAllocator/include/vk_mem_alloc.h:5316:43: note: insert '_Nullable' if the pointer may be null
 5316 |         const_iterator(const VmaRawList<T>* pList, const VmaListItem<T>* pItem) : m_pList(pList), m_pItem(pItem) {}
      |                                           ^
      |                                             _Nullable
../subprojects/VulkanMemoryAllocator/include/vk_mem_alloc.h:5316:43: note: insert '_Nonnull' if the pointer should never be null
 5316 |         const_iterator(const VmaRawList<T>* pList, const VmaListItem<T>* pItem) : m_pList(pList), m_pItem(pItem) {}
      |                                           ^
      |                                             _Nonnull
../subprojects/VulkanMemoryAllocator/include/vk_mem_alloc.h:5316:72: warning: pointer is missing a nullability type specifier (_Nonnull, _Nullable, or _Null_unspecified) [-Wnullability-completeness]
 5316 |         const_iterator(const VmaRawList<T>* pList, const VmaListItem<T>* pItem) : m_pList(pList), m_pItem(pItem) {}
      |                                                                        ^
../subprojects/VulkanMemoryAllocator/include/vk_mem_alloc.h:5316:72: note: insert '_Nullable' if the pointer may be null
 5316 |         const_iterator(const VmaRawList<T>* pList, const VmaListItem<T>* pItem) : m_pList(pList), m_pItem(pItem) {}
      |                                                                        ^
      |                                                                          _Nullable
../subprojects/VulkanMemoryAllocator/include/vk_mem_alloc.h:5316:72: note: insert '_Nonnull' if the pointer should never be null
 5316 |         const_iterator(const VmaRawList<T>* pList, const VmaListItem<T>* pItem) : m_pList(pList), m_pItem(pItem) {}
      |                                                                        ^
      |                                                                          _Nonnull
../subprojects/VulkanMemoryAllocator/include/vk_mem_alloc.h:5329:16: warning: pointer is missing a nullability type specifier (_Nonnull, _Nullable, or _Null_unspecified) [-Wnullability-completeness]
 5329 |         const T* operator->() const { VMA_HEAVY_ASSERT(m_pItem != VMA_NULL); return &m_pItem->Value; }
      |                ^
../subprojects/VulkanMemoryAllocator/include/vk_mem_alloc.h:5329:16: note: insert '_Nullable' if the pointer may be null
 5329 |         const T* operator->() const { VMA_HEAVY_ASSERT(m_pItem != VMA_NULL); return &m_pItem->Value; }
      |                ^
      |                  _Nullable
../subprojects/VulkanMemoryAllocator/include/vk_mem_alloc.h:5329:16: note: insert '_Nonnull' if the pointer should never be null
 5329 |         const T* operator->() const { VMA_HEAVY_ASSERT(m_pItem != VMA_NULL); return &m_pItem->Value; }
      |                ^
      |                  _Nonnull
../subprojects/VulkanMemoryAllocator/include/vk_mem_alloc.h:5341:28: warning: pointer is missing a nullability type specifier (_Nonnull, _Nullable, or _Null_unspecified) [-Wnullability-completeness]
 5341 |         const VmaRawList<T>* m_pList;
      |                            ^
../subprojects/VulkanMemoryAllocator/include/vk_mem_alloc.h:5341:28: note: insert '_Nullable' if the pointer may be null
 5341 |         const VmaRawList<T>* m_pList;
      |                            ^
      |                              _Nullable
../subprojects/VulkanMemoryAllocator/include/vk_mem_alloc.h:5341:28: note: insert '_Nonnull' if the pointer should never be null
 5341 |         const VmaRawList<T>* m_pList;
      |                            ^
      |                              _Nonnull
../subprojects/VulkanMemoryAllocator/include/vk_mem_alloc.h:5342:29: warning: pointer is missing a nullability type specifier (_Nonnull, _Nullable, or _Null_unspecified) [-Wnullability-completeness]
 5342 |         const VmaListItem<T>* m_pItem;
      |                             ^
../subprojects/VulkanMemoryAllocator/include/vk_mem_alloc.h:5342:29: note: insert '_Nullable' if the pointer may be null
 5342 |         const VmaListItem<T>* m_pItem;
      |                             ^
      |                               _Nullable
../subprojects/VulkanMemoryAllocator/include/vk_mem_alloc.h:5342:29: note: insert '_Nonnull' if the pointer should never be null
 5342 |         const VmaListItem<T>* m_pItem;
      |                             ^
      |                               _Nonnull
../subprojects/VulkanMemoryAllocator/include/vk_mem_alloc.h:5344:51: warning: pointer is missing a nullability type specifier (_Nonnull, _Nullable, or _Null_unspecified) [-Wnullability-completeness]
 5344 |         const_reverse_iterator(const VmaRawList<T>* pList, const VmaListItem<T>* pItem) : m_pList(pList), m_pItem(pItem) {}
      |                                                   ^
../subprojects/VulkanMemoryAllocator/include/vk_mem_alloc.h:5344:51: note: insert '_Nullable' if the pointer may be null
 5344 |         const_reverse_iterator(const VmaRawList<T>* pList, const VmaListItem<T>* pItem) : m_pList(pList), m_pItem(pItem) {}
      |                                                   ^
      |                                                     _Nullable
../subprojects/VulkanMemoryAllocator/include/vk_mem_alloc.h:5344:51: note: insert '_Nonnull' if the pointer should never be null
 5344 |         const_reverse_iterator(const VmaRawList<T>* pList, const VmaListItem<T>* pItem) : m_pList(pList), m_pItem(pItem) {}
      |                                                   ^
      |                                                     _Nonnull
../subprojects/VulkanMemoryAllocator/include/vk_mem_alloc.h:5344:80: warning: pointer is missing a nullability type specifier (_Nonnull, _Nullable, or _Null_unspecified) [-Wnullability-completeness]
 5344 |         const_reverse_iterator(const VmaRawList<T>* pList, const VmaListItem<T>* pItem) : m_pList(pList), m_pItem(pItem) {}
      |                                                                                ^
../subprojects/VulkanMemoryAllocator/include/vk_mem_alloc.h:5344:80: note: insert '_Nullable' if the pointer may be null
 5344 |         const_reverse_iterator(const VmaRawList<T>* pList, const VmaListItem<T>* pItem) : m_pList(pList), m_pItem(pItem) {}
      |                                                                                ^
      |                                                                                  _Nullable
../subprojects/VulkanMemoryAllocator/include/vk_mem_alloc.h:5344:80: note: insert '_Nonnull' if the pointer should never be null
 5344 |         const_reverse_iterator(const VmaRawList<T>* pList, const VmaListItem<T>* pItem) : m_pList(pList), m_pItem(pItem) {}
      |                                                                                ^
      |                                                                                  _Nonnull
../subprojects/VulkanMemoryAllocator/include/vk_mem_alloc.h:5460:44: warning: pointer is missing a nullability type specifier (_Nonnull, _Nullable, or _Null_unspecified) [-Wnullability-completeness]
 5460 |     static ItemType* GetPrev(const ItemType* item) { return ItemTypeTraits::GetPrev(item); }
      |                                            ^
../subprojects/VulkanMemoryAllocator/include/vk_mem_alloc.h:5460:44: note: insert '_Nullable' if the pointer may be null
 5460 |     static ItemType* GetPrev(const ItemType* item) { return ItemTypeTraits::GetPrev(item); }
      |                                            ^
      |                                              _Nullable
../subprojects/VulkanMemoryAllocator/include/vk_mem_alloc.h:5460:44: note: insert '_Nonnull' if the pointer should never be null
 5460 |     static ItemType* GetPrev(const ItemType* item) { return ItemTypeTraits::GetPrev(item); }
      |                                            ^
      |                                              _Nonnull
../subprojects/VulkanMemoryAllocator/include/vk_mem_alloc.h:5460:20: warning: pointer is missing a nullability type specifier (_Nonnull, _Nullable, or _Null_unspecified) [-Wnullability-completeness]
 5460 |     static ItemType* GetPrev(const ItemType* item) { return ItemTypeTraits::GetPrev(item); }
      |                    ^
../subprojects/VulkanMemoryAllocator/include/vk_mem_alloc.h:5460:20: note: insert '_Nullable' if the pointer may be null
 5460 |     static ItemType* GetPrev(const ItemType* item) { return ItemTypeTraits::GetPrev(item); }
      |                    ^
      |                      _Nullable
../subprojects/VulkanMemoryAllocator/include/vk_mem_alloc.h:5460:20: note: insert '_Nonnull' if the pointer should never be null
 5460 |     static ItemType* GetPrev(const ItemType* item) { return ItemTypeTraits::GetPrev(item); }
      |                    ^
      |                      _Nonnull
../subprojects/VulkanMemoryAllocator/include/vk_mem_alloc.h:5461:44: warning: pointer is missing a nullability type specifier (_Nonnull, _Nullable, or _Null_unspecified) [-Wnullability-completeness]
 5461 |     static ItemType* GetNext(const ItemType* item) { return ItemTypeTraits::GetNext(item); }
      |                                            ^
../subprojects/VulkanMemoryAllocator/include/vk_mem_alloc.h:5461:44: note: insert '_Nullable' if the pointer may be null
 5461 |     static ItemType* GetNext(const ItemType* item) { return ItemTypeTraits::GetNext(item); }
      |                                            ^
      |                                              _Nullable
../subprojects/VulkanMemoryAllocator/include/vk_mem_alloc.h:5461:44: note: insert '_Nonnull' if the pointer should never be null
 5461 |     static ItemType* GetNext(const ItemType* item) { return ItemTypeTraits::GetNext(item); }
      |                                            ^
      |                                              _Nonnull
../subprojects/VulkanMemoryAllocator/include/vk_mem_alloc.h:5461:20: warning: pointer is missing a nullability type specifier (_Nonnull, _Nullable, or _Null_unspecified) [-Wnullability-completeness]
 5461 |     static ItemType* GetNext(const ItemType* item) { return ItemTypeTraits::GetNext(item); }
      |                    ^
../subprojects/VulkanMemoryAllocator/include/vk_mem_alloc.h:5461:20: note: insert '_Nullable' if the pointer may be null
 5461 |     static ItemType* GetNext(const ItemType* item) { return ItemTypeTraits::GetNext(item); }
      |                    ^
      |                      _Nullable
../subprojects/VulkanMemoryAllocator/include/vk_mem_alloc.h:5461:20: note: insert '_Nonnull' if the pointer should never be null
 5461 |     static ItemType* GetNext(const ItemType* item) { return ItemTypeTraits::GetNext(item); }
      |                    ^
      |                      _Nonnull
../subprojects/VulkanMemoryAllocator/include/vk_mem_alloc.h:5473:13: warning: pointer is missing a nullability type specifier (_Nonnull, _Nullable, or _Null_unspecified) [-Wnullability-completeness]
 5473 |     ItemType* Front() { return m_Front; }
      |             ^
../subprojects/VulkanMemoryAllocator/include/vk_mem_alloc.h:5473:13: note: insert '_Nullable' if the pointer may be null
 5473 |     ItemType* Front() { return m_Front; }
      |             ^
      |               _Nullable
../subprojects/VulkanMemoryAllocator/include/vk_mem_alloc.h:5473:13: note: insert '_Nonnull' if the pointer should never be null
 5473 |     ItemType* Front() { return m_Front; }
      |             ^
      |               _Nonnull
../subprojects/VulkanMemoryAllocator/include/vk_mem_alloc.h:5474:13: warning: pointer is missing a nullability type specifier (_Nonnull, _Nullable, or _Null_unspecified) [-Wnullability-completeness]
 5474 |     ItemType* Back() { return m_Back; }
      |             ^
../subprojects/VulkanMemoryAllocator/include/vk_mem_alloc.h:5474:13: note: insert '_Nullable' if the pointer may be null
 5474 |     ItemType* Back() { return m_Back; }
      |             ^
      |               _Nullable
../subprojects/VulkanMemoryAllocator/include/vk_mem_alloc.h:5474:13: note: insert '_Nonnull' if the pointer should never be null
 5474 |     ItemType* Back() { return m_Back; }
      |             ^
      |               _Nonnull
../subprojects/VulkanMemoryAllocator/include/vk_mem_alloc.h:5475:19: warning: pointer is missing a nullability type specifier (_Nonnull, _Nullable, or _Null_unspecified) [-Wnullability-completeness]
 5475 |     const ItemType* Front() const { return m_Front; }
      |                   ^
../subprojects/VulkanMemoryAllocator/include/vk_mem_alloc.h:5475:19: note: insert '_Nullable' if the pointer may be null
 5475 |     const ItemType* Front() const { return m_Front; }
      |                   ^
      |                     _Nullable
../subprojects/VulkanMemoryAllocator/include/vk_mem_alloc.h:5475:19: note: insert '_Nonnull' if the pointer should never be null
 5475 |     const ItemType* Front() const { return m_Front; }
      |                   ^
      |                     _Nonnull
../subprojects/VulkanMemoryAllocator/include/vk_mem_alloc.h:5476:19: warning: pointer is missing a nullability type specifier (_Nonnull, _Nullable, or _Null_unspecified) [-Wnullability-completeness]
 5476 |     const ItemType* Back() const { return m_Back; }
      |                   ^
../subprojects/VulkanMemoryAllocator/include/vk_mem_alloc.h:5476:19: note: insert '_Nullable' if the pointer may be null
 5476 |     const ItemType* Back() const { return m_Back; }
      |                   ^
      |                     _Nullable
../subprojects/VulkanMemoryAllocator/include/vk_mem_alloc.h:5476:19: note: insert '_Nonnull' if the pointer should never be null
 5476 |     const ItemType* Back() const { return m_Back; }
      |                   ^
      |                     _Nonnull
../subprojects/VulkanMemoryAllocator/include/vk_mem_alloc.h:5478:27: warning: pointer is missing a nullability type specifier (_Nonnull, _Nullable, or _Null_unspecified) [-Wnullability-completeness]
 5478 |     void PushBack(ItemType* item);
      |                           ^
../subprojects/VulkanMemoryAllocator/include/vk_mem_alloc.h:5478:27: note: insert '_Nullable' if the pointer may be null
 5478 |     void PushBack(ItemType* item);
      |                           ^
      |                             _Nullable
../subprojects/VulkanMemoryAllocator/include/vk_mem_alloc.h:5478:27: note: insert '_Nonnull' if the pointer should never be null
 5478 |     void PushBack(ItemType* item);
      |                           ^
      |                             _Nonnull
../subprojects/VulkanMemoryAllocator/include/vk_mem_alloc.h:5479:28: warning: pointer is missing a nullability type specifier (_Nonnull, _Nullable, or _Null_unspecified) [-Wnullability-completeness]
 5479 |     void PushFront(ItemType* item);
      |                            ^
../subprojects/VulkanMemoryAllocator/include/vk_mem_alloc.h:5479:28: note: insert '_Nullable' if the pointer may be null
 5479 |     void PushFront(ItemType* item);
      |                            ^
      |                              _Nullable
../subprojects/VulkanMemoryAllocator/include/vk_mem_alloc.h:5479:28: note: insert '_Nonnull' if the pointer should never be null
 5479 |     void PushFront(ItemType* item);
      |                            ^
      |                              _Nonnull
../subprojects/VulkanMemoryAllocator/include/vk_mem_alloc.h:5480:13: warning: pointer is missing a nullability type specifier (_Nonnull, _Nullable, or _Null_unspecified) [-Wnullability-completeness]
 5480 |     ItemType* PopBack();
      |             ^
../subprojects/VulkanMemoryAllocator/include/vk_mem_alloc.h:5480:13: note: insert '_Nullable' if the pointer may be null
 5480 |     ItemType* PopBack();
      |             ^
      |               _Nullable
../subprojects/VulkanMemoryAllocator/include/vk_mem_alloc.h:5480:13: note: insert '_Nonnull' if the pointer should never be null
 5480 |     ItemType* PopBack();
      |             ^
      |               _Nonnull
../subprojects/VulkanMemoryAllocator/include/vk_mem_alloc.h:5481:13: warning: pointer is missing a nullability type specifier (_Nonnull, _Nullable, or _Null_unspecified) [-Wnullability-completeness]
 5481 |     ItemType* PopFront();
      |             ^
../subprojects/VulkanMemoryAllocator/include/vk_mem_alloc.h:5481:13: note: insert '_Nullable' if the pointer may be null
 5481 |     ItemType* PopFront();
      |             ^
      |               _Nullable
../subprojects/VulkanMemoryAllocator/include/vk_mem_alloc.h:5481:13: note: insert '_Nonnull' if the pointer should never be null
 5481 |     ItemType* PopFront();
      |             ^
      |               _Nonnull
../subprojects/VulkanMemoryAllocator/include/vk_mem_alloc.h:5484:31: warning: pointer is missing a nullability type specifier (_Nonnull, _Nullable, or _Null_unspecified) [-Wnullability-completeness]
 5484 |     void InsertBefore(ItemType* existingItem, ItemType* newItem);
      |                               ^
../subprojects/VulkanMemoryAllocator/include/vk_mem_alloc.h:5484:31: note: insert '_Nullable' if the pointer may be null
 5484 |     void InsertBefore(ItemType* existingItem, ItemType* newItem);
      |                               ^
      |                                 _Nullable
../subprojects/VulkanMemoryAllocator/include/vk_mem_alloc.h:5484:31: note: insert '_Nonnull' if the pointer should never be null
 5484 |     void InsertBefore(ItemType* existingItem, ItemType* newItem);
      |                               ^
      |                                 _Nonnull
../subprojects/VulkanMemoryAllocator/include/vk_mem_alloc.h:5484:55: warning: pointer is missing a nullability type specifier (_Nonnull, _Nullable, or _Null_unspecified) [-Wnullability-completeness]
 5484 |     void InsertBefore(ItemType* existingItem, ItemType* newItem);
      |                                                       ^
../subprojects/VulkanMemoryAllocator/include/vk_mem_alloc.h:5484:55: note: insert '_Nullable' if the pointer may be null
 5484 |     void InsertBefore(ItemType* existingItem, ItemType* newItem);
      |                                                       ^
      |                                                         _Nullable
../subprojects/VulkanMemoryAllocator/include/vk_mem_alloc.h:5484:55: note: insert '_Nonnull' if the pointer should never be null
 5484 |     void InsertBefore(ItemType* existingItem, ItemType* newItem);
      |                                                       ^
      |                                                         _Nonnull
../subprojects/VulkanMemoryAllocator/include/vk_mem_alloc.h:5486:30: warning: pointer is missing a nullability type specifier (_Nonnull, _Nullable, or _Null_unspecified) [-Wnullability-completeness]
 5486 |     void InsertAfter(ItemType* existingItem, ItemType* newItem);
      |                              ^
../subprojects/VulkanMemoryAllocator/include/vk_mem_alloc.h:5486:30: note: insert '_Nullable' if the pointer may be null
 5486 |     void InsertAfter(ItemType* existingItem, ItemType* newItem);
      |                              ^
      |                                _Nullable
../subprojects/VulkanMemoryAllocator/include/vk_mem_alloc.h:5486:30: note: insert '_Nonnull' if the pointer should never be null
 5486 |     void InsertAfter(ItemType* existingItem, ItemType* newItem);
      |                              ^
      |                                _Nonnull
../subprojects/VulkanMemoryAllocator/include/vk_mem_alloc.h:5486:54: warning: pointer is missing a nullability type specifier (_Nonnull, _Nullable, or _Null_unspecified) [-Wnullability-completeness]
 5486 |     void InsertAfter(ItemType* existingItem, ItemType* newItem);
      |                                                      ^
../subprojects/VulkanMemoryAllocator/include/vk_mem_alloc.h:5486:54: note: insert '_Nullable' if the pointer may be null
 5486 |     void InsertAfter(ItemType* existingItem, ItemType* newItem);
      |                                                      ^
      |                                                        _Nullable
../subprojects/VulkanMemoryAllocator/include/vk_mem_alloc.h:5486:54: note: insert '_Nonnull' if the pointer should never be null
 5486 |     void InsertAfter(ItemType* existingItem, ItemType* newItem);
      |                                                      ^
      |                                                        _Nonnull
../subprojects/VulkanMemoryAllocator/include/vk_mem_alloc.h:5487:25: warning: pointer is missing a nullability type specifier (_Nonnull, _Nullable, or _Null_unspecified) [-Wnullability-completeness]
 5487 |     void Remove(ItemType* item);
      |                         ^
../subprojects/VulkanMemoryAllocator/include/vk_mem_alloc.h:5487:25: note: insert '_Nullable' if the pointer may be null
 5487 |     void Remove(ItemType* item);
      |                         ^
      |                           _Nullable
../subprojects/VulkanMemoryAllocator/include/vk_mem_alloc.h:5487:25: note: insert '_Nonnull' if the pointer should never be null
 5487 |     void Remove(ItemType* item);
      |                         ^
      |                           _Nonnull
../subprojects/VulkanMemoryAllocator/include/vk_mem_alloc.h:5491:13: warning: pointer is missing a nullability type specifier (_Nonnull, _Nullable, or _Null_unspecified) [-Wnullability-completeness]
 5491 |     ItemType* m_Front = VMA_NULL;
      |             ^
../subprojects/VulkanMemoryAllocator/include/vk_mem_alloc.h:5491:13: note: insert '_Nullable' if the pointer may be null
 5491 |     ItemType* m_Front = VMA_NULL;
      |             ^
      |               _Nullable
../subprojects/VulkanMemoryAllocator/include/vk_mem_alloc.h:5491:13: note: insert '_Nonnull' if the pointer should never be null
 5491 |     ItemType* m_Front = VMA_NULL;
      |             ^
      |               _Nonnull
../subprojects/VulkanMemoryAllocator/include/vk_mem_alloc.h:5492:13: warning: pointer is missing a nullability type specifier (_Nonnull, _Nullable, or _Null_unspecified) [-Wnullability-completeness]
 5492 |     ItemType* m_Back = VMA_NULL;
      |             ^
../subprojects/VulkanMemoryAllocator/include/vk_mem_alloc.h:5492:13: note: insert '_Nullable' if the pointer may be null
 5492 |     ItemType* m_Back = VMA_NULL;
      |             ^
      |               _Nullable
../subprojects/VulkanMemoryAllocator/include/vk_mem_alloc.h:5492:13: note: insert '_Nonnull' if the pointer should never be null
 5492 |     ItemType* m_Back = VMA_NULL;
      |             ^
      |               _Nonnull
../subprojects/VulkanMemoryAllocator/include/vk_mem_alloc.h:5521:63: warning: pointer is missing a nullability type specifier (_Nonnull, _Nullable, or _Null_unspecified) [-Wnullability-completeness]
 5521 | void VmaIntrusiveLinkedList<ItemTypeTraits>::PushBack(ItemType* item)
      |                                                               ^
../subprojects/VulkanMemoryAllocator/include/vk_mem_alloc.h:5521:63: note: insert '_Nullable' if the pointer may be null
 5521 | void VmaIntrusiveLinkedList<ItemTypeTraits>::PushBack(ItemType* item)
      |                                                               ^
      |                                                                 _Nullable
../subprojects/VulkanMemoryAllocator/include/vk_mem_alloc.h:5521:63: note: insert '_Nonnull' if the pointer should never be null
 5521 | void VmaIntrusiveLinkedList<ItemTypeTraits>::PushBack(ItemType* item)
      |                                                               ^
      |                                                                 _Nonnull
../subprojects/VulkanMemoryAllocator/include/vk_mem_alloc.h:5540:64: warning: pointer is missing a nullability type specifier (_Nonnull, _Nullable, or _Null_unspecified) [-Wnullability-completeness]
 5540 | void VmaIntrusiveLinkedList<ItemTypeTraits>::PushFront(ItemType* item)
      |                                                                ^
../subprojects/VulkanMemoryAllocator/include/vk_mem_alloc.h:5540:64: note: insert '_Nullable' if the pointer may be null
 5540 | void VmaIntrusiveLinkedList<ItemTypeTraits>::PushFront(ItemType* item)
      |                                                                ^
      |                                                                  _Nullable
../subprojects/VulkanMemoryAllocator/include/vk_mem_alloc.h:5540:64: note: insert '_Nonnull' if the pointer should never be null
 5540 | void VmaIntrusiveLinkedList<ItemTypeTraits>::PushFront(ItemType* item)
      |                                                                ^
      |                                                                  _Nonnull
../subprojects/VulkanMemoryAllocator/include/vk_mem_alloc.h:5559:58: warning: pointer is missing a nullability type specifier (_Nonnull, _Nullable, or _Null_unspecified) [-Wnullability-completeness]
 5559 | typename VmaIntrusiveLinkedList<ItemTypeTraits>::ItemType* VmaIntrusiveLinkedList<ItemTypeTraits>::PopBack()
      |                                                          ^
../subprojects/VulkanMemoryAllocator/include/vk_mem_alloc.h:5559:58: note: insert '_Nullable' if the pointer may be null
 5559 | typename VmaIntrusiveLinkedList<ItemTypeTraits>::ItemType* VmaIntrusiveLinkedList<ItemTypeTraits>::PopBack()
      |                                                          ^
      |                                                            _Nullable
../subprojects/VulkanMemoryAllocator/include/vk_mem_alloc.h:5559:58: note: insert '_Nonnull' if the pointer should never be null
 5559 | typename VmaIntrusiveLinkedList<ItemTypeTraits>::ItemType* VmaIntrusiveLinkedList<ItemTypeTraits>::PopBack()
      |                                                          ^
      |                                                            _Nonnull
../subprojects/VulkanMemoryAllocator/include/vk_mem_alloc.h:5576:58: warning: pointer is missing a nullability type specifier (_Nonnull, _Nullable, or _Null_unspecified) [-Wnullability-completeness]
 5576 | typename VmaIntrusiveLinkedList<ItemTypeTraits>::ItemType* VmaIntrusiveLinkedList<ItemTypeTraits>::PopFront()
      |                                                          ^
../subprojects/VulkanMemoryAllocator/include/vk_mem_alloc.h:5576:58: note: insert '_Nullable' if the pointer may be null
 5576 | typename VmaIntrusiveLinkedList<ItemTypeTraits>::ItemType* VmaIntrusiveLinkedList<ItemTypeTraits>::PopFront()
      |                                                          ^
      |                                                            _Nullable
../subprojects/VulkanMemoryAllocator/include/vk_mem_alloc.h:5576:58: note: insert '_Nonnull' if the pointer should never be null
 5576 | typename VmaIntrusiveLinkedList<ItemTypeTraits>::ItemType* VmaIntrusiveLinkedList<ItemTypeTraits>::PopFront()
      |                                                          ^
      |                                                            _Nonnull
../subprojects/VulkanMemoryAllocator/include/vk_mem_alloc.h:5593:67: warning: pointer is missing a nullability type specifier (_Nonnull, _Nullable, or _Null_unspecified) [-Wnullability-completeness]
 5593 | void VmaIntrusiveLinkedList<ItemTypeTraits>::InsertBefore(ItemType* existingItem, ItemType* newItem)
      |                                                                   ^
../subprojects/VulkanMemoryAllocator/include/vk_mem_alloc.h:5593:67: note: insert '_Nullable' if the pointer may be null
 5593 | void VmaIntrusiveLinkedList<ItemTypeTraits>::InsertBefore(ItemType* existingItem, ItemType* newItem)
      |                                                                   ^
      |                                                                     _Nullable
../subprojects/VulkanMemoryAllocator/include/vk_mem_alloc.h:5593:67: note: insert '_Nonnull' if the pointer should never be null
 5593 | void VmaIntrusiveLinkedList<ItemTypeTraits>::InsertBefore(ItemType* existingItem, ItemType* newItem)
      |                                                                   ^
      |                                                                     _Nonnull
../subprojects/VulkanMemoryAllocator/include/vk_mem_alloc.h:5593:91: warning: pointer is missing a nullability type specifier (_Nonnull, _Nullable, or _Null_unspecified) [-Wnullability-completeness]
 5593 | void VmaIntrusiveLinkedList<ItemTypeTraits>::InsertBefore(ItemType* existingItem, ItemType* newItem)
      |                                                                                           ^
../subprojects/VulkanMemoryAllocator/include/vk_mem_alloc.h:5593:91: note: insert '_Nullable' if the pointer may be null
 5593 | void VmaIntrusiveLinkedList<ItemTypeTraits>::InsertBefore(ItemType* existingItem, ItemType* newItem)
      |                                                                                           ^
      |                                                                                             _Nullable
../subprojects/VulkanMemoryAllocator/include/vk_mem_alloc.h:5593:91: note: insert '_Nonnull' if the pointer should never be null
 5593 | void VmaIntrusiveLinkedList<ItemTypeTraits>::InsertBefore(ItemType* existingItem, ItemType* newItem)
      |                                                                                           ^
      |                                                                                             _Nonnull
../subprojects/VulkanMemoryAllocator/include/vk_mem_alloc.h:5618:66: warning: pointer is missing a nullability type specifier (_Nonnull, _Nullable, or _Null_unspecified) [-Wnullability-completeness]
 5618 | void VmaIntrusiveLinkedList<ItemTypeTraits>::InsertAfter(ItemType* existingItem, ItemType* newItem)
      |                                                                  ^
../subprojects/VulkanMemoryAllocator/include/vk_mem_alloc.h:5618:66: note: insert '_Nullable' if the pointer may be null
 5618 | void VmaIntrusiveLinkedList<ItemTypeTraits>::InsertAfter(ItemType* existingItem, ItemType* newItem)
      |                                                                  ^
      |                                                                    _Nullable
../subprojects/VulkanMemoryAllocator/include/vk_mem_alloc.h:5618:66: note: insert '_Nonnull' if the pointer should never be null
 5618 | void VmaIntrusiveLinkedList<ItemTypeTraits>::InsertAfter(ItemType* existingItem, ItemType* newItem)
      |                                                                  ^
      |                                                                    _Nonnull
../subprojects/VulkanMemoryAllocator/include/vk_mem_alloc.h:5618:90: warning: pointer is missing a nullability type specifier (_Nonnull, _Nullable, or _Null_unspecified) [-Wnullability-completeness]
 5618 | void VmaIntrusiveLinkedList<ItemTypeTraits>::InsertAfter(ItemType* existingItem, ItemType* newItem)
      |                                                                                          ^
../subprojects/VulkanMemoryAllocator/include/vk_mem_alloc.h:5618:90: note: insert '_Nullable' if the pointer may be null
 5618 | void VmaIntrusiveLinkedList<ItemTypeTraits>::InsertAfter(ItemType* existingItem, ItemType* newItem)
      |                                                                                          ^
      |                                                                                            _Nullable
../subprojects/VulkanMemoryAllocator/include/vk_mem_alloc.h:5618:90: note: insert '_Nonnull' if the pointer should never be null
 5618 | void VmaIntrusiveLinkedList<ItemTypeTraits>::InsertAfter(ItemType* existingItem, ItemType* newItem)
      |                                                                                          ^
      |                                                                                            _Nonnull
../subprojects/VulkanMemoryAllocator/include/vk_mem_alloc.h:5643:61: warning: pointer is missing a nullability type specifier (_Nonnull, _Nullable, or _Null_unspecified) [-Wnullability-completeness]
 5643 | void VmaIntrusiveLinkedList<ItemTypeTraits>::Remove(ItemType* item)
      |                                                             ^
../subprojects/VulkanMemoryAllocator/include/vk_mem_alloc.h:5643:61: note: insert '_Nullable' if the pointer may be null
 5643 | void VmaIntrusiveLinkedList<ItemTypeTraits>::Remove(ItemType* item)
      |                                                             ^
      |                                                               _Nullable
../subprojects/VulkanMemoryAllocator/include/vk_mem_alloc.h:5643:61: note: insert '_Nonnull' if the pointer should never be null
 5643 | void VmaIntrusiveLinkedList<ItemTypeTraits>::Remove(ItemType* item)
      |                                                             ^
      |                                                               _Nonnull
../subprojects/VulkanMemoryAllocator/include/vk_mem_alloc.h:5695:58: warning: pointer is missing a nullability type specifier (_Nonnull, _Nullable, or _Null_unspecified) [-Wnullability-completeness]
 5695 |     explicit VmaStringBuilder(const VkAllocationCallbacks* allocationCallbacks) : m_Data(VmaStlAllocator<char>(allocationCallbacks)) {}
      |                                                          ^
../subprojects/VulkanMemoryAllocator/include/vk_mem_alloc.h:5695:58: note: insert '_Nullable' if the pointer may be null
 5695 |     explicit VmaStringBuilder(const VkAllocationCallbacks* allocationCallbacks) : m_Data(VmaStlAllocator<char>(allocationCallbacks)) {}
      |                                                          ^
      |                                                            _Nullable
../subprojects/VulkanMemoryAllocator/include/vk_mem_alloc.h:5695:58: note: insert '_Nonnull' if the pointer should never be null
 5695 |     explicit VmaStringBuilder(const VkAllocationCallbacks* allocationCallbacks) : m_Data(VmaStlAllocator<char>(allocationCallbacks)) {}
      |                                                          ^
      |                                                            _Nonnull
../subprojects/VulkanMemoryAllocator/include/vk_mem_alloc.h:5700:15: warning: pointer is missing a nullability type specifier (_Nonnull, _Nullable, or _Null_unspecified) [-Wnullability-completeness]
 5700 |     const char* GetData() const { return m_Data.data(); }
      |               ^
../subprojects/VulkanMemoryAllocator/include/vk_mem_alloc.h:5700:15: note: insert '_Nullable' if the pointer may be null
 5700 |     const char* GetData() const { return m_Data.data(); }
      |               ^
      |                 _Nullable
../subprojects/VulkanMemoryAllocator/include/vk_mem_alloc.h:5700:15: note: insert '_Nonnull' if the pointer should never be null
 5700 |     const char* GetData() const { return m_Data.data(); }
      |               ^
      |                 _Nonnull
../subprojects/VulkanMemoryAllocator/include/vk_mem_alloc.h:5704:24: warning: pointer is missing a nullability type specifier (_Nonnull, _Nullable, or _Null_unspecified) [-Wnullability-completeness]
 5704 |     void Add(const char* pStr);
      |                        ^
../subprojects/VulkanMemoryAllocator/include/vk_mem_alloc.h:5704:24: note: insert '_Nullable' if the pointer may be null
 5704 |     void Add(const char* pStr);
      |                        ^
      |                          _Nullable
../subprojects/VulkanMemoryAllocator/include/vk_mem_alloc.h:5704:24: note: insert '_Nonnull' if the pointer should never be null
 5704 |     void Add(const char* pStr);
      |                        ^
      |                          _Nonnull
../subprojects/VulkanMemoryAllocator/include/vk_mem_alloc.h:5707:31: warning: pointer is missing a nullability type specifier (_Nonnull, _Nullable, or _Null_unspecified) [-Wnullability-completeness]
 5707 |     void AddPointer(const void* ptr);
      |                               ^
../subprojects/VulkanMemoryAllocator/include/vk_mem_alloc.h:5707:31: note: insert '_Nullable' if the pointer may be null
 5707 |     void AddPointer(const void* ptr);
      |                               ^
      |                                 _Nullable
../subprojects/VulkanMemoryAllocator/include/vk_mem_alloc.h:5707:31: note: insert '_Nonnull' if the pointer should never be null
 5707 |     void AddPointer(const void* ptr);
      |                               ^
      |                                 _Nonnull
../subprojects/VulkanMemoryAllocator/include/vk_mem_alloc.h:5714:38: warning: pointer is missing a nullability type specifier (_Nonnull, _Nullable, or _Null_unspecified) [-Wnullability-completeness]
 5714 | void VmaStringBuilder::Add(const char* pStr)
      |                                      ^
../subprojects/VulkanMemoryAllocator/include/vk_mem_alloc.h:5714:38: note: insert '_Nullable' if the pointer may be null
 5714 | void VmaStringBuilder::Add(const char* pStr)
      |                                      ^
      |                                        _Nullable
../subprojects/VulkanMemoryAllocator/include/vk_mem_alloc.h:5714:38: note: insert '_Nonnull' if the pointer should never be null
 5714 | void VmaStringBuilder::Add(const char* pStr)
      |                                      ^
      |                                        _Nonnull
../subprojects/VulkanMemoryAllocator/include/vk_mem_alloc.h:5751:45: warning: pointer is missing a nullability type specifier (_Nonnull, _Nullable, or _Null_unspecified) [-Wnullability-completeness]
 5751 | void VmaStringBuilder::AddPointer(const void* ptr)
      |                                             ^
../subprojects/VulkanMemoryAllocator/include/vk_mem_alloc.h:5751:45: note: insert '_Nullable' if the pointer may be null
 5751 | void VmaStringBuilder::AddPointer(const void* ptr)
      |                                             ^
      |                                               _Nullable
../subprojects/VulkanMemoryAllocator/include/vk_mem_alloc.h:5751:45: note: insert '_Nonnull' if the pointer should never be null
 5751 | void VmaStringBuilder::AddPointer(const void* ptr)
      |                                             ^
      |                                               _Nonnull
../subprojects/VulkanMemoryAllocator/include/vk_mem_alloc.h:5770:46: warning: pointer is missing a nullability type specifier (_Nonnull, _Nullable, or _Null_unspecified) [-Wnullability-completeness]
 5770 |     VmaJsonWriter(const VkAllocationCallbacks* pAllocationCallbacks, VmaStringBuilder& sb);
      |                                              ^
../subprojects/VulkanMemoryAllocator/include/vk_mem_alloc.h:5770:46: note: insert '_Nullable' if the pointer may be null
 5770 |     VmaJsonWriter(const VkAllocationCallbacks* pAllocationCallbacks, VmaStringBuilder& sb);
      |                                              ^
      |                                                _Nullable
../subprojects/VulkanMemoryAllocator/include/vk_mem_alloc.h:5770:46: note: insert '_Nonnull' if the pointer should never be null
 5770 |     VmaJsonWriter(const VkAllocationCallbacks* pAllocationCallbacks, VmaStringBuilder& sb);
      |                                              ^
      |                                                _Nonnull
../subprojects/VulkanMemoryAllocator/include/vk_mem_alloc.h:5789:32: warning: pointer is missing a nullability type specifier (_Nonnull, _Nullable, or _Null_unspecified) [-Wnullability-completeness]
 5789 |     void WriteString(const char* pStr);
      |                                ^
../subprojects/VulkanMemoryAllocator/include/vk_mem_alloc.h:5789:32: note: insert '_Nullable' if the pointer may be null
 5789 |     void WriteString(const char* pStr);
      |                                ^
      |                                  _Nullable
../subprojects/VulkanMemoryAllocator/include/vk_mem_alloc.h:5789:32: note: insert '_Nonnull' if the pointer should never be null
 5789 |     void WriteString(const char* pStr);
      |                                ^
      |                                  _Nonnull
../subprojects/VulkanMemoryAllocator/include/vk_mem_alloc.h:5795:32: warning: pointer is missing a nullability type specifier (_Nonnull, _Nullable, or _Null_unspecified) [-Wnullability-completeness]
 5795 |     void BeginString(const char* pStr = VMA_NULL);
      |                                ^
../subprojects/VulkanMemoryAllocator/include/vk_mem_alloc.h:5795:32: note: insert '_Nullable' if the pointer may be null
 5795 |     void BeginString(const char* pStr = VMA_NULL);
      |                                ^
      |                                  _Nullable
../subprojects/VulkanMemoryAllocator/include/vk_mem_alloc.h:5795:32: note: insert '_Nonnull' if the pointer should never be null
 5795 |     void BeginString(const char* pStr = VMA_NULL);
      |                                ^
      |                                  _Nonnull
../subprojects/VulkanMemoryAllocator/include/vk_mem_alloc.h:5797:35: warning: pointer is missing a nullability type specifier (_Nonnull, _Nullable, or _Null_unspecified) [-Wnullability-completeness]
 5797 |     void ContinueString(const char* pStr);
      |                                   ^
../subprojects/VulkanMemoryAllocator/include/vk_mem_alloc.h:5797:35: note: insert '_Nullable' if the pointer may be null
 5797 |     void ContinueString(const char* pStr);
      |                                   ^
      |                                     _Nullable
../subprojects/VulkanMemoryAllocator/include/vk_mem_alloc.h:5797:35: note: insert '_Nonnull' if the pointer should never be null
 5797 |     void ContinueString(const char* pStr);
      |                                   ^
      |                                     _Nonnull
../subprojects/VulkanMemoryAllocator/include/vk_mem_alloc.h:5803:43: warning: pointer is missing a nullability type specifier (_Nonnull, _Nullable, or _Null_unspecified) [-Wnullability-completeness]
 5803 |     void ContinueString_Pointer(const void* ptr);
      |                                           ^
../subprojects/VulkanMemoryAllocator/include/vk_mem_alloc.h:5803:43: note: insert '_Nullable' if the pointer may be null
 5803 |     void ContinueString_Pointer(const void* ptr);
      |                                           ^
      |                                             _Nullable
../subprojects/VulkanMemoryAllocator/include/vk_mem_alloc.h:5803:43: note: insert '_Nonnull' if the pointer should never be null
 5803 |     void ContinueString_Pointer(const void* ptr);
      |                                           ^
      |                                             _Nonnull
../subprojects/VulkanMemoryAllocator/include/vk_mem_alloc.h:5805:30: warning: pointer is missing a nullability type specifier (_Nonnull, _Nullable, or _Null_unspecified) [-Wnullability-completeness]
 5805 |     void EndString(const char* pStr = VMA_NULL);
      |                              ^
../subprojects/VulkanMemoryAllocator/include/vk_mem_alloc.h:5805:30: note: insert '_Nullable' if the pointer may be null
 5805 |     void EndString(const char* pStr = VMA_NULL);
      |                              ^
      |                                _Nullable
../subprojects/VulkanMemoryAllocator/include/vk_mem_alloc.h:5805:30: note: insert '_Nonnull' if the pointer should never be null
 5805 |     void EndString(const char* pStr = VMA_NULL);
      |                              ^
      |                                _Nonnull
../subprojects/VulkanMemoryAllocator/include/vk_mem_alloc.h:5828:22: warning: pointer is missing a nullability type specifier (_Nonnull, _Nullable, or _Null_unspecified) [-Wnullability-completeness]
 5828 |     static const char* const INDENT;
      |                      ^
../subprojects/VulkanMemoryAllocator/include/vk_mem_alloc.h:5828:22: note: insert '_Nullable' if the pointer may be null
 5828 |     static const char* const INDENT;
      |                      ^
      |                        _Nullable
../subprojects/VulkanMemoryAllocator/include/vk_mem_alloc.h:5828:22: note: insert '_Nonnull' if the pointer should never be null
 5828 |     static const char* const INDENT;
      |                      ^
      |                        _Nonnull
../subprojects/VulkanMemoryAllocator/include/vk_mem_alloc.h:5837:11: warning: pointer is missing a nullability type specifier (_Nonnull, _Nullable, or _Null_unspecified) [-Wnullability-completeness]
 5837 | const char* const VmaJsonWriter::INDENT = "  ";
      |           ^
../subprojects/VulkanMemoryAllocator/include/vk_mem_alloc.h:5837:11: note: insert '_Nullable' if the pointer may be null
 5837 | const char* const VmaJsonWriter::INDENT = "  ";
      |           ^
      |             _Nullable
../subprojects/VulkanMemoryAllocator/include/vk_mem_alloc.h:5837:11: note: insert '_Nonnull' if the pointer should never be null
 5837 | const char* const VmaJsonWriter::INDENT = "  ";
      |           ^
      |             _Nonnull
../subprojects/VulkanMemoryAllocator/include/vk_mem_alloc.h:5840:57: warning: pointer is missing a nullability type specifier (_Nonnull, _Nullable, or _Null_unspecified) [-Wnullability-completeness]
 5840 | VmaJsonWriter::VmaJsonWriter(const VkAllocationCallbacks* pAllocationCallbacks, VmaStringBuilder& sb)
      |                                                         ^
../subprojects/VulkanMemoryAllocator/include/vk_mem_alloc.h:5840:57: note: insert '_Nullable' if the pointer may be null
 5840 | VmaJsonWriter::VmaJsonWriter(const VkAllocationCallbacks* pAllocationCallbacks, VmaStringBuilder& sb)
      |                                                         ^
      |                                                           _Nullable
../subprojects/VulkanMemoryAllocator/include/vk_mem_alloc.h:5840:57: note: insert '_Nonnull' if the pointer should never be null
 5840 | VmaJsonWriter::VmaJsonWriter(const VkAllocationCallbacks* pAllocationCallbacks, VmaStringBuilder& sb)
      |                                                         ^
      |                                                           _Nonnull
../subprojects/VulkanMemoryAllocator/include/vk_mem_alloc.h:5901:43: warning: pointer is missing a nullability type specifier (_Nonnull, _Nullable, or _Null_unspecified) [-Wnullability-completeness]
 5901 | void VmaJsonWriter::WriteString(const char* pStr)
      |                                           ^
../subprojects/VulkanMemoryAllocator/include/vk_mem_alloc.h:5901:43: note: insert '_Nullable' if the pointer may be null
 5901 | void VmaJsonWriter::WriteString(const char* pStr)
      |                                           ^
      |                                             _Nullable
../subprojects/VulkanMemoryAllocator/include/vk_mem_alloc.h:5901:43: note: insert '_Nonnull' if the pointer should never be null
 5901 | void VmaJsonWriter::WriteString(const char* pStr)
      |                                           ^
      |                                             _Nonnull
../subprojects/VulkanMemoryAllocator/include/vk_mem_alloc.h:5907:43: warning: pointer is missing a nullability type specifier (_Nonnull, _Nullable, or _Null_unspecified) [-Wnullability-completeness]
 5907 | void VmaJsonWriter::BeginString(const char* pStr)
      |                                           ^
../subprojects/VulkanMemoryAllocator/include/vk_mem_alloc.h:5907:43: note: insert '_Nullable' if the pointer may be null
 5907 | void VmaJsonWriter::BeginString(const char* pStr)
      |                                           ^
      |                                             _Nullable
../subprojects/VulkanMemoryAllocator/include/vk_mem_alloc.h:5907:43: note: insert '_Nonnull' if the pointer should never be null
 5907 | void VmaJsonWriter::BeginString(const char* pStr)
      |                                           ^
      |                                             _Nonnull
../subprojects/VulkanMemoryAllocator/include/vk_mem_alloc.h:5920:46: warning: pointer is missing a nullability type specifier (_Nonnull, _Nullable, or _Null_unspecified) [-Wnullability-completeness]
 5920 | void VmaJsonWriter::ContinueString(const char* pStr)
      |                                              ^
../subprojects/VulkanMemoryAllocator/include/vk_mem_alloc.h:5920:46: note: insert '_Nullable' if the pointer may be null
 5920 | void VmaJsonWriter::ContinueString(const char* pStr)
      |                                              ^
      |                                                _Nullable
../subprojects/VulkanMemoryAllocator/include/vk_mem_alloc.h:5920:46: note: insert '_Nonnull' if the pointer should never be null
 5920 | void VmaJsonWriter::ContinueString(const char* pStr)
      |                                              ^
      |                                                _Nonnull
../subprojects/VulkanMemoryAllocator/include/vk_mem_alloc.h:5975:54: warning: pointer is missing a nullability type specifier (_Nonnull, _Nullable, or _Null_unspecified) [-Wnullability-completeness]
 5975 | void VmaJsonWriter::ContinueString_Pointer(const void* ptr)
      |                                                      ^
../subprojects/VulkanMemoryAllocator/include/vk_mem_alloc.h:5975:54: note: insert '_Nullable' if the pointer may be null
 5975 | void VmaJsonWriter::ContinueString_Pointer(const void* ptr)
      |                                                      ^
      |                                                        _Nullable
../subprojects/VulkanMemoryAllocator/include/vk_mem_alloc.h:5975:54: note: insert '_Nonnull' if the pointer should never be null
 5975 | void VmaJsonWriter::ContinueString_Pointer(const void* ptr)
      |                                                      ^
      |                                                        _Nonnull
../subprojects/VulkanMemoryAllocator/include/vk_mem_alloc.h:5981:41: warning: pointer is missing a nullability type specifier (_Nonnull, _Nullable, or _Null_unspecified) [-Wnullability-completeness]
 5981 | void VmaJsonWriter::EndString(const char* pStr)
      |                                         ^
../subprojects/VulkanMemoryAllocator/include/vk_mem_alloc.h:5981:41: note: insert '_Nullable' if the pointer may be null
 5981 | void VmaJsonWriter::EndString(const char* pStr)
      |                                         ^
      |                                           _Nullable
../subprojects/VulkanMemoryAllocator/include/vk_mem_alloc.h:5981:41: note: insert '_Nonnull' if the pointer should never be null
 5981 | void VmaJsonWriter::EndString(const char* pStr)
      |                                         ^
      |                                           _Nonnull
../subprojects/VulkanMemoryAllocator/include/vk_mem_alloc.h:6206:29: warning: pointer is missing a nullability type specifier (_Nonnull, _Nullable, or _Null_unspecified) [-Wnullability-completeness]
 6206 |     explicit VmaWin32Handle(HANDLE hHandle) noexcept : m_hHandle(hHandle) { }
      |                             ^
../subprojects/VulkanMemoryAllocator/include/vk_mem_alloc.h:6206:29: note: insert '_Nullable' if the pointer may be null
 6206 |     explicit VmaWin32Handle(HANDLE hHandle) noexcept : m_hHandle(hHandle) { }
      |                             ^
      |                                    _Nullable
../subprojects/VulkanMemoryAllocator/include/vk_mem_alloc.h:6206:29: note: insert '_Nonnull' if the pointer should never be null
 6206 |     explicit VmaWin32Handle(HANDLE hHandle) noexcept : m_hHandle(hHandle) { }
      |                             ^
      |                                    _Nonnull
../subprojects/VulkanMemoryAllocator/include/vk_mem_alloc.h:6212:24: warning: pointer is missing a nullability type specifier (_Nonnull, _Nullable, or _Null_unspecified) [-Wnullability-completeness]
 6212 |     VkResult GetHandle(VkDevice device, VkDeviceMemory memory, PFN_vkGetMemoryWin32HandleKHR pvkGetMemoryWin32HandleKHR, HANDLE hTargetProcess, bool useMutex, HANDLE* pHandle) noexcept
      |                        ^
../subprojects/VulkanMemoryAllocator/include/vk_mem_alloc.h:6212:24: note: insert '_Nullable' if the pointer may be null
 6212 |     VkResult GetHandle(VkDevice device, VkDeviceMemory memory, PFN_vkGetMemoryWin32HandleKHR pvkGetMemoryWin32HandleKHR, HANDLE hTargetProcess, bool useMutex, HANDLE* pHandle) noexcept
      |                        ^
      |                                 _Nullable
../subprojects/VulkanMemoryAllocator/include/vk_mem_alloc.h:6212:24: note: insert '_Nonnull' if the pointer should never be null
 6212 |     VkResult GetHandle(VkDevice device, VkDeviceMemory memory, PFN_vkGetMemoryWin32HandleKHR pvkGetMemoryWin32HandleKHR, HANDLE hTargetProcess, bool useMutex, HANDLE* pHandle) noexcept
      |                        ^
      |                                 _Nonnull
../subprojects/VulkanMemoryAllocator/include/vk_mem_alloc.h:6212:41: warning: pointer is missing a nullability type specifier (_Nonnull, _Nullable, or _Null_unspecified) [-Wnullability-completeness]
 6212 |     VkResult GetHandle(VkDevice device, VkDeviceMemory memory, PFN_vkGetMemoryWin32HandleKHR pvkGetMemoryWin32HandleKHR, HANDLE hTargetProcess, bool useMutex, HANDLE* pHandle) noexcept
      |                                         ^
../subprojects/VulkanMemoryAllocator/include/vk_mem_alloc.h:6212:41: note: insert '_Nullable' if the pointer may be null
 6212 |     VkResult GetHandle(VkDevice device, VkDeviceMemory memory, PFN_vkGetMemoryWin32HandleKHR pvkGetMemoryWin32HandleKHR, HANDLE hTargetProcess, bool useMutex, HANDLE* pHandle) noexcept
      |                                         ^
      |                                                        _Nullable
../subprojects/VulkanMemoryAllocator/include/vk_mem_alloc.h:6212:41: note: insert '_Nonnull' if the pointer should never be null
 6212 |     VkResult GetHandle(VkDevice device, VkDeviceMemory memory, PFN_vkGetMemoryWin32HandleKHR pvkGetMemoryWin32HandleKHR, HANDLE hTargetProcess, bool useMutex, HANDLE* pHandle) noexcept
      |                                         ^
      |                                                        _Nonnull
../subprojects/VulkanMemoryAllocator/include/vk_mem_alloc.h:6212:64: warning: pointer is missing a nullability type specifier (_Nonnull, _Nullable, or _Null_unspecified) [-Wnullability-completeness]
 6212 |     VkResult GetHandle(VkDevice device, VkDeviceMemory memory, PFN_vkGetMemoryWin32HandleKHR pvkGetMemoryWin32HandleKHR, HANDLE hTargetProcess, bool useMutex, HANDLE* pHandle) noexcept
      |                                                                ^
../subprojects/VulkanMemoryAllocator/include/vk_mem_alloc.h:6212:64: note: insert '_Nullable' if the pointer may be null
 6212 |     VkResult GetHandle(VkDevice device, VkDeviceMemory memory, PFN_vkGetMemoryWin32HandleKHR pvkGetMemoryWin32HandleKHR, HANDLE hTargetProcess, bool useMutex, HANDLE* pHandle) noexcept
      |                                                                ^
      |                                                                                              _Nullable
../subprojects/VulkanMemoryAllocator/include/vk_mem_alloc.h:6212:64: note: insert '_Nonnull' if the pointer should never be null
 6212 |     VkResult GetHandle(VkDevice device, VkDeviceMemory memory, PFN_vkGetMemoryWin32HandleKHR pvkGetMemoryWin32HandleKHR, HANDLE hTargetProcess, bool useMutex, HANDLE* pHandle) noexcept
      |                                                                ^
      |                                                                                              _Nonnull
../subprojects/VulkanMemoryAllocator/include/vk_mem_alloc.h:6212:122: warning: pointer is missing a nullability type specifier (_Nonnull, _Nullable, or _Null_unspecified) [-Wnullability-completeness]
 6212 |     VkResult GetHandle(VkDevice device, VkDeviceMemory memory, PFN_vkGetMemoryWin32HandleKHR pvkGetMemoryWin32HandleKHR, HANDLE hTargetProcess, bool useMutex, HANDLE* pHandle) noexcept
      |                                                                                                                          ^
../subprojects/VulkanMemoryAllocator/include/vk_mem_alloc.h:6212:122: note: insert '_Nullable' if the pointer may be null
 6212 |     VkResult GetHandle(VkDevice device, VkDeviceMemory memory, PFN_vkGetMemoryWin32HandleKHR pvkGetMemoryWin32HandleKHR, HANDLE hTargetProcess, bool useMutex, HANDLE* pHandle) noexcept
      |                                                                                                                          ^
      |                                                                                                                                 _Nullable
../subprojects/VulkanMemoryAllocator/include/vk_mem_alloc.h:6212:122: note: insert '_Nonnull' if the pointer should never be null
 6212 |     VkResult GetHandle(VkDevice device, VkDeviceMemory memory, PFN_vkGetMemoryWin32HandleKHR pvkGetMemoryWin32HandleKHR, HANDLE hTargetProcess, bool useMutex, HANDLE* pHandle) noexcept
      |                                                                                                                          ^
      |                                                                                                                                 _Nonnull
../subprojects/VulkanMemoryAllocator/include/vk_mem_alloc.h:6212:160: warning: pointer is missing a nullability type specifier (_Nonnull, _Nullable, or _Null_unspecified) [-Wnullability-completeness]
 6212 |     VkResult GetHandle(VkDevice device, VkDeviceMemory memory, PFN_vkGetMemoryWin32HandleKHR pvkGetMemoryWin32HandleKHR, HANDLE hTargetProcess, bool useMutex, HANDLE* pHandle) noexcept
      |                                                                                                                                                                ^
../subprojects/VulkanMemoryAllocator/include/vk_mem_alloc.h:6212:160: note: insert '_Nullable' if the pointer may be null
 6212 |     VkResult GetHandle(VkDevice device, VkDeviceMemory memory, PFN_vkGetMemoryWin32HandleKHR pvkGetMemoryWin32HandleKHR, HANDLE hTargetProcess, bool useMutex, HANDLE* pHandle) noexcept
      |                                                                                                                                                                ^     
      |                                                                                                                                                                       _Nullable 
../subprojects/VulkanMemoryAllocator/include/vk_mem_alloc.h:6212:160: note: insert '_Nonnull' if the pointer should never be null
 6212 |     VkResult GetHandle(VkDevice device, VkDeviceMemory memory, PFN_vkGetMemoryWin32HandleKHR pvkGetMemoryWin32HandleKHR, HANDLE hTargetProcess, bool useMutex, HANDLE* pHandle) noexcept
      |                                                                                                                                                                ^     
      |                                                                                                                                                                       _Nonnull 
../subprojects/VulkanMemoryAllocator/include/vk_mem_alloc.h:6212:166: warning: pointer is missing a nullability type specifier (_Nonnull, _Nullable, or _Null_unspecified) [-Wnullability-completeness]
 6212 |     VkResult GetHandle(VkDevice device, VkDeviceMemory memory, PFN_vkGetMemoryWin32HandleKHR pvkGetMemoryWin32HandleKHR, HANDLE hTargetProcess, bool useMutex, HANDLE* pHandle) noexcept
      |                                                                                                                                                                      ^
../subprojects/VulkanMemoryAllocator/include/vk_mem_alloc.h:6212:166: note: insert '_Nullable' if the pointer may be null
 6212 |     VkResult GetHandle(VkDevice device, VkDeviceMemory memory, PFN_vkGetMemoryWin32HandleKHR pvkGetMemoryWin32HandleKHR, HANDLE hTargetProcess, bool useMutex, HANDLE* pHandle) noexcept
      |                                                                                                                                                                      ^
      |                                                                                                                                                                        _Nullable
../subprojects/VulkanMemoryAllocator/include/vk_mem_alloc.h:6212:166: note: insert '_Nonnull' if the pointer should never be null
 6212 |     VkResult GetHandle(VkDevice device, VkDeviceMemory memory, PFN_vkGetMemoryWin32HandleKHR pvkGetMemoryWin32HandleKHR, HANDLE hTargetProcess, bool useMutex, HANDLE* pHandle) noexcept
      |                                                                                                                                                                      ^
      |                                                                                                                                                                        _Nonnull
../subprojects/VulkanMemoryAllocator/include/vk_mem_alloc.h:6239:28: warning: pointer is missing a nullability type specifier (_Nonnull, _Nullable, or _Null_unspecified) [-Wnullability-completeness]
 6239 |     static VkResult Create(VkDevice device, VkDeviceMemory memory, PFN_vkGetMemoryWin32HandleKHR pvkGetMemoryWin32HandleKHR, HANDLE* pHandle) noexcept
      |                            ^
../subprojects/VulkanMemoryAllocator/include/vk_mem_alloc.h:6239:28: note: insert '_Nullable' if the pointer may be null
 6239 |     static VkResult Create(VkDevice device, VkDeviceMemory memory, PFN_vkGetMemoryWin32HandleKHR pvkGetMemoryWin32HandleKHR, HANDLE* pHandle) noexcept
      |                            ^
      |                                     _Nullable
../subprojects/VulkanMemoryAllocator/include/vk_mem_alloc.h:6239:28: note: insert '_Nonnull' if the pointer should never be null
 6239 |     static VkResult Create(VkDevice device, VkDeviceMemory memory, PFN_vkGetMemoryWin32HandleKHR pvkGetMemoryWin32HandleKHR, HANDLE* pHandle) noexcept
      |                            ^
      |                                     _Nonnull
../subprojects/VulkanMemoryAllocator/include/vk_mem_alloc.h:6239:45: warning: pointer is missing a nullability type specifier (_Nonnull, _Nullable, or _Null_unspecified) [-Wnullability-completeness]
 6239 |     static VkResult Create(VkDevice device, VkDeviceMemory memory, PFN_vkGetMemoryWin32HandleKHR pvkGetMemoryWin32HandleKHR, HANDLE* pHandle) noexcept
      |                                             ^
../subprojects/VulkanMemoryAllocator/include/vk_mem_alloc.h:6239:45: note: insert '_Nullable' if the pointer may be null
 6239 |     static VkResult Create(VkDevice device, VkDeviceMemory memory, PFN_vkGetMemoryWin32HandleKHR pvkGetMemoryWin32HandleKHR, HANDLE* pHandle) noexcept
      |                                             ^
      |                                                            _Nullable
../subprojects/VulkanMemoryAllocator/include/vk_mem_alloc.h:6239:45: note: insert '_Nonnull' if the pointer should never be null
 6239 |     static VkResult Create(VkDevice device, VkDeviceMemory memory, PFN_vkGetMemoryWin32HandleKHR pvkGetMemoryWin32HandleKHR, HANDLE* pHandle) noexcept
      |                                             ^
      |                                                            _Nonnull
../subprojects/VulkanMemoryAllocator/include/vk_mem_alloc.h:6239:68: warning: pointer is missing a nullability type specifier (_Nonnull, _Nullable, or _Null_unspecified) [-Wnullability-completeness]
 6239 |     static VkResult Create(VkDevice device, VkDeviceMemory memory, PFN_vkGetMemoryWin32HandleKHR pvkGetMemoryWin32HandleKHR, HANDLE* pHandle) noexcept
      |                                                                    ^
../subprojects/VulkanMemoryAllocator/include/vk_mem_alloc.h:6239:68: note: insert '_Nullable' if the pointer may be null
 6239 |     static VkResult Create(VkDevice device, VkDeviceMemory memory, PFN_vkGetMemoryWin32HandleKHR pvkGetMemoryWin32HandleKHR, HANDLE* pHandle) noexcept
      |                                                                    ^
      |                                                                                                  _Nullable
../subprojects/VulkanMemoryAllocator/include/vk_mem_alloc.h:6239:68: note: insert '_Nonnull' if the pointer should never be null
 6239 |     static VkResult Create(VkDevice device, VkDeviceMemory memory, PFN_vkGetMemoryWin32HandleKHR pvkGetMemoryWin32HandleKHR, HANDLE* pHandle) noexcept
      |                                                                    ^
      |                                                                                                  _Nonnull
../subprojects/VulkanMemoryAllocator/include/vk_mem_alloc.h:6239:126: warning: pointer is missing a nullability type specifier (_Nonnull, _Nullable, or _Null_unspecified) [-Wnullability-completeness]
 6239 |     static VkResult Create(VkDevice device, VkDeviceMemory memory, PFN_vkGetMemoryWin32HandleKHR pvkGetMemoryWin32HandleKHR, HANDLE* pHandle) noexcept
      |                                                                                                                              ^
../subprojects/VulkanMemoryAllocator/include/vk_mem_alloc.h:6239:126: note: insert '_Nullable' if the pointer may be null
 6239 |     static VkResult Create(VkDevice device, VkDeviceMemory memory, PFN_vkGetMemoryWin32HandleKHR pvkGetMemoryWin32HandleKHR, HANDLE* pHandle) noexcept
      |                                                                                                                              ^     
      |                                                                                                                                     _Nullable 
../subprojects/VulkanMemoryAllocator/include/vk_mem_alloc.h:6239:126: note: insert '_Nonnull' if the pointer should never be null
 6239 |     static VkResult Create(VkDevice device, VkDeviceMemory memory, PFN_vkGetMemoryWin32HandleKHR pvkGetMemoryWin32HandleKHR, HANDLE* pHandle) noexcept
      |                                                                                                                              ^     
      |                                                                                                                                     _Nonnull 
../subprojects/VulkanMemoryAllocator/include/vk_mem_alloc.h:6239:132: warning: pointer is missing a nullability type specifier (_Nonnull, _Nullable, or _Null_unspecified) [-Wnullability-completeness]
 6239 |     static VkResult Create(VkDevice device, VkDeviceMemory memory, PFN_vkGetMemoryWin32HandleKHR pvkGetMemoryWin32HandleKHR, HANDLE* pHandle) noexcept
      |                                                                                                                                    ^
../subprojects/VulkanMemoryAllocator/include/vk_mem_alloc.h:6239:132: note: insert '_Nullable' if the pointer may be null
 6239 |     static VkResult Create(VkDevice device, VkDeviceMemory memory, PFN_vkGetMemoryWin32HandleKHR pvkGetMemoryWin32HandleKHR, HANDLE* pHandle) noexcept
      |                                                                                                                                    ^
      |                                                                                                                                      _Nullable
../subprojects/VulkanMemoryAllocator/include/vk_mem_alloc.h:6239:132: note: insert '_Nonnull' if the pointer should never be null
 6239 |     static VkResult Create(VkDevice device, VkDeviceMemory memory, PFN_vkGetMemoryWin32HandleKHR pvkGetMemoryWin32HandleKHR, HANDLE* pHandle) noexcept
      |                                                                                                                                    ^
      |                                                                                                                                      _Nonnull
../subprojects/VulkanMemoryAllocator/include/vk_mem_alloc.h:6252:22: warning: pointer is missing a nullability type specifier (_Nonnull, _Nullable, or _Null_unspecified) [-Wnullability-completeness]
 6252 |     HANDLE Duplicate(HANDLE hTargetProcess = VMA_NULL) const noexcept
      |                      ^
../subprojects/VulkanMemoryAllocator/include/vk_mem_alloc.h:6252:22: note: insert '_Nullable' if the pointer may be null
 6252 |     HANDLE Duplicate(HANDLE hTargetProcess = VMA_NULL) const noexcept
      |                      ^
      |                             _Nullable
../subprojects/VulkanMemoryAllocator/include/vk_mem_alloc.h:6252:22: note: insert '_Nonnull' if the pointer should never be null
 6252 |     HANDLE Duplicate(HANDLE hTargetProcess = VMA_NULL) const noexcept
      |                      ^
      |                             _Nonnull
../subprojects/VulkanMemoryAllocator/include/vk_mem_alloc.h:6252:5: warning: pointer is missing a nullability type specifier (_Nonnull, _Nullable, or _Null_unspecified) [-Wnullability-completeness]
 6252 |     HANDLE Duplicate(HANDLE hTargetProcess = VMA_NULL) const noexcept
      |     ^
../subprojects/VulkanMemoryAllocator/include/vk_mem_alloc.h:6252:5: note: insert '_Nullable' if the pointer may be null
 6252 |     HANDLE Duplicate(HANDLE hTargetProcess = VMA_NULL) const noexcept
      |     ^
      |            _Nullable
../subprojects/VulkanMemoryAllocator/include/vk_mem_alloc.h:6252:5: note: insert '_Nonnull' if the pointer should never be null
 6252 |     HANDLE Duplicate(HANDLE hTargetProcess = VMA_NULL) const noexcept
      |     ^
      |            _Nonnull
../subprojects/VulkanMemoryAllocator/include/vk_mem_alloc.h:6266:5: warning: pointer is missing a nullability type specifier (_Nonnull, _Nullable, or _Null_unspecified) [-Wnullability-completeness]
 6266 |     HANDLE m_hHandle;
      |     ^
../subprojects/VulkanMemoryAllocator/include/vk_mem_alloc.h:6266:5: note: insert '_Nullable' if the pointer may be null
 6266 |     HANDLE m_hHandle;
      |     ^
      |            _Nullable
../subprojects/VulkanMemoryAllocator/include/vk_mem_alloc.h:6266:5: note: insert '_Nonnull' if the pointer should never be null
 6266 |     HANDLE m_hHandle;
      |     ^
      |            _Nonnull
../subprojects/VulkanMemoryAllocator/include/vk_mem_alloc.h:6292:21: warning: pointer is missing a nullability type specifier (_Nonnull, _Nullable, or _Null_unspecified) [-Wnullability-completeness]
 6292 |     VmaBlockMetadata* m_pMetadata;
      |                     ^
../subprojects/VulkanMemoryAllocator/include/vk_mem_alloc.h:6292:21: note: insert '_Nullable' if the pointer may be null
 6292 |     VmaBlockMetadata* m_pMetadata;
      |                     ^
      |                       _Nullable
../subprojects/VulkanMemoryAllocator/include/vk_mem_alloc.h:6292:21: note: insert '_Nonnull' if the pointer should never be null
 6292 |     VmaBlockMetadata* m_pMetadata;
      |                     ^
      |                       _Nonnull
../subprojects/VulkanMemoryAllocator/include/vk_mem_alloc.h:6294:35: warning: pointer is missing a nullability type specifier (_Nonnull, _Nullable, or _Null_unspecified) [-Wnullability-completeness]
 6294 |     explicit VmaDeviceMemoryBlock(VmaAllocator hAllocator);
      |                                   ^
../subprojects/VulkanMemoryAllocator/include/vk_mem_alloc.h:6294:35: note: insert '_Nullable' if the pointer may be null
 6294 |     explicit VmaDeviceMemoryBlock(VmaAllocator hAllocator);
      |                                   ^
      |                                                _Nullable
../subprojects/VulkanMemoryAllocator/include/vk_mem_alloc.h:6294:35: note: insert '_Nonnull' if the pointer should never be null
 6294 |     explicit VmaDeviceMemoryBlock(VmaAllocator hAllocator);
      |                                   ^
      |                                                _Nonnull
../subprojects/VulkanMemoryAllocator/include/vk_mem_alloc.h:6299:9: warning: pointer is missing a nullability type specifier (_Nonnull, _Nullable, or _Null_unspecified) [-Wnullability-completeness]
 6299 |         VmaAllocator hAllocator,
      |         ^
../subprojects/VulkanMemoryAllocator/include/vk_mem_alloc.h:6299:9: note: insert '_Nullable' if the pointer may be null
 6299 |         VmaAllocator hAllocator,
      |         ^
      |                      _Nullable
../subprojects/VulkanMemoryAllocator/include/vk_mem_alloc.h:6299:9: note: insert '_Nonnull' if the pointer should never be null
 6299 |         VmaAllocator hAllocator,
      |         ^
      |                      _Nonnull
../subprojects/VulkanMemoryAllocator/include/vk_mem_alloc.h:6300:9: warning: pointer is missing a nullability type specifier (_Nonnull, _Nullable, or _Null_unspecified) [-Wnullability-completeness]
 6300 |         VmaPool hParentPool,
      |         ^
../subprojects/VulkanMemoryAllocator/include/vk_mem_alloc.h:6300:9: note: insert '_Nullable' if the pointer may be null
 6300 |         VmaPool hParentPool,
      |         ^
      |                 _Nullable
../subprojects/VulkanMemoryAllocator/include/vk_mem_alloc.h:6300:9: note: insert '_Nonnull' if the pointer should never be null
 6300 |         VmaPool hParentPool,
      |         ^
      |                 _Nonnull
../subprojects/VulkanMemoryAllocator/include/vk_mem_alloc.h:6302:9: warning: pointer is missing a nullability type specifier (_Nonnull, _Nullable, or _Null_unspecified) [-Wnullability-completeness]
 6302 |         VkDeviceMemory newMemory,
      |         ^
../subprojects/VulkanMemoryAllocator/include/vk_mem_alloc.h:6302:9: note: insert '_Nullable' if the pointer may be null
 6302 |         VkDeviceMemory newMemory,
      |         ^
      |                        _Nullable
../subprojects/VulkanMemoryAllocator/include/vk_mem_alloc.h:6302:9: note: insert '_Nonnull' if the pointer should never be null
 6302 |         VkDeviceMemory newMemory,
      |         ^
      |                        _Nonnull
../subprojects/VulkanMemoryAllocator/include/vk_mem_alloc.h:6308:18: warning: pointer is missing a nullability type specifier (_Nonnull, _Nullable, or _Null_unspecified) [-Wnullability-completeness]
 6308 |     void Destroy(VmaAllocator allocator);
      |                  ^
../subprojects/VulkanMemoryAllocator/include/vk_mem_alloc.h:6308:18: note: insert '_Nullable' if the pointer may be null
 6308 |     void Destroy(VmaAllocator allocator);
      |                  ^
      |                               _Nullable
../subprojects/VulkanMemoryAllocator/include/vk_mem_alloc.h:6308:18: note: insert '_Nonnull' if the pointer should never be null
 6308 |     void Destroy(VmaAllocator allocator);
      |                  ^
      |                               _Nonnull
../subprojects/VulkanMemoryAllocator/include/vk_mem_alloc.h:6310:5: warning: pointer is missing a nullability type specifier (_Nonnull, _Nullable, or _Null_unspecified) [-Wnullability-completeness]
 6310 |     VmaPool GetParentPool() const { return m_hParentPool; }
      |     ^
../subprojects/VulkanMemoryAllocator/include/vk_mem_alloc.h:6310:5: note: insert '_Nullable' if the pointer may be null
 6310 |     VmaPool GetParentPool() const { return m_hParentPool; }
      |     ^
      |             _Nullable
../subprojects/VulkanMemoryAllocator/include/vk_mem_alloc.h:6310:5: note: insert '_Nonnull' if the pointer should never be null
 6310 |     VmaPool GetParentPool() const { return m_hParentPool; }
      |     ^
      |             _Nonnull
../subprojects/VulkanMemoryAllocator/include/vk_mem_alloc.h:6311:5: warning: pointer is missing a nullability type specifier (_Nonnull, _Nullable, or _Null_unspecified) [-Wnullability-completeness]
 6311 |     VkDeviceMemory GetDeviceMemory() const { return m_hMemory; }
      |     ^
../subprojects/VulkanMemoryAllocator/include/vk_mem_alloc.h:6311:5: note: insert '_Nullable' if the pointer may be null
 6311 |     VkDeviceMemory GetDeviceMemory() const { return m_hMemory; }
      |     ^
      |                    _Nullable
../subprojects/VulkanMemoryAllocator/include/vk_mem_alloc.h:6311:5: note: insert '_Nonnull' if the pointer should never be null
 6311 |     VkDeviceMemory GetDeviceMemory() const { return m_hMemory; }
      |     ^
      |                    _Nonnull
../subprojects/VulkanMemoryAllocator/include/vk_mem_alloc.h:6314:9: warning: pointer is missing a nullability type specifier (_Nonnull, _Nullable, or _Null_unspecified) [-Wnullability-completeness]
 6314 |     void* GetMappedData() const { return m_pMappedData; }
      |         ^
../subprojects/VulkanMemoryAllocator/include/vk_mem_alloc.h:6314:9: note: insert '_Nullable' if the pointer may be null
 6314 |     void* GetMappedData() const { return m_pMappedData; }
      |         ^
      |           _Nullable
../subprojects/VulkanMemoryAllocator/include/vk_mem_alloc.h:6314:9: note: insert '_Nonnull' if the pointer should never be null
 6314 |     void* GetMappedData() const { return m_pMappedData; }
      |         ^
      |           _Nonnull
../subprojects/VulkanMemoryAllocator/include/vk_mem_alloc.h:6319:20: warning: pointer is missing a nullability type specifier (_Nonnull, _Nullable, or _Null_unspecified) [-Wnullability-completeness]
 6319 |     void PostAlloc(VmaAllocator hAllocator);
      |                    ^
../subprojects/VulkanMemoryAllocator/include/vk_mem_alloc.h:6319:20: note: insert '_Nullable' if the pointer may be null
 6319 |     void PostAlloc(VmaAllocator hAllocator);
      |                    ^
      |                                 _Nullable
../subprojects/VulkanMemoryAllocator/include/vk_mem_alloc.h:6319:20: note: insert '_Nonnull' if the pointer should never be null
 6319 |     void PostAlloc(VmaAllocator hAllocator);
      |                    ^
      |                                 _Nonnull
../subprojects/VulkanMemoryAllocator/include/vk_mem_alloc.h:6320:19: warning: pointer is missing a nullability type specifier (_Nonnull, _Nullable, or _Null_unspecified) [-Wnullability-completeness]
 6320 |     void PostFree(VmaAllocator hAllocator);
      |                   ^
../subprojects/VulkanMemoryAllocator/include/vk_mem_alloc.h:6320:19: note: insert '_Nullable' if the pointer may be null
 6320 |     void PostFree(VmaAllocator hAllocator);
      |                   ^
      |                                _Nullable
../subprojects/VulkanMemoryAllocator/include/vk_mem_alloc.h:6320:19: note: insert '_Nonnull' if the pointer should never be null
 6320 |     void PostFree(VmaAllocator hAllocator);
      |                   ^
      |                                _Nonnull
../subprojects/VulkanMemoryAllocator/include/vk_mem_alloc.h:6324:30: warning: pointer is missing a nullability type specifier (_Nonnull, _Nullable, or _Null_unspecified) [-Wnullability-completeness]
 6324 |     VkResult CheckCorruption(VmaAllocator hAllocator);
      |                              ^
../subprojects/VulkanMemoryAllocator/include/vk_mem_alloc.h:6324:30: note: insert '_Nullable' if the pointer may be null
 6324 |     VkResult CheckCorruption(VmaAllocator hAllocator);
      |                              ^
      |                                           _Nullable
../subprojects/VulkanMemoryAllocator/include/vk_mem_alloc.h:6324:30: note: insert '_Nonnull' if the pointer should never be null
 6324 |     VkResult CheckCorruption(VmaAllocator hAllocator);
      |                              ^
      |                                           _Nonnull
../subprojects/VulkanMemoryAllocator/include/vk_mem_alloc.h:6327:18: warning: pointer is missing a nullability type specifier (_Nonnull, _Nullable, or _Null_unspecified) [-Wnullability-completeness]
 6327 |     VkResult Map(VmaAllocator hAllocator, uint32_t count, void** ppData);
      |                  ^
../subprojects/VulkanMemoryAllocator/include/vk_mem_alloc.h:6327:18: note: insert '_Nullable' if the pointer may be null
 6327 |     VkResult Map(VmaAllocator hAllocator, uint32_t count, void** ppData);
      |                  ^
      |                               _Nullable
../subprojects/VulkanMemoryAllocator/include/vk_mem_alloc.h:6327:18: note: insert '_Nonnull' if the pointer should never be null
 6327 |     VkResult Map(VmaAllocator hAllocator, uint32_t count, void** ppData);
      |                  ^
      |                               _Nonnull
../subprojects/VulkanMemoryAllocator/include/vk_mem_alloc.h:6327:63: warning: pointer is missing a nullability type specifier (_Nonnull, _Nullable, or _Null_unspecified) [-Wnullability-completeness]
 6327 |     VkResult Map(VmaAllocator hAllocator, uint32_t count, void** ppData);
      |                                                               ^
../subprojects/VulkanMemoryAllocator/include/vk_mem_alloc.h:6327:63: note: insert '_Nullable' if the pointer may be null
 6327 |     VkResult Map(VmaAllocator hAllocator, uint32_t count, void** ppData);
      |                                                               ^
      |                                                                _Nullable
../subprojects/VulkanMemoryAllocator/include/vk_mem_alloc.h:6327:63: note: insert '_Nonnull' if the pointer should never be null
 6327 |     VkResult Map(VmaAllocator hAllocator, uint32_t count, void** ppData);
      |                                                               ^
      |                                                                _Nonnull
../subprojects/VulkanMemoryAllocator/include/vk_mem_alloc.h:6327:64: warning: pointer is missing a nullability type specifier (_Nonnull, _Nullable, or _Null_unspecified) [-Wnullability-completeness]
 6327 |     VkResult Map(VmaAllocator hAllocator, uint32_t count, void** ppData);
      |                                                                ^
../subprojects/VulkanMemoryAllocator/include/vk_mem_alloc.h:6327:64: note: insert '_Nullable' if the pointer may be null
 6327 |     VkResult Map(VmaAllocator hAllocator, uint32_t count, void** ppData);
      |                                                                ^
      |                                                                  _Nullable
../subprojects/VulkanMemoryAllocator/include/vk_mem_alloc.h:6327:64: note: insert '_Nonnull' if the pointer should never be null
 6327 |     VkResult Map(VmaAllocator hAllocator, uint32_t count, void** ppData);
      |                                                                ^
      |                                                                  _Nonnull
../subprojects/VulkanMemoryAllocator/include/vk_mem_alloc.h:6328:16: warning: pointer is missing a nullability type specifier (_Nonnull, _Nullable, or _Null_unspecified) [-Wnullability-completeness]
 6328 |     void Unmap(VmaAllocator hAllocator, uint32_t count);
      |                ^
../subprojects/VulkanMemoryAllocator/include/vk_mem_alloc.h:6328:16: note: insert '_Nullable' if the pointer may be null
 6328 |     void Unmap(VmaAllocator hAllocator, uint32_t count);
      |                ^
      |                             _Nullable
../subprojects/VulkanMemoryAllocator/include/vk_mem_alloc.h:6328:16: note: insert '_Nonnull' if the pointer should never be null
 6328 |     void Unmap(VmaAllocator hAllocator, uint32_t count);
      |                ^
      |                             _Nonnull
../subprojects/VulkanMemoryAllocator/include/vk_mem_alloc.h:6330:45: warning: pointer is missing a nullability type specifier (_Nonnull, _Nullable, or _Null_unspecified) [-Wnullability-completeness]
 6330 |     VkResult WriteMagicValueAfterAllocation(VmaAllocator hAllocator, VkDeviceSize allocOffset, VkDeviceSize allocSize);
      |                                             ^
../subprojects/VulkanMemoryAllocator/include/vk_mem_alloc.h:6330:45: note: insert '_Nullable' if the pointer may be null
 6330 |     VkResult WriteMagicValueAfterAllocation(VmaAllocator hAllocator, VkDeviceSize allocOffset, VkDeviceSize allocSize);
      |                                             ^
      |                                                          _Nullable
../subprojects/VulkanMemoryAllocator/include/vk_mem_alloc.h:6330:45: note: insert '_Nonnull' if the pointer should never be null
 6330 |     VkResult WriteMagicValueAfterAllocation(VmaAllocator hAllocator, VkDeviceSize allocOffset, VkDeviceSize allocSize);
      |                                             ^
      |                                                          _Nonnull
../subprojects/VulkanMemoryAllocator/include/vk_mem_alloc.h:6331:48: warning: pointer is missing a nullability type specifier (_Nonnull, _Nullable, or _Null_unspecified) [-Wnullability-completeness]
 6331 |     VkResult ValidateMagicValueAfterAllocation(VmaAllocator hAllocator, VkDeviceSize allocOffset, VkDeviceSize allocSize);
      |                                                ^
../subprojects/VulkanMemoryAllocator/include/vk_mem_alloc.h:6331:48: note: insert '_Nullable' if the pointer may be null
 6331 |     VkResult ValidateMagicValueAfterAllocation(VmaAllocator hAllocator, VkDeviceSize allocOffset, VkDeviceSize allocSize);
      |                                                ^
      |                                                             _Nullable
../subprojects/VulkanMemoryAllocator/include/vk_mem_alloc.h:6331:48: note: insert '_Nonnull' if the pointer should never be null
 6331 |     VkResult ValidateMagicValueAfterAllocation(VmaAllocator hAllocator, VkDeviceSize allocOffset, VkDeviceSize allocSize);
      |                                                ^
      |                                                             _Nonnull
../subprojects/VulkanMemoryAllocator/include/vk_mem_alloc.h:6334:9: warning: pointer is missing a nullability type specifier (_Nonnull, _Nullable, or _Null_unspecified) [-Wnullability-completeness]
 6334 |         VmaAllocator hAllocator,
      |         ^
../subprojects/VulkanMemoryAllocator/include/vk_mem_alloc.h:6334:9: note: insert '_Nullable' if the pointer may be null
 6334 |         VmaAllocator hAllocator,
      |         ^
      |                      _Nullable
../subprojects/VulkanMemoryAllocator/include/vk_mem_alloc.h:6334:9: note: insert '_Nonnull' if the pointer should never be null
 6334 |         VmaAllocator hAllocator,
      |         ^
      |                      _Nonnull
../subprojects/VulkanMemoryAllocator/include/vk_mem_alloc.h:6335:9: warning: pointer is missing a nullability type specifier (_Nonnull, _Nullable, or _Null_unspecified) [-Wnullability-completeness]
 6335 |         VmaAllocation hAllocation,
      |         ^
../subprojects/VulkanMemoryAllocator/include/vk_mem_alloc.h:6335:9: note: insert '_Nullable' if the pointer may be null
 6335 |         VmaAllocation hAllocation,
      |         ^
      |                       _Nullable
../subprojects/VulkanMemoryAllocator/include/vk_mem_alloc.h:6335:9: note: insert '_Nonnull' if the pointer should never be null
 6335 |         VmaAllocation hAllocation,
      |         ^
      |                       _Nonnull
../subprojects/VulkanMemoryAllocator/include/vk_mem_alloc.h:6337:9: warning: pointer is missing a nullability type specifier (_Nonnull, _Nullable, or _Null_unspecified) [-Wnullability-completeness]
 6337 |         VkBuffer hBuffer,
      |         ^
../subprojects/VulkanMemoryAllocator/include/vk_mem_alloc.h:6337:9: note: insert '_Nullable' if the pointer may be null
 6337 |         VkBuffer hBuffer,
      |         ^
      |                  _Nullable
../subprojects/VulkanMemoryAllocator/include/vk_mem_alloc.h:6337:9: note: insert '_Nonnull' if the pointer should never be null
 6337 |         VkBuffer hBuffer,
      |         ^
      |                  _Nonnull
../subprojects/VulkanMemoryAllocator/include/vk_mem_alloc.h:6338:19: warning: pointer is missing a nullability type specifier (_Nonnull, _Nullable, or _Null_unspecified) [-Wnullability-completeness]
 6338 |         const void* pNext);
      |                   ^
../subprojects/VulkanMemoryAllocator/include/vk_mem_alloc.h:6338:19: note: insert '_Nullable' if the pointer may be null
 6338 |         const void* pNext);
      |                   ^
      |                     _Nullable
../subprojects/VulkanMemoryAllocator/include/vk_mem_alloc.h:6338:19: note: insert '_Nonnull' if the pointer should never be null
 6338 |         const void* pNext);
      |                   ^
      |                     _Nonnull
../subprojects/VulkanMemoryAllocator/include/vk_mem_alloc.h:6340:9: warning: pointer is missing a nullability type specifier (_Nonnull, _Nullable, or _Null_unspecified) [-Wnullability-completeness]
 6340 |         VmaAllocator hAllocator,
      |         ^
../subprojects/VulkanMemoryAllocator/include/vk_mem_alloc.h:6340:9: note: insert '_Nullable' if the pointer may be null
 6340 |         VmaAllocator hAllocator,
      |         ^
      |                      _Nullable
../subprojects/VulkanMemoryAllocator/include/vk_mem_alloc.h:6340:9: note: insert '_Nonnull' if the pointer should never be null
 6340 |         VmaAllocator hAllocator,
      |         ^
      |                      _Nonnull
../subprojects/VulkanMemoryAllocator/include/vk_mem_alloc.h:6341:9: warning: pointer is missing a nullability type specifier (_Nonnull, _Nullable, or _Null_unspecified) [-Wnullability-completeness]
 6341 |         VmaAllocation hAllocation,
      |         ^
../subprojects/VulkanMemoryAllocator/include/vk_mem_alloc.h:6341:9: note: insert '_Nullable' if the pointer may be null
 6341 |         VmaAllocation hAllocation,
      |         ^
      |                       _Nullable
../subprojects/VulkanMemoryAllocator/include/vk_mem_alloc.h:6341:9: note: insert '_Nonnull' if the pointer should never be null
 6341 |         VmaAllocation hAllocation,
      |         ^
      |                       _Nonnull
../subprojects/VulkanMemoryAllocator/include/vk_mem_alloc.h:6343:9: warning: pointer is missing a nullability type specifier (_Nonnull, _Nullable, or _Null_unspecified) [-Wnullability-completeness]
 6343 |         VkImage hImage,
      |         ^
../subprojects/VulkanMemoryAllocator/include/vk_mem_alloc.h:6343:9: note: insert '_Nullable' if the pointer may be null
 6343 |         VkImage hImage,
      |         ^
      |                 _Nullable
../subprojects/VulkanMemoryAllocator/include/vk_mem_alloc.h:6343:9: note: insert '_Nonnull' if the pointer should never be null
 6343 |         VkImage hImage,
      |         ^
      |                 _Nonnull
../subprojects/VulkanMemoryAllocator/include/vk_mem_alloc.h:6344:19: warning: pointer is missing a nullability type specifier (_Nonnull, _Nullable, or _Null_unspecified) [-Wnullability-completeness]
 6344 |         const void* pNext);
      |                   ^
../subprojects/VulkanMemoryAllocator/include/vk_mem_alloc.h:6344:19: note: insert '_Nullable' if the pointer may be null
 6344 |         const void* pNext);
      |                   ^
      |                     _Nullable
../subprojects/VulkanMemoryAllocator/include/vk_mem_alloc.h:6344:19: note: insert '_Nonnull' if the pointer should never be null
 6344 |         const void* pNext);
      |                   ^
      |                     _Nonnull
../subprojects/VulkanMemoryAllocator/include/vk_mem_alloc.h:6347:15: warning: pointer is missing a nullability type specifier (_Nonnull, _Nullable, or _Null_unspecified) [-Wnullability-completeness]
 6347 |         const VmaAllocator hAllocator,
      |               ^
../subprojects/VulkanMemoryAllocator/include/vk_mem_alloc.h:6347:15: note: insert '_Nullable' if the pointer may be null
 6347 |         const VmaAllocator hAllocator,
      |               ^
      |                            _Nullable
../subprojects/VulkanMemoryAllocator/include/vk_mem_alloc.h:6347:15: note: insert '_Nonnull' if the pointer should never be null
 6347 |         const VmaAllocator hAllocator,
      |               ^
      |                            _Nonnull
../subprojects/VulkanMemoryAllocator/include/vk_mem_alloc.h:6348:9: warning: pointer is missing a nullability type specifier (_Nonnull, _Nullable, or _Null_unspecified) [-Wnullability-completeness]
 6348 |         PFN_vkGetMemoryWin32HandleKHR pvkGetMemoryWin32HandleKHR,
      |         ^
../subprojects/VulkanMemoryAllocator/include/vk_mem_alloc.h:6348:9: note: insert '_Nullable' if the pointer may be null
 6348 |         PFN_vkGetMemoryWin32HandleKHR pvkGetMemoryWin32HandleKHR,
      |         ^
      |                                       _Nullable
../subprojects/VulkanMemoryAllocator/include/vk_mem_alloc.h:6348:9: note: insert '_Nonnull' if the pointer should never be null
 6348 |         PFN_vkGetMemoryWin32HandleKHR pvkGetMemoryWin32HandleKHR,
      |         ^
      |                                       _Nonnull
../subprojects/VulkanMemoryAllocator/include/vk_mem_alloc.h:6349:9: warning: pointer is missing a nullability type specifier (_Nonnull, _Nullable, or _Null_unspecified) [-Wnullability-completeness]
 6349 |         HANDLE hTargetProcess,
      |         ^
../subprojects/VulkanMemoryAllocator/include/vk_mem_alloc.h:6349:9: note: insert '_Nullable' if the pointer may be null
 6349 |         HANDLE hTargetProcess,
      |         ^
      |                _Nullable
../subprojects/VulkanMemoryAllocator/include/vk_mem_alloc.h:6349:9: note: insert '_Nonnull' if the pointer should never be null
 6349 |         HANDLE hTargetProcess,
      |         ^
      |                _Nonnull
../subprojects/VulkanMemoryAllocator/include/vk_mem_alloc.h:6350:9: warning: pointer is missing a nullability type specifier (_Nonnull, _Nullable, or _Null_unspecified) [-Wnullability-completeness]
 6350 |         HANDLE* pHandle)noexcept;
      |         ^
../subprojects/VulkanMemoryAllocator/include/vk_mem_alloc.h:6350:9: note: insert '_Nullable' if the pointer may be null
 6350 |         HANDLE* pHandle)noexcept;
      |         ^     
      |                _Nullable 
../subprojects/VulkanMemoryAllocator/include/vk_mem_alloc.h:6350:9: note: insert '_Nonnull' if the pointer should never be null
 6350 |         HANDLE* pHandle)noexcept;
      |         ^     
      |                _Nonnull 
../subprojects/VulkanMemoryAllocator/include/vk_mem_alloc.h:6350:15: warning: pointer is missing a nullability type specifier (_Nonnull, _Nullable, or _Null_unspecified) [-Wnullability-completeness]
 6350 |         HANDLE* pHandle)noexcept;
      |               ^
../subprojects/VulkanMemoryAllocator/include/vk_mem_alloc.h:6350:15: note: insert '_Nullable' if the pointer may be null
 6350 |         HANDLE* pHandle)noexcept;
      |               ^
      |                 _Nullable
../subprojects/VulkanMemoryAllocator/include/vk_mem_alloc.h:6350:15: note: insert '_Nonnull' if the pointer should never be null
 6350 |         HANDLE* pHandle)noexcept;
      |               ^
      |                 _Nonnull
../subprojects/VulkanMemoryAllocator/include/vk_mem_alloc.h:6353:5: warning: pointer is missing a nullability type specifier (_Nonnull, _Nullable, or _Null_unspecified) [-Wnullability-completeness]
 6353 |     VmaPool m_hParentPool; // VK_NULL_HANDLE if not belongs to custom pool.
      |     ^
../subprojects/VulkanMemoryAllocator/include/vk_mem_alloc.h:6353:5: note: insert '_Nullable' if the pointer may be null
 6353 |     VmaPool m_hParentPool; // VK_NULL_HANDLE if not belongs to custom pool.
      |     ^
      |             _Nullable
../subprojects/VulkanMemoryAllocator/include/vk_mem_alloc.h:6353:5: note: insert '_Nonnull' if the pointer should never be null
 6353 |     VmaPool m_hParentPool; // VK_NULL_HANDLE if not belongs to custom pool.
      |     ^
      |             _Nonnull
../subprojects/VulkanMemoryAllocator/include/vk_mem_alloc.h:6356:5: warning: pointer is missing a nullability type specifier (_Nonnull, _Nullable, or _Null_unspecified) [-Wnullability-completeness]
 6356 |     VkDeviceMemory m_hMemory;
      |     ^
../subprojects/VulkanMemoryAllocator/include/vk_mem_alloc.h:6356:5: note: insert '_Nullable' if the pointer may be null
 6356 |     VkDeviceMemory m_hMemory;
      |     ^
      |                    _Nullable
../subprojects/VulkanMemoryAllocator/include/vk_mem_alloc.h:6356:5: note: insert '_Nonnull' if the pointer should never be null
 6356 |     VkDeviceMemory m_hMemory;
      |     ^
      |                    _Nonnull
../subprojects/VulkanMemoryAllocator/include/vk_mem_alloc.h:6366:9: warning: pointer is missing a nullability type specifier (_Nonnull, _Nullable, or _Null_unspecified) [-Wnullability-completeness]
 6366 |     void* m_pMappedData;
      |         ^
../subprojects/VulkanMemoryAllocator/include/vk_mem_alloc.h:6366:9: note: insert '_Nullable' if the pointer may be null
 6366 |     void* m_pMappedData;
      |         ^
      |           _Nullable
../subprojects/VulkanMemoryAllocator/include/vk_mem_alloc.h:6366:9: note: insert '_Nonnull' if the pointer should never be null
 6366 |     void* m_pMappedData;
      |         ^
      |           _Nonnull
../subprojects/VulkanMemoryAllocator/include/vk_mem_alloc.h:6375:9: warning: pointer is missing a nullability type specifier (_Nonnull, _Nullable, or _Null_unspecified) [-Wnullability-completeness]
 6375 |     void* m_pMappedData = VMA_NULL; // Not null means memory is mapped.
      |         ^
../subprojects/VulkanMemoryAllocator/include/vk_mem_alloc.h:6375:9: note: insert '_Nullable' if the pointer may be null
 6375 |     void* m_pMappedData = VMA_NULL; // Not null means memory is mapped.
      |         ^
      |           _Nullable
../subprojects/VulkanMemoryAllocator/include/vk_mem_alloc.h:6375:9: note: insert '_Nonnull' if the pointer should never be null
 6375 |     void* m_pMappedData = VMA_NULL; // Not null means memory is mapped.
      |         ^
      |           _Nonnull
../subprojects/VulkanMemoryAllocator/include/vk_mem_alloc.h:6402:29: warning: pointer is missing a nullability type specifier (_Nonnull, _Nullable, or _Null_unspecified) [-Wnullability-completeness]
 6402 |         VmaDeviceMemoryBlock* block,
      |                             ^
../subprojects/VulkanMemoryAllocator/include/vk_mem_alloc.h:6402:29: note: insert '_Nullable' if the pointer may be null
 6402 |         VmaDeviceMemoryBlock* block,
      |                             ^
      |                               _Nullable
../subprojects/VulkanMemoryAllocator/include/vk_mem_alloc.h:6402:29: note: insert '_Nonnull' if the pointer should never be null
 6402 |         VmaDeviceMemoryBlock* block,
      |                             ^
      |                               _Nonnull
../subprojects/VulkanMemoryAllocator/include/vk_mem_alloc.h:6403:9: warning: pointer is missing a nullability type specifier (_Nonnull, _Nullable, or _Null_unspecified) [-Wnullability-completeness]
 6403 |         VmaAllocHandle allocHandle,
      |         ^
../subprojects/VulkanMemoryAllocator/include/vk_mem_alloc.h:6403:9: note: insert '_Nullable' if the pointer may be null
 6403 |         VmaAllocHandle allocHandle,
      |         ^
      |                        _Nullable
../subprojects/VulkanMemoryAllocator/include/vk_mem_alloc.h:6403:9: note: insert '_Nonnull' if the pointer should never be null
 6403 |         VmaAllocHandle allocHandle,
      |         ^
      |                        _Nonnull
../subprojects/VulkanMemoryAllocator/include/vk_mem_alloc.h:6411:9: warning: pointer is missing a nullability type specifier (_Nonnull, _Nullable, or _Null_unspecified) [-Wnullability-completeness]
 6411 |         VmaAllocator allocator,
      |         ^
../subprojects/VulkanMemoryAllocator/include/vk_mem_alloc.h:6411:9: note: insert '_Nullable' if the pointer may be null
 6411 |         VmaAllocator allocator,
      |         ^
      |                      _Nullable
../subprojects/VulkanMemoryAllocator/include/vk_mem_alloc.h:6411:9: note: insert '_Nonnull' if the pointer should never be null
 6411 |         VmaAllocator allocator,
      |         ^
      |                      _Nonnull
../subprojects/VulkanMemoryAllocator/include/vk_mem_alloc.h:6412:9: warning: pointer is missing a nullability type specifier (_Nonnull, _Nullable, or _Null_unspecified) [-Wnullability-completeness]
 6412 |         VmaPool hParentPool,
      |         ^
../subprojects/VulkanMemoryAllocator/include/vk_mem_alloc.h:6412:9: note: insert '_Nullable' if the pointer may be null
 6412 |         VmaPool hParentPool,
      |         ^
      |                 _Nullable
../subprojects/VulkanMemoryAllocator/include/vk_mem_alloc.h:6412:9: note: insert '_Nonnull' if the pointer should never be null
 6412 |         VmaPool hParentPool,
      |         ^
      |                 _Nonnull
../subprojects/VulkanMemoryAllocator/include/vk_mem_alloc.h:6414:9: warning: pointer is missing a nullability type specifier (_Nonnull, _Nullable, or _Null_unspecified) [-Wnullability-completeness]
 6414 |         VkDeviceMemory hMemory,
      |         ^
../subprojects/VulkanMemoryAllocator/include/vk_mem_alloc.h:6414:9: note: insert '_Nullable' if the pointer may be null
 6414 |         VkDeviceMemory hMemory,
      |         ^
      |                        _Nullable
../subprojects/VulkanMemoryAllocator/include/vk_mem_alloc.h:6414:9: note: insert '_Nonnull' if the pointer should never be null
 6414 |         VkDeviceMemory hMemory,
      |         ^
      |                        _Nonnull
../subprojects/VulkanMemoryAllocator/include/vk_mem_alloc.h:6416:13: warning: pointer is missing a nullability type specifier (_Nonnull, _Nullable, or _Null_unspecified) [-Wnullability-completeness]
 6416 |         void* pMappedData,
      |             ^
../subprojects/VulkanMemoryAllocator/include/vk_mem_alloc.h:6416:13: note: insert '_Nullable' if the pointer may be null
 6416 |         void* pMappedData,
      |             ^
      |               _Nullable
../subprojects/VulkanMemoryAllocator/include/vk_mem_alloc.h:6416:13: note: insert '_Nonnull' if the pointer should never be null
 6416 |         void* pMappedData,
      |             ^
      |               _Nonnull
../subprojects/VulkanMemoryAllocator/include/vk_mem_alloc.h:6418:18: warning: pointer is missing a nullability type specifier (_Nonnull, _Nullable, or _Null_unspecified) [-Wnullability-completeness]
 6418 |     void Destroy(VmaAllocator allocator);
      |                  ^
../subprojects/VulkanMemoryAllocator/include/vk_mem_alloc.h:6418:18: note: insert '_Nullable' if the pointer may be null
 6418 |     void Destroy(VmaAllocator allocator);
      |                  ^
      |                               _Nullable
../subprojects/VulkanMemoryAllocator/include/vk_mem_alloc.h:6418:18: note: insert '_Nonnull' if the pointer should never be null
 6418 |     void Destroy(VmaAllocator allocator);
      |                  ^
      |                               _Nonnull
../subprojects/VulkanMemoryAllocator/include/vk_mem_alloc.h:6423:9: warning: pointer is missing a nullability type specifier (_Nonnull, _Nullable, or _Null_unspecified) [-Wnullability-completeness]
 6423 |     void* GetUserData() const { return m_pUserData; }
      |         ^
../subprojects/VulkanMemoryAllocator/include/vk_mem_alloc.h:6423:9: note: insert '_Nullable' if the pointer may be null
 6423 |     void* GetUserData() const { return m_pUserData; }
      |         ^
      |           _Nullable
../subprojects/VulkanMemoryAllocator/include/vk_mem_alloc.h:6423:9: note: insert '_Nonnull' if the pointer should never be null
 6423 |     void* GetUserData() const { return m_pUserData; }
      |         ^
      |           _Nonnull
../subprojects/VulkanMemoryAllocator/include/vk_mem_alloc.h:6424:15: warning: pointer is missing a nullability type specifier (_Nonnull, _Nullable, or _Null_unspecified) [-Wnullability-completeness]
 6424 |     const char* GetName() const { return m_pName; }
      |               ^
../subprojects/VulkanMemoryAllocator/include/vk_mem_alloc.h:6424:15: note: insert '_Nullable' if the pointer may be null
 6424 |     const char* GetName() const { return m_pName; }
      |               ^
      |                 _Nullable
../subprojects/VulkanMemoryAllocator/include/vk_mem_alloc.h:6424:15: note: insert '_Nonnull' if the pointer should never be null
 6424 |     const char* GetName() const { return m_pName; }
      |               ^
      |                 _Nonnull
../subprojects/VulkanMemoryAllocator/include/vk_mem_alloc.h:6427:25: warning: pointer is missing a nullability type specifier (_Nonnull, _Nullable, or _Null_unspecified) [-Wnullability-completeness]
 6427 |     VmaDeviceMemoryBlock* GetBlock() const { VMA_ASSERT(m_Type == ALLOCATION_TYPE_BLOCK); return m_BlockAllocation.m_Block; }
      |                         ^
../subprojects/VulkanMemoryAllocator/include/vk_mem_alloc.h:6427:25: note: insert '_Nullable' if the pointer may be null
 6427 |     VmaDeviceMemoryBlock* GetBlock() const { VMA_ASSERT(m_Type == ALLOCATION_TYPE_BLOCK); return m_BlockAllocation.m_Block; }
      |                         ^
      |                           _Nullable
../subprojects/VulkanMemoryAllocator/include/vk_mem_alloc.h:6427:25: note: insert '_Nonnull' if the pointer should never be null
 6427 |     VmaDeviceMemoryBlock* GetBlock() const { VMA_ASSERT(m_Type == ALLOCATION_TYPE_BLOCK); return m_BlockAllocation.m_Block; }
      |                         ^
      |                           _Nonnull
../subprojects/VulkanMemoryAllocator/include/vk_mem_alloc.h:6432:22: warning: pointer is missing a nullability type specifier (_Nonnull, _Nullable, or _Null_unspecified) [-Wnullability-completeness]
 6432 |     void SetUserData(VmaAllocator hAllocator, void* pUserData) { m_pUserData = pUserData; }
      |                      ^
../subprojects/VulkanMemoryAllocator/include/vk_mem_alloc.h:6432:22: note: insert '_Nullable' if the pointer may be null
 6432 |     void SetUserData(VmaAllocator hAllocator, void* pUserData) { m_pUserData = pUserData; }
      |                      ^
      |                                   _Nullable
../subprojects/VulkanMemoryAllocator/include/vk_mem_alloc.h:6432:22: note: insert '_Nonnull' if the pointer should never be null
 6432 |     void SetUserData(VmaAllocator hAllocator, void* pUserData) { m_pUserData = pUserData; }
      |                      ^
      |                                   _Nonnull
../subprojects/VulkanMemoryAllocator/include/vk_mem_alloc.h:6432:51: warning: pointer is missing a nullability type specifier (_Nonnull, _Nullable, or _Null_unspecified) [-Wnullability-completeness]
 6432 |     void SetUserData(VmaAllocator hAllocator, void* pUserData) { m_pUserData = pUserData; }
      |                                                   ^
../subprojects/VulkanMemoryAllocator/include/vk_mem_alloc.h:6432:51: note: insert '_Nullable' if the pointer may be null
 6432 |     void SetUserData(VmaAllocator hAllocator, void* pUserData) { m_pUserData = pUserData; }
      |                                                   ^
      |                                                     _Nullable
../subprojects/VulkanMemoryAllocator/include/vk_mem_alloc.h:6432:51: note: insert '_Nonnull' if the pointer should never be null
 6432 |     void SetUserData(VmaAllocator hAllocator, void* pUserData) { m_pUserData = pUserData; }
      |                                                   ^
      |                                                     _Nonnull
../subprojects/VulkanMemoryAllocator/include/vk_mem_alloc.h:6433:18: warning: pointer is missing a nullability type specifier (_Nonnull, _Nullable, or _Null_unspecified) [-Wnullability-completeness]
 6433 |     void SetName(VmaAllocator hAllocator, const char* pName);
      |                  ^
../subprojects/VulkanMemoryAllocator/include/vk_mem_alloc.h:6433:18: note: insert '_Nullable' if the pointer may be null
 6433 |     void SetName(VmaAllocator hAllocator, const char* pName);
      |                  ^
      |                               _Nullable
../subprojects/VulkanMemoryAllocator/include/vk_mem_alloc.h:6433:18: note: insert '_Nonnull' if the pointer should never be null
 6433 |     void SetName(VmaAllocator hAllocator, const char* pName);
      |                  ^
      |                               _Nonnull
../subprojects/VulkanMemoryAllocator/include/vk_mem_alloc.h:6433:53: warning: pointer is missing a nullability type specifier (_Nonnull, _Nullable, or _Null_unspecified) [-Wnullability-completeness]
 6433 |     void SetName(VmaAllocator hAllocator, const char* pName);
      |                                                     ^
../subprojects/VulkanMemoryAllocator/include/vk_mem_alloc.h:6433:53: note: insert '_Nullable' if the pointer may be null
 6433 |     void SetName(VmaAllocator hAllocator, const char* pName);
      |                                                     ^
      |                                                       _Nullable
../subprojects/VulkanMemoryAllocator/include/vk_mem_alloc.h:6433:53: note: insert '_Nonnull' if the pointer should never be null
 6433 |     void SetName(VmaAllocator hAllocator, const char* pName);
      |                                                     ^
      |                                                       _Nonnull
../subprojects/VulkanMemoryAllocator/include/vk_mem_alloc.h:6434:19: warning: pointer is missing a nullability type specifier (_Nonnull, _Nullable, or _Null_unspecified) [-Wnullability-completeness]
 6434 |     void FreeName(VmaAllocator hAllocator);
      |                   ^
../subprojects/VulkanMemoryAllocator/include/vk_mem_alloc.h:6434:19: note: insert '_Nullable' if the pointer may be null
 6434 |     void FreeName(VmaAllocator hAllocator);
      |                   ^
      |                                _Nullable
../subprojects/VulkanMemoryAllocator/include/vk_mem_alloc.h:6434:19: note: insert '_Nonnull' if the pointer should never be null
 6434 |     void FreeName(VmaAllocator hAllocator);
      |                   ^
      |                                _Nonnull
../subprojects/VulkanMemoryAllocator/include/vk_mem_alloc.h:6435:33: warning: pointer is missing a nullability type specifier (_Nonnull, _Nullable, or _Null_unspecified) [-Wnullability-completeness]
 6435 |     uint8_t SwapBlockAllocation(VmaAllocator hAllocator, VmaAllocation allocation);
      |                                 ^
../subprojects/VulkanMemoryAllocator/include/vk_mem_alloc.h:6435:33: note: insert '_Nullable' if the pointer may be null
 6435 |     uint8_t SwapBlockAllocation(VmaAllocator hAllocator, VmaAllocation allocation);
      |                                 ^
      |                                              _Nullable
../subprojects/VulkanMemoryAllocator/include/vk_mem_alloc.h:6435:33: note: insert '_Nonnull' if the pointer should never be null
 6435 |     uint8_t SwapBlockAllocation(VmaAllocator hAllocator, VmaAllocation allocation);
      |                                 ^
      |                                              _Nonnull
../subprojects/VulkanMemoryAllocator/include/vk_mem_alloc.h:6435:58: warning: pointer is missing a nullability type specifier (_Nonnull, _Nullable, or _Null_unspecified) [-Wnullability-completeness]
 6435 |     uint8_t SwapBlockAllocation(VmaAllocator hAllocator, VmaAllocation allocation);
      |                                                          ^
../subprojects/VulkanMemoryAllocator/include/vk_mem_alloc.h:6435:58: note: insert '_Nullable' if the pointer may be null
 6435 |     uint8_t SwapBlockAllocation(VmaAllocator hAllocator, VmaAllocation allocation);
      |                                                          ^
      |                                                                        _Nullable
../subprojects/VulkanMemoryAllocator/include/vk_mem_alloc.h:6435:58: note: insert '_Nonnull' if the pointer should never be null
 6435 |     uint8_t SwapBlockAllocation(VmaAllocator hAllocator, VmaAllocation allocation);
      |                                                          ^
      |                                                                        _Nonnull
../subprojects/VulkanMemoryAllocator/include/vk_mem_alloc.h:6436:5: warning: pointer is missing a nullability type specifier (_Nonnull, _Nullable, or _Null_unspecified) [-Wnullability-completeness]
 6436 |     VmaAllocHandle GetAllocHandle() const;
      |     ^
../subprojects/VulkanMemoryAllocator/include/vk_mem_alloc.h:6436:5: note: insert '_Nullable' if the pointer may be null
 6436 |     VmaAllocHandle GetAllocHandle() const;
      |     ^
      |                    _Nullable
../subprojects/VulkanMemoryAllocator/include/vk_mem_alloc.h:6436:5: note: insert '_Nonnull' if the pointer should never be null
 6436 |     VmaAllocHandle GetAllocHandle() const;
      |     ^
      |                    _Nonnull
../subprojects/VulkanMemoryAllocator/include/vk_mem_alloc.h:6438:5: warning: pointer is missing a nullability type specifier (_Nonnull, _Nullable, or _Null_unspecified) [-Wnullability-completeness]
 6438 |     VmaPool GetParentPool() const;
      |     ^
../subprojects/VulkanMemoryAllocator/include/vk_mem_alloc.h:6438:5: note: insert '_Nullable' if the pointer may be null
 6438 |     VmaPool GetParentPool() const;
      |     ^
      |             _Nullable
../subprojects/VulkanMemoryAllocator/include/vk_mem_alloc.h:6438:5: note: insert '_Nonnull' if the pointer should never be null
 6438 |     VmaPool GetParentPool() const;
      |     ^
      |             _Nonnull
../subprojects/VulkanMemoryAllocator/include/vk_mem_alloc.h:6439:5: warning: pointer is missing a nullability type specifier (_Nonnull, _Nullable, or _Null_unspecified) [-Wnullability-completeness]
 6439 |     VkDeviceMemory GetMemory() const;
      |     ^
../subprojects/VulkanMemoryAllocator/include/vk_mem_alloc.h:6439:5: note: insert '_Nullable' if the pointer may be null
 6439 |     VkDeviceMemory GetMemory() const;
      |     ^
      |                    _Nullable
../subprojects/VulkanMemoryAllocator/include/vk_mem_alloc.h:6439:5: note: insert '_Nonnull' if the pointer should never be null
 6439 |     VkDeviceMemory GetMemory() const;
      |     ^
      |                    _Nonnull
../subprojects/VulkanMemoryAllocator/include/vk_mem_alloc.h:6440:9: warning: pointer is missing a nullability type specifier (_Nonnull, _Nullable, or _Null_unspecified) [-Wnullability-completeness]
 6440 |     void* GetMappedData() const;
      |         ^
../subprojects/VulkanMemoryAllocator/include/vk_mem_alloc.h:6440:9: note: insert '_Nullable' if the pointer may be null
 6440 |     void* GetMappedData() const;
      |         ^
      |           _Nullable
../subprojects/VulkanMemoryAllocator/include/vk_mem_alloc.h:6440:9: note: insert '_Nonnull' if the pointer should never be null
 6440 |     void* GetMappedData() const;
      |         ^
      |           _Nonnull
../subprojects/VulkanMemoryAllocator/include/vk_mem_alloc.h:6444:32: warning: pointer is missing a nullability type specifier (_Nonnull, _Nullable, or _Null_unspecified) [-Wnullability-completeness]
 6444 |     VkResult DedicatedAllocMap(VmaAllocator hAllocator, void** ppData);
      |                                ^
../subprojects/VulkanMemoryAllocator/include/vk_mem_alloc.h:6444:32: note: insert '_Nullable' if the pointer may be null
 6444 |     VkResult DedicatedAllocMap(VmaAllocator hAllocator, void** ppData);
      |                                ^
      |                                             _Nullable
../subprojects/VulkanMemoryAllocator/include/vk_mem_alloc.h:6444:32: note: insert '_Nonnull' if the pointer should never be null
 6444 |     VkResult DedicatedAllocMap(VmaAllocator hAllocator, void** ppData);
      |                                ^
      |                                             _Nonnull
../subprojects/VulkanMemoryAllocator/include/vk_mem_alloc.h:6444:61: warning: pointer is missing a nullability type specifier (_Nonnull, _Nullable, or _Null_unspecified) [-Wnullability-completeness]
 6444 |     VkResult DedicatedAllocMap(VmaAllocator hAllocator, void** ppData);
      |                                                             ^
../subprojects/VulkanMemoryAllocator/include/vk_mem_alloc.h:6444:61: note: insert '_Nullable' if the pointer may be null
 6444 |     VkResult DedicatedAllocMap(VmaAllocator hAllocator, void** ppData);
      |                                                             ^
      |                                                              _Nullable
../subprojects/VulkanMemoryAllocator/include/vk_mem_alloc.h:6444:61: note: insert '_Nonnull' if the pointer should never be null
 6444 |     VkResult DedicatedAllocMap(VmaAllocator hAllocator, void** ppData);
      |                                                             ^
      |                                                              _Nonnull
../subprojects/VulkanMemoryAllocator/include/vk_mem_alloc.h:6444:62: warning: pointer is missing a nullability type specifier (_Nonnull, _Nullable, or _Null_unspecified) [-Wnullability-completeness]
 6444 |     VkResult DedicatedAllocMap(VmaAllocator hAllocator, void** ppData);
      |                                                              ^
../subprojects/VulkanMemoryAllocator/include/vk_mem_alloc.h:6444:62: note: insert '_Nullable' if the pointer may be null
 6444 |     VkResult DedicatedAllocMap(VmaAllocator hAllocator, void** ppData);
      |                                                              ^
      |                                                                _Nullable
../subprojects/VulkanMemoryAllocator/include/vk_mem_alloc.h:6444:62: note: insert '_Nonnull' if the pointer should never be null
 6444 |     VkResult DedicatedAllocMap(VmaAllocator hAllocator, void** ppData);
      |                                                              ^
      |                                                                _Nonnull
../subprojects/VulkanMemoryAllocator/include/vk_mem_alloc.h:6445:30: warning: pointer is missing a nullability type specifier (_Nonnull, _Nullable, or _Null_unspecified) [-Wnullability-completeness]
 6445 |     void DedicatedAllocUnmap(VmaAllocator hAllocator);
      |                              ^
../subprojects/VulkanMemoryAllocator/include/vk_mem_alloc.h:6445:30: note: insert '_Nullable' if the pointer may be null
 6445 |     void DedicatedAllocUnmap(VmaAllocator hAllocator);
      |                              ^
      |                                           _Nullable
../subprojects/VulkanMemoryAllocator/include/vk_mem_alloc.h:6445:30: note: insert '_Nonnull' if the pointer should never be null
 6445 |     void DedicatedAllocUnmap(VmaAllocator hAllocator);
      |                              ^
      |                                           _Nonnull
../subprojects/VulkanMemoryAllocator/include/vk_mem_alloc.h:6463:29: warning: pointer is missing a nullability type specifier (_Nonnull, _Nullable, or _Null_unspecified) [-Wnullability-completeness]
 6463 |     VkResult GetWin32Handle(VmaAllocator hAllocator, HANDLE hTargetProcess, HANDLE* hHandle) noexcept;
      |                             ^
../subprojects/VulkanMemoryAllocator/include/vk_mem_alloc.h:6463:29: note: insert '_Nullable' if the pointer may be null
 6463 |     VkResult GetWin32Handle(VmaAllocator hAllocator, HANDLE hTargetProcess, HANDLE* hHandle) noexcept;
      |                             ^
      |                                          _Nullable
../subprojects/VulkanMemoryAllocator/include/vk_mem_alloc.h:6463:29: note: insert '_Nonnull' if the pointer should never be null
 6463 |     VkResult GetWin32Handle(VmaAllocator hAllocator, HANDLE hTargetProcess, HANDLE* hHandle) noexcept;
      |                             ^
      |                                          _Nonnull
../subprojects/VulkanMemoryAllocator/include/vk_mem_alloc.h:6463:54: warning: pointer is missing a nullability type specifier (_Nonnull, _Nullable, or _Null_unspecified) [-Wnullability-completeness]
 6463 |     VkResult GetWin32Handle(VmaAllocator hAllocator, HANDLE hTargetProcess, HANDLE* hHandle) noexcept;
      |                                                      ^
../subprojects/VulkanMemoryAllocator/include/vk_mem_alloc.h:6463:54: note: insert '_Nullable' if the pointer may be null
 6463 |     VkResult GetWin32Handle(VmaAllocator hAllocator, HANDLE hTargetProcess, HANDLE* hHandle) noexcept;
      |                                                      ^
      |                                                             _Nullable
../subprojects/VulkanMemoryAllocator/include/vk_mem_alloc.h:6463:54: note: insert '_Nonnull' if the pointer should never be null
 6463 |     VkResult GetWin32Handle(VmaAllocator hAllocator, HANDLE hTargetProcess, HANDLE* hHandle) noexcept;
      |                                                      ^
      |                                                             _Nonnull
../subprojects/VulkanMemoryAllocator/include/vk_mem_alloc.h:6463:77: warning: pointer is missing a nullability type specifier (_Nonnull, _Nullable, or _Null_unspecified) [-Wnullability-completeness]
 6463 |     VkResult GetWin32Handle(VmaAllocator hAllocator, HANDLE hTargetProcess, HANDLE* hHandle) noexcept;
      |                                                                             ^
../subprojects/VulkanMemoryAllocator/include/vk_mem_alloc.h:6463:77: note: insert '_Nullable' if the pointer may be null
 6463 |     VkResult GetWin32Handle(VmaAllocator hAllocator, HANDLE hTargetProcess, HANDLE* hHandle) noexcept;
      |                                                                             ^     
      |                                                                                    _Nullable 
../subprojects/VulkanMemoryAllocator/include/vk_mem_alloc.h:6463:77: note: insert '_Nonnull' if the pointer should never be null
 6463 |     VkResult GetWin32Handle(VmaAllocator hAllocator, HANDLE hTargetProcess, HANDLE* hHandle) noexcept;
      |                                                                             ^     
      |                                                                                    _Nonnull 
../subprojects/VulkanMemoryAllocator/include/vk_mem_alloc.h:6463:83: warning: pointer is missing a nullability type specifier (_Nonnull, _Nullable, or _Null_unspecified) [-Wnullability-completeness]
 6463 |     VkResult GetWin32Handle(VmaAllocator hAllocator, HANDLE hTargetProcess, HANDLE* hHandle) noexcept;
      |                                                                                   ^
../subprojects/VulkanMemoryAllocator/include/vk_mem_alloc.h:6463:83: note: insert '_Nullable' if the pointer may be null
 6463 |     VkResult GetWin32Handle(VmaAllocator hAllocator, HANDLE hTargetProcess, HANDLE* hHandle) noexcept;
      |                                                                                   ^
      |                                                                                     _Nullable
../subprojects/VulkanMemoryAllocator/include/vk_mem_alloc.h:6463:83: note: insert '_Nonnull' if the pointer should never be null
 6463 |     VkResult GetWin32Handle(VmaAllocator hAllocator, HANDLE hTargetProcess, HANDLE* hHandle) noexcept;
      |                                                                                   ^
      |                                                                                     _Nonnull
../subprojects/VulkanMemoryAllocator/include/vk_mem_alloc.h:6470:29: warning: pointer is missing a nullability type specifier (_Nonnull, _Nullable, or _Null_unspecified) [-Wnullability-completeness]
 6470 |         VmaDeviceMemoryBlock* m_Block;
      |                             ^
../subprojects/VulkanMemoryAllocator/include/vk_mem_alloc.h:6470:29: note: insert '_Nullable' if the pointer may be null
 6470 |         VmaDeviceMemoryBlock* m_Block;
      |                             ^
      |                               _Nullable
../subprojects/VulkanMemoryAllocator/include/vk_mem_alloc.h:6470:29: note: insert '_Nonnull' if the pointer should never be null
 6470 |         VmaDeviceMemoryBlock* m_Block;
      |                             ^
      |                               _Nonnull
../subprojects/VulkanMemoryAllocator/include/vk_mem_alloc.h:6471:9: warning: pointer is missing a nullability type specifier (_Nonnull, _Nullable, or _Null_unspecified) [-Wnullability-completeness]
 6471 |         VmaAllocHandle m_AllocHandle;
      |         ^
../subprojects/VulkanMemoryAllocator/include/vk_mem_alloc.h:6471:9: note: insert '_Nullable' if the pointer may be null
 6471 |         VmaAllocHandle m_AllocHandle;
      |         ^
      |                        _Nullable
../subprojects/VulkanMemoryAllocator/include/vk_mem_alloc.h:6471:9: note: insert '_Nonnull' if the pointer should never be null
 6471 |         VmaAllocHandle m_AllocHandle;
      |         ^
      |                        _Nonnull
../subprojects/VulkanMemoryAllocator/include/vk_mem_alloc.h:6476:9: warning: pointer is missing a nullability type specifier (_Nonnull, _Nullable, or _Null_unspecified) [-Wnullability-completeness]
 6476 |         VmaPool m_hParentPool; // VK_NULL_HANDLE if not belongs to custom pool.
      |         ^
../subprojects/VulkanMemoryAllocator/include/vk_mem_alloc.h:6476:9: note: insert '_Nullable' if the pointer may be null
 6476 |         VmaPool m_hParentPool; // VK_NULL_HANDLE if not belongs to custom pool.
      |         ^
      |                 _Nullable
../subprojects/VulkanMemoryAllocator/include/vk_mem_alloc.h:6476:9: note: insert '_Nonnull' if the pointer should never be null
 6476 |         VmaPool m_hParentPool; // VK_NULL_HANDLE if not belongs to custom pool.
      |         ^
      |                 _Nonnull
../subprojects/VulkanMemoryAllocator/include/vk_mem_alloc.h:6477:9: warning: pointer is missing a nullability type specifier (_Nonnull, _Nullable, or _Null_unspecified) [-Wnullability-completeness]
 6477 |         VkDeviceMemory m_hMemory;
      |         ^
../subprojects/VulkanMemoryAllocator/include/vk_mem_alloc.h:6477:9: note: insert '_Nullable' if the pointer may be null
 6477 |         VkDeviceMemory m_hMemory;
      |         ^
      |                        _Nullable
../subprojects/VulkanMemoryAllocator/include/vk_mem_alloc.h:6477:9: note: insert '_Nonnull' if the pointer should never be null
 6477 |         VkDeviceMemory m_hMemory;
      |         ^
      |                        _Nonnull
../subprojects/VulkanMemoryAllocator/include/vk_mem_alloc.h:6478:31: warning: pointer is missing a nullability type specifier (_Nonnull, _Nullable, or _Null_unspecified) [-Wnullability-completeness]
 6478 |         VmaAllocationExtraData* m_ExtraData;
      |                               ^
../subprojects/VulkanMemoryAllocator/include/vk_mem_alloc.h:6478:31: note: insert '_Nullable' if the pointer may be null
 6478 |         VmaAllocationExtraData* m_ExtraData;
      |                               ^
      |                                 _Nullable
../subprojects/VulkanMemoryAllocator/include/vk_mem_alloc.h:6478:31: note: insert '_Nonnull' if the pointer should never be null
 6478 |         VmaAllocationExtraData* m_ExtraData;
      |                               ^
      |                                 _Nonnull
../subprojects/VulkanMemoryAllocator/include/vk_mem_alloc.h:6479:24: warning: pointer is missing a nullability type specifier (_Nonnull, _Nullable, or _Null_unspecified) [-Wnullability-completeness]
 6479 |         VmaAllocation_T* m_Prev;
      |                        ^
../subprojects/VulkanMemoryAllocator/include/vk_mem_alloc.h:6479:24: note: insert '_Nullable' if the pointer may be null
 6479 |         VmaAllocation_T* m_Prev;
      |                        ^
      |                          _Nullable
../subprojects/VulkanMemoryAllocator/include/vk_mem_alloc.h:6479:24: note: insert '_Nonnull' if the pointer should never be null
 6479 |         VmaAllocation_T* m_Prev;
      |                        ^
      |                          _Nonnull
../subprojects/VulkanMemoryAllocator/include/vk_mem_alloc.h:6480:24: warning: pointer is missing a nullability type specifier (_Nonnull, _Nullable, or _Null_unspecified) [-Wnullability-completeness]
 6480 |         VmaAllocation_T* m_Next;
      |                        ^
../subprojects/VulkanMemoryAllocator/include/vk_mem_alloc.h:6480:24: note: insert '_Nullable' if the pointer may be null
 6480 |         VmaAllocation_T* m_Next;
      |                        ^
      |                          _Nullable
../subprojects/VulkanMemoryAllocator/include/vk_mem_alloc.h:6480:24: note: insert '_Nonnull' if the pointer should never be null
 6480 |         VmaAllocation_T* m_Next;
      |                        ^
      |                          _Nonnull
../subprojects/VulkanMemoryAllocator/include/vk_mem_alloc.h:6492:9: warning: pointer is missing a nullability type specifier (_Nonnull, _Nullable, or _Null_unspecified) [-Wnullability-completeness]
 6492 |     void* m_pUserData;
      |         ^
../subprojects/VulkanMemoryAllocator/include/vk_mem_alloc.h:6492:9: note: insert '_Nullable' if the pointer may be null
 6492 |     void* m_pUserData;
      |         ^
      |           _Nullable
../subprojects/VulkanMemoryAllocator/include/vk_mem_alloc.h:6492:9: note: insert '_Nonnull' if the pointer should never be null
 6492 |     void* m_pUserData;
      |         ^
      |           _Nonnull
../subprojects/VulkanMemoryAllocator/include/vk_mem_alloc.h:6493:9: warning: pointer is missing a nullability type specifier (_Nonnull, _Nullable, or _Null_unspecified) [-Wnullability-completeness]
 6493 |     char* m_pName;
      |         ^
../subprojects/VulkanMemoryAllocator/include/vk_mem_alloc.h:6493:9: note: insert '_Nullable' if the pointer may be null
 6493 |     char* m_pName;
      |         ^
      |           _Nullable
../subprojects/VulkanMemoryAllocator/include/vk_mem_alloc.h:6493:9: note: insert '_Nonnull' if the pointer should never be null
 6493 |     char* m_pName;
      |         ^
      |           _Nonnull
../subprojects/VulkanMemoryAllocator/include/vk_mem_alloc.h:6504:26: warning: pointer is missing a nullability type specifier (_Nonnull, _Nullable, or _Null_unspecified) [-Wnullability-completeness]
 6504 |     void EnsureExtraData(VmaAllocator hAllocator);
      |                          ^
../subprojects/VulkanMemoryAllocator/include/vk_mem_alloc.h:6504:26: note: insert '_Nullable' if the pointer may be null
 6504 |     void EnsureExtraData(VmaAllocator hAllocator);
      |                          ^
      |                                       _Nullable
../subprojects/VulkanMemoryAllocator/include/vk_mem_alloc.h:6504:26: note: insert '_Nonnull' if the pointer should never be null
 6504 |     void EnsureExtraData(VmaAllocator hAllocator);
      |                          ^
      |                                       _Nonnull
../subprojects/VulkanMemoryAllocator/include/vk_mem_alloc.h:6513:44: warning: pointer is missing a nullability type specifier (_Nonnull, _Nullable, or _Null_unspecified) [-Wnullability-completeness]
 6513 |     static ItemType* GetPrev(const ItemType* item)
      |                                            ^
../subprojects/VulkanMemoryAllocator/include/vk_mem_alloc.h:6513:44: note: insert '_Nullable' if the pointer may be null
 6513 |     static ItemType* GetPrev(const ItemType* item)
      |                                            ^
      |                                              _Nullable
../subprojects/VulkanMemoryAllocator/include/vk_mem_alloc.h:6513:44: note: insert '_Nonnull' if the pointer should never be null
 6513 |     static ItemType* GetPrev(const ItemType* item)
      |                                            ^
      |                                              _Nonnull
../subprojects/VulkanMemoryAllocator/include/vk_mem_alloc.h:6513:20: warning: pointer is missing a nullability type specifier (_Nonnull, _Nullable, or _Null_unspecified) [-Wnullability-completeness]
 6513 |     static ItemType* GetPrev(const ItemType* item)
      |                    ^
../subprojects/VulkanMemoryAllocator/include/vk_mem_alloc.h:6513:20: note: insert '_Nullable' if the pointer may be null
 6513 |     static ItemType* GetPrev(const ItemType* item)
      |                    ^
      |                      _Nullable
../subprojects/VulkanMemoryAllocator/include/vk_mem_alloc.h:6513:20: note: insert '_Nonnull' if the pointer should never be null
 6513 |     static ItemType* GetPrev(const ItemType* item)
      |                    ^
      |                      _Nonnull
../subprojects/VulkanMemoryAllocator/include/vk_mem_alloc.h:6518:44: warning: pointer is missing a nullability type specifier (_Nonnull, _Nullable, or _Null_unspecified) [-Wnullability-completeness]
 6518 |     static ItemType* GetNext(const ItemType* item)
      |                                            ^
../subprojects/VulkanMemoryAllocator/include/vk_mem_alloc.h:6518:44: note: insert '_Nullable' if the pointer may be null
 6518 |     static ItemType* GetNext(const ItemType* item)
      |                                            ^
      |                                              _Nullable
../subprojects/VulkanMemoryAllocator/include/vk_mem_alloc.h:6518:44: note: insert '_Nonnull' if the pointer should never be null
 6518 |     static ItemType* GetNext(const ItemType* item)
      |                                            ^
      |                                              _Nonnull
../subprojects/VulkanMemoryAllocator/include/vk_mem_alloc.h:6518:20: warning: pointer is missing a nullability type specifier (_Nonnull, _Nullable, or _Null_unspecified) [-Wnullability-completeness]
 6518 |     static ItemType* GetNext(const ItemType* item)
      |                    ^
../subprojects/VulkanMemoryAllocator/include/vk_mem_alloc.h:6518:20: note: insert '_Nullable' if the pointer may be null
 6518 |     static ItemType* GetNext(const ItemType* item)
      |                    ^
      |                      _Nullable
../subprojects/VulkanMemoryAllocator/include/vk_mem_alloc.h:6518:20: note: insert '_Nonnull' if the pointer should never be null
 6518 |     static ItemType* GetNext(const ItemType* item)
      |                    ^
      |                      _Nonnull
../subprojects/VulkanMemoryAllocator/include/vk_mem_alloc.h:6523:42: warning: pointer is missing a nullability type specifier (_Nonnull, _Nullable, or _Null_unspecified) [-Wnullability-completeness]
 6523 |     static ItemType*& AccessPrev(ItemType* item)
      |                                          ^
../subprojects/VulkanMemoryAllocator/include/vk_mem_alloc.h:6523:42: note: insert '_Nullable' if the pointer may be null
 6523 |     static ItemType*& AccessPrev(ItemType* item)
      |                                          ^
      |                                            _Nullable
../subprojects/VulkanMemoryAllocator/include/vk_mem_alloc.h:6523:42: note: insert '_Nonnull' if the pointer should never be null
 6523 |     static ItemType*& AccessPrev(ItemType* item)
      |                                          ^
      |                                            _Nonnull
../subprojects/VulkanMemoryAllocator/include/vk_mem_alloc.h:6523:20: warning: pointer is missing a nullability type specifier (_Nonnull, _Nullable, or _Null_unspecified) [-Wnullability-completeness]
 6523 |     static ItemType*& AccessPrev(ItemType* item)
      |                    ^
../subprojects/VulkanMemoryAllocator/include/vk_mem_alloc.h:6523:20: note: insert '_Nullable' if the pointer may be null
 6523 |     static ItemType*& AccessPrev(ItemType* item)
      |                    ^
      |                     _Nullable
../subprojects/VulkanMemoryAllocator/include/vk_mem_alloc.h:6523:20: note: insert '_Nonnull' if the pointer should never be null
 6523 |     static ItemType*& AccessPrev(ItemType* item)
      |                    ^
      |                     _Nonnull
../subprojects/VulkanMemoryAllocator/include/vk_mem_alloc.h:6528:42: warning: pointer is missing a nullability type specifier (_Nonnull, _Nullable, or _Null_unspecified) [-Wnullability-completeness]
 6528 |     static ItemType*& AccessNext(ItemType* item)
      |                                          ^
../subprojects/VulkanMemoryAllocator/include/vk_mem_alloc.h:6528:42: note: insert '_Nullable' if the pointer may be null
 6528 |     static ItemType*& AccessNext(ItemType* item)
      |                                          ^
      |                                            _Nullable
../subprojects/VulkanMemoryAllocator/include/vk_mem_alloc.h:6528:42: note: insert '_Nonnull' if the pointer should never be null
 6528 |     static ItemType*& AccessNext(ItemType* item)
      |                                          ^
      |                                            _Nonnull
../subprojects/VulkanMemoryAllocator/include/vk_mem_alloc.h:6528:20: warning: pointer is missing a nullability type specifier (_Nonnull, _Nullable, or _Null_unspecified) [-Wnullability-completeness]
 6528 |     static ItemType*& AccessNext(ItemType* item)
      |                    ^
../subprojects/VulkanMemoryAllocator/include/vk_mem_alloc.h:6528:20: note: insert '_Nullable' if the pointer may be null
 6528 |     static ItemType*& AccessNext(ItemType* item)
      |                    ^
      |                     _Nullable
../subprojects/VulkanMemoryAllocator/include/vk_mem_alloc.h:6528:20: note: insert '_Nonnull' if the pointer should never be null
 6528 |     static ItemType*& AccessNext(ItemType* item)
      |                    ^
      |                     _Nonnull
../subprojects/VulkanMemoryAllocator/include/vk_mem_alloc.h:6559:19: warning: pointer is missing a nullability type specifier (_Nonnull, _Nullable, or _Null_unspecified) [-Wnullability-completeness]
 6559 |     void Register(VmaAllocation alloc);
      |                   ^
../subprojects/VulkanMemoryAllocator/include/vk_mem_alloc.h:6559:19: note: insert '_Nullable' if the pointer may be null
 6559 |     void Register(VmaAllocation alloc);
      |                   ^
      |                                 _Nullable
../subprojects/VulkanMemoryAllocator/include/vk_mem_alloc.h:6559:19: note: insert '_Nonnull' if the pointer should never be null
 6559 |     void Register(VmaAllocation alloc);
      |                   ^
      |                                 _Nonnull
../subprojects/VulkanMemoryAllocator/include/vk_mem_alloc.h:6560:21: warning: pointer is missing a nullability type specifier (_Nonnull, _Nullable, or _Null_unspecified) [-Wnullability-completeness]
 6560 |     void Unregister(VmaAllocation alloc);
      |                     ^
../subprojects/VulkanMemoryAllocator/include/vk_mem_alloc.h:6560:21: note: insert '_Nullable' if the pointer may be null
 6560 |     void Unregister(VmaAllocation alloc);
      |                     ^
      |                                   _Nullable
../subprojects/VulkanMemoryAllocator/include/vk_mem_alloc.h:6560:21: note: insert '_Nonnull' if the pointer should never be null
 6560 |     void Unregister(VmaAllocation alloc);
      |                     ^
      |                                   _Nonnull
../subprojects/VulkanMemoryAllocator/include/vk_mem_alloc.h:6646:43: warning: pointer is missing a nullability type specifier (_Nonnull, _Nullable, or _Null_unspecified) [-Wnullability-completeness]
 6646 | void VmaDedicatedAllocationList::Register(VmaAllocation alloc)
      |                                           ^
../subprojects/VulkanMemoryAllocator/include/vk_mem_alloc.h:6646:43: note: insert '_Nullable' if the pointer may be null
 6646 | void VmaDedicatedAllocationList::Register(VmaAllocation alloc)
      |                                           ^
      |                                                         _Nullable
../subprojects/VulkanMemoryAllocator/include/vk_mem_alloc.h:6646:43: note: insert '_Nonnull' if the pointer should never be null
 6646 | void VmaDedicatedAllocationList::Register(VmaAllocation alloc)
      |                                           ^
      |                                                         _Nonnull
../subprojects/VulkanMemoryAllocator/include/vk_mem_alloc.h:6652:45: warning: pointer is missing a nullability type specifier (_Nonnull, _Nullable, or _Null_unspecified) [-Wnullability-completeness]
 6652 | void VmaDedicatedAllocationList::Unregister(VmaAllocation alloc)
      |                                             ^
../subprojects/VulkanMemoryAllocator/include/vk_mem_alloc.h:6652:45: note: insert '_Nullable' if the pointer may be null
 6652 | void VmaDedicatedAllocationList::Unregister(VmaAllocation alloc)
      |                                             ^
      |                                                           _Nullable
../subprojects/VulkanMemoryAllocator/include/vk_mem_alloc.h:6652:45: note: insert '_Nonnull' if the pointer should never be null
 6652 | void VmaDedicatedAllocationList::Unregister(VmaAllocation alloc)
      |                                             ^
      |                                                           _Nonnull
../subprojects/VulkanMemoryAllocator/include/vk_mem_alloc.h:6669:9: warning: pointer is missing a nullability type specifier (_Nonnull, _Nullable, or _Null_unspecified) [-Wnullability-completeness]
 6669 |     void* userData;
      |         ^
../subprojects/VulkanMemoryAllocator/include/vk_mem_alloc.h:6669:9: note: insert '_Nullable' if the pointer may be null
 6669 |     void* userData;
      |         ^
      |           _Nullable
../subprojects/VulkanMemoryAllocator/include/vk_mem_alloc.h:6669:9: note: insert '_Nonnull' if the pointer should never be null
 6669 |     void* userData;
      |         ^
      |           _Nonnull
../subprojects/VulkanMemoryAllocator/include/vk_mem_alloc.h:6713:5: warning: pointer is missing a nullability type specifier (_Nonnull, _Nullable, or _Null_unspecified) [-Wnullability-completeness]
 6713 |     VmaAllocHandle allocHandle;
      |     ^
../subprojects/VulkanMemoryAllocator/include/vk_mem_alloc.h:6713:5: note: insert '_Nullable' if the pointer may be null
 6713 |     VmaAllocHandle allocHandle;
      |     ^
      |                    _Nullable
../subprojects/VulkanMemoryAllocator/include/vk_mem_alloc.h:6713:5: note: insert '_Nonnull' if the pointer should never be null
 6713 |     VmaAllocHandle allocHandle;
      |     ^
      |                    _Nonnull
../subprojects/VulkanMemoryAllocator/include/vk_mem_alloc.h:6716:9: warning: pointer is missing a nullability type specifier (_Nonnull, _Nullable, or _Null_unspecified) [-Wnullability-completeness]
 6716 |     void* customData;
      |         ^
../subprojects/VulkanMemoryAllocator/include/vk_mem_alloc.h:6716:9: note: insert '_Nullable' if the pointer may be null
 6716 |     void* customData;
      |         ^
      |           _Nullable
../subprojects/VulkanMemoryAllocator/include/vk_mem_alloc.h:6716:9: note: insert '_Nonnull' if the pointer should never be null
 6716 |     void* customData;
      |         ^
      |           _Nonnull
../subprojects/VulkanMemoryAllocator/include/vk_mem_alloc.h:6732:49: warning: pointer is missing a nullability type specifier (_Nonnull, _Nullable, or _Null_unspecified) [-Wnullability-completeness]
 6732 |     VmaBlockMetadata(const VkAllocationCallbacks* pAllocationCallbacks,
      |                                                 ^
../subprojects/VulkanMemoryAllocator/include/vk_mem_alloc.h:6732:49: note: insert '_Nullable' if the pointer may be null
 6732 |     VmaBlockMetadata(const VkAllocationCallbacks* pAllocationCallbacks,
      |                                                 ^
      |                                                   _Nullable
../subprojects/VulkanMemoryAllocator/include/vk_mem_alloc.h:6732:49: note: insert '_Nonnull' if the pointer should never be null
 6732 |     VmaBlockMetadata(const VkAllocationCallbacks* pAllocationCallbacks,
      |                                                 ^
      |                                                   _Nonnull
../subprojects/VulkanMemoryAllocator/include/vk_mem_alloc.h:6747:36: warning: pointer is missing a nullability type specifier (_Nonnull, _Nullable, or _Null_unspecified) [-Wnullability-completeness]
 6747 |     virtual void GetAllocationInfo(VmaAllocHandle allocHandle, VmaVirtualAllocationInfo& outInfo) = 0;
      |                                    ^
../subprojects/VulkanMemoryAllocator/include/vk_mem_alloc.h:6747:36: note: insert '_Nullable' if the pointer may be null
 6747 |     virtual void GetAllocationInfo(VmaAllocHandle allocHandle, VmaVirtualAllocationInfo& outInfo) = 0;
      |                                    ^
      |                                                   _Nullable
../subprojects/VulkanMemoryAllocator/include/vk_mem_alloc.h:6747:36: note: insert '_Nonnull' if the pointer should never be null
 6747 |     virtual void GetAllocationInfo(VmaAllocHandle allocHandle, VmaVirtualAllocationInfo& outInfo) = 0;
      |                                    ^
      |                                                   _Nonnull
../subprojects/VulkanMemoryAllocator/include/vk_mem_alloc.h:6748:46: warning: pointer is missing a nullability type specifier (_Nonnull, _Nullable, or _Null_unspecified) [-Wnullability-completeness]
 6748 |     virtual VkDeviceSize GetAllocationOffset(VmaAllocHandle allocHandle) const = 0;
      |                                              ^
../subprojects/VulkanMemoryAllocator/include/vk_mem_alloc.h:6748:46: note: insert '_Nullable' if the pointer may be null
 6748 |     virtual VkDeviceSize GetAllocationOffset(VmaAllocHandle allocHandle) const = 0;
      |                                              ^
      |                                                             _Nullable
../subprojects/VulkanMemoryAllocator/include/vk_mem_alloc.h:6748:46: note: insert '_Nonnull' if the pointer should never be null
 6748 |     virtual VkDeviceSize GetAllocationOffset(VmaAllocHandle allocHandle) const = 0;
      |                                              ^
      |                                                             _Nonnull
../subprojects/VulkanMemoryAllocator/include/vk_mem_alloc.h:6749:41: warning: pointer is missing a nullability type specifier (_Nonnull, _Nullable, or _Null_unspecified) [-Wnullability-completeness]
 6749 |     virtual void* GetAllocationUserData(VmaAllocHandle allocHandle) const = 0;
      |                                         ^
../subprojects/VulkanMemoryAllocator/include/vk_mem_alloc.h:6749:41: note: insert '_Nullable' if the pointer may be null
 6749 |     virtual void* GetAllocationUserData(VmaAllocHandle allocHandle) const = 0;
      |                                         ^
      |                                                        _Nullable
../subprojects/VulkanMemoryAllocator/include/vk_mem_alloc.h:6749:41: note: insert '_Nonnull' if the pointer should never be null
 6749 |     virtual void* GetAllocationUserData(VmaAllocHandle allocHandle) const = 0;
      |                                         ^
      |                                                        _Nonnull
../subprojects/VulkanMemoryAllocator/include/vk_mem_alloc.h:6749:17: warning: pointer is missing a nullability type specifier (_Nonnull, _Nullable, or _Null_unspecified) [-Wnullability-completeness]
 6749 |     virtual void* GetAllocationUserData(VmaAllocHandle allocHandle) const = 0;
      |                 ^
../subprojects/VulkanMemoryAllocator/include/vk_mem_alloc.h:6749:17: note: insert '_Nullable' if the pointer may be null
 6749 |     virtual void* GetAllocationUserData(VmaAllocHandle allocHandle) const = 0;
      |                 ^
      |                   _Nullable
../subprojects/VulkanMemoryAllocator/include/vk_mem_alloc.h:6749:17: note: insert '_Nonnull' if the pointer should never be null
 6749 |     virtual void* GetAllocationUserData(VmaAllocHandle allocHandle) const = 0;
      |                 ^
      |                   _Nonnull
../subprojects/VulkanMemoryAllocator/include/vk_mem_alloc.h:6751:13: warning: pointer is missing a nullability type specifier (_Nonnull, _Nullable, or _Null_unspecified) [-Wnullability-completeness]
 6751 |     virtual VmaAllocHandle GetAllocationListBegin() const = 0;
      |             ^
../subprojects/VulkanMemoryAllocator/include/vk_mem_alloc.h:6751:13: note: insert '_Nullable' if the pointer may be null
 6751 |     virtual VmaAllocHandle GetAllocationListBegin() const = 0;
      |             ^
      |                            _Nullable
../subprojects/VulkanMemoryAllocator/include/vk_mem_alloc.h:6751:13: note: insert '_Nonnull' if the pointer should never be null
 6751 |     virtual VmaAllocHandle GetAllocationListBegin() const = 0;
      |             ^
      |                            _Nonnull
../subprojects/VulkanMemoryAllocator/include/vk_mem_alloc.h:6752:46: warning: pointer is missing a nullability type specifier (_Nonnull, _Nullable, or _Null_unspecified) [-Wnullability-completeness]
 6752 |     virtual VmaAllocHandle GetNextAllocation(VmaAllocHandle prevAlloc) const = 0;
      |                                              ^
../subprojects/VulkanMemoryAllocator/include/vk_mem_alloc.h:6752:46: note: insert '_Nullable' if the pointer may be null
 6752 |     virtual VmaAllocHandle GetNextAllocation(VmaAllocHandle prevAlloc) const = 0;
      |                                              ^
      |                                                             _Nullable
../subprojects/VulkanMemoryAllocator/include/vk_mem_alloc.h:6752:46: note: insert '_Nonnull' if the pointer should never be null
 6752 |     virtual VmaAllocHandle GetNextAllocation(VmaAllocHandle prevAlloc) const = 0;
      |                                              ^
      |                                                             _Nonnull
../subprojects/VulkanMemoryAllocator/include/vk_mem_alloc.h:6752:13: warning: pointer is missing a nullability type specifier (_Nonnull, _Nullable, or _Null_unspecified) [-Wnullability-completeness]
 6752 |     virtual VmaAllocHandle GetNextAllocation(VmaAllocHandle prevAlloc) const = 0;
      |             ^
../subprojects/VulkanMemoryAllocator/include/vk_mem_alloc.h:6752:13: note: insert '_Nullable' if the pointer may be null
 6752 |     virtual VmaAllocHandle GetNextAllocation(VmaAllocHandle prevAlloc) const = 0;
      |             ^
      |                            _Nullable
../subprojects/VulkanMemoryAllocator/include/vk_mem_alloc.h:6752:13: note: insert '_Nonnull' if the pointer should never be null
 6752 |     virtual VmaAllocHandle GetNextAllocation(VmaAllocHandle prevAlloc) const = 0;
      |             ^
      |                            _Nonnull
../subprojects/VulkanMemoryAllocator/include/vk_mem_alloc.h:6753:48: warning: pointer is missing a nullability type specifier (_Nonnull, _Nullable, or _Null_unspecified) [-Wnullability-completeness]
 6753 |     virtual VkDeviceSize GetNextFreeRegionSize(VmaAllocHandle alloc) const = 0;
      |                                                ^
../subprojects/VulkanMemoryAllocator/include/vk_mem_alloc.h:6753:48: note: insert '_Nullable' if the pointer may be null
 6753 |     virtual VkDeviceSize GetNextFreeRegionSize(VmaAllocHandle alloc) const = 0;
      |                                                ^
      |                                                               _Nullable
../subprojects/VulkanMemoryAllocator/include/vk_mem_alloc.h:6753:48: note: insert '_Nonnull' if the pointer should never be null
 6753 |     virtual VkDeviceSize GetNextFreeRegionSize(VmaAllocHandle alloc) const = 0;
      |                                                ^
      |                                                               _Nonnull
../subprojects/VulkanMemoryAllocator/include/vk_mem_alloc.h:6773:29: warning: pointer is missing a nullability type specifier (_Nonnull, _Nullable, or _Null_unspecified) [-Wnullability-completeness]
 6773 |         VmaAllocationRequest* pAllocationRequest) = 0;
      |                             ^
../subprojects/VulkanMemoryAllocator/include/vk_mem_alloc.h:6773:29: note: insert '_Nullable' if the pointer may be null
 6773 |         VmaAllocationRequest* pAllocationRequest) = 0;
      |                             ^
      |                               _Nullable
../subprojects/VulkanMemoryAllocator/include/vk_mem_alloc.h:6773:29: note: insert '_Nonnull' if the pointer should never be null
 6773 |         VmaAllocationRequest* pAllocationRequest) = 0;
      |                             ^
      |                               _Nonnull
../subprojects/VulkanMemoryAllocator/include/vk_mem_alloc.h:6775:48: warning: pointer is missing a nullability type specifier (_Nonnull, _Nullable, or _Null_unspecified) [-Wnullability-completeness]
 6775 |     virtual VkResult CheckCorruption(const void* pBlockData) = 0;
      |                                                ^
../subprojects/VulkanMemoryAllocator/include/vk_mem_alloc.h:6775:48: note: insert '_Nullable' if the pointer may be null
 6775 |     virtual VkResult CheckCorruption(const void* pBlockData) = 0;
      |                                                ^
      |                                                  _Nullable
../subprojects/VulkanMemoryAllocator/include/vk_mem_alloc.h:6775:48: note: insert '_Nonnull' if the pointer should never be null
 6775 |     virtual VkResult CheckCorruption(const void* pBlockData) = 0;
      |                                                ^
      |                                                  _Nonnull
../subprojects/VulkanMemoryAllocator/include/vk_mem_alloc.h:6781:13: warning: pointer is missing a nullability type specifier (_Nonnull, _Nullable, or _Null_unspecified) [-Wnullability-completeness]
 6781 |         void* userData) = 0;
      |             ^
../subprojects/VulkanMemoryAllocator/include/vk_mem_alloc.h:6781:13: note: insert '_Nullable' if the pointer may be null
 6781 |         void* userData) = 0;
      |             ^
      |               _Nullable
../subprojects/VulkanMemoryAllocator/include/vk_mem_alloc.h:6781:13: note: insert '_Nonnull' if the pointer should never be null
 6781 |         void* userData) = 0;
      |             ^
      |               _Nonnull
../subprojects/VulkanMemoryAllocator/include/vk_mem_alloc.h:6784:23: warning: pointer is missing a nullability type specifier (_Nonnull, _Nullable, or _Null_unspecified) [-Wnullability-completeness]
 6784 |     virtual void Free(VmaAllocHandle allocHandle) = 0;
      |                       ^
../subprojects/VulkanMemoryAllocator/include/vk_mem_alloc.h:6784:23: note: insert '_Nullable' if the pointer may be null
 6784 |     virtual void Free(VmaAllocHandle allocHandle) = 0;
      |                       ^
      |                                      _Nullable
../subprojects/VulkanMemoryAllocator/include/vk_mem_alloc.h:6784:23: note: insert '_Nonnull' if the pointer should never be null
 6784 |     virtual void Free(VmaAllocHandle allocHandle) = 0;
      |                       ^
      |                                      _Nonnull
../subprojects/VulkanMemoryAllocator/include/vk_mem_alloc.h:6790:40: warning: pointer is missing a nullability type specifier (_Nonnull, _Nullable, or _Null_unspecified) [-Wnullability-completeness]
 6790 |     virtual void SetAllocationUserData(VmaAllocHandle allocHandle, void* userData) = 0;
      |                                        ^
../subprojects/VulkanMemoryAllocator/include/vk_mem_alloc.h:6790:40: note: insert '_Nullable' if the pointer may be null
 6790 |     virtual void SetAllocationUserData(VmaAllocHandle allocHandle, void* userData) = 0;
      |                                        ^
      |                                                       _Nullable
../subprojects/VulkanMemoryAllocator/include/vk_mem_alloc.h:6790:40: note: insert '_Nonnull' if the pointer should never be null
 6790 |     virtual void SetAllocationUserData(VmaAllocHandle allocHandle, void* userData) = 0;
      |                                        ^
      |                                                       _Nonnull
../subprojects/VulkanMemoryAllocator/include/vk_mem_alloc.h:6790:72: warning: pointer is missing a nullability type specifier (_Nonnull, _Nullable, or _Null_unspecified) [-Wnullability-completeness]
 6790 |     virtual void SetAllocationUserData(VmaAllocHandle allocHandle, void* userData) = 0;
      |                                                                        ^
../subprojects/VulkanMemoryAllocator/include/vk_mem_alloc.h:6790:72: note: insert '_Nullable' if the pointer may be null
 6790 |     virtual void SetAllocationUserData(VmaAllocHandle allocHandle, void* userData) = 0;
      |                                                                        ^
      |                                                                          _Nullable
../subprojects/VulkanMemoryAllocator/include/vk_mem_alloc.h:6790:72: note: insert '_Nonnull' if the pointer should never be null
 6790 |     virtual void SetAllocationUserData(VmaAllocHandle allocHandle, void* userData) = 0;
      |                                                                        ^
      |                                                                          _Nonnull
../subprojects/VulkanMemoryAllocator/include/vk_mem_alloc.h:6794:32: warning: pointer is missing a nullability type specifier (_Nonnull, _Nullable, or _Null_unspecified) [-Wnullability-completeness]
 6794 |     const VkAllocationCallbacks* GetAllocationCallbacks() const { return m_pAllocationCallbacks; }
      |                                ^
../subprojects/VulkanMemoryAllocator/include/vk_mem_alloc.h:6794:32: note: insert '_Nullable' if the pointer may be null
 6794 |     const VkAllocationCallbacks* GetAllocationCallbacks() const { return m_pAllocationCallbacks; }
      |                                ^
      |                                  _Nullable
../subprojects/VulkanMemoryAllocator/include/vk_mem_alloc.h:6794:32: note: insert '_Nonnull' if the pointer should never be null
 6794 |     const VkAllocationCallbacks* GetAllocationCallbacks() const { return m_pAllocationCallbacks; }
      |                                ^
      |                                  _Nonnull
../subprojects/VulkanMemoryAllocator/include/vk_mem_alloc.h:6798:73: warning: pointer is missing a nullability type specifier (_Nonnull, _Nullable, or _Null_unspecified) [-Wnullability-completeness]
 6798 |     void DebugLogAllocation(VkDeviceSize offset, VkDeviceSize size, void* userData) const;
      |                                                                         ^
../subprojects/VulkanMemoryAllocator/include/vk_mem_alloc.h:6798:73: note: insert '_Nullable' if the pointer may be null
 6798 |     void DebugLogAllocation(VkDeviceSize offset, VkDeviceSize size, void* userData) const;
      |                                                                         ^
      |                                                                           _Nullable
../subprojects/VulkanMemoryAllocator/include/vk_mem_alloc.h:6798:73: note: insert '_Nonnull' if the pointer should never be null
 6798 |     void DebugLogAllocation(VkDeviceSize offset, VkDeviceSize size, void* userData) const;
      |                                                                         ^
      |                                                                           _Nonnull
../subprojects/VulkanMemoryAllocator/include/vk_mem_alloc.h:6806:53: warning: pointer is missing a nullability type specifier (_Nonnull, _Nullable, or _Null_unspecified) [-Wnullability-completeness]
 6806 |         VkDeviceSize offset, VkDeviceSize size, void* userData) const;
      |                                                     ^
../subprojects/VulkanMemoryAllocator/include/vk_mem_alloc.h:6806:53: note: insert '_Nullable' if the pointer may be null
 6806 |         VkDeviceSize offset, VkDeviceSize size, void* userData) const;
      |                                                     ^
      |                                                       _Nullable
../subprojects/VulkanMemoryAllocator/include/vk_mem_alloc.h:6806:53: note: insert '_Nonnull' if the pointer should never be null
 6806 |         VkDeviceSize offset, VkDeviceSize size, void* userData) const;
      |                                                     ^
      |                                                       _Nonnull
../subprojects/VulkanMemoryAllocator/include/vk_mem_alloc.h:6815:32: warning: pointer is missing a nullability type specifier (_Nonnull, _Nullable, or _Null_unspecified) [-Wnullability-completeness]
 6815 |     const VkAllocationCallbacks* m_pAllocationCallbacks;
      |                                ^
../subprojects/VulkanMemoryAllocator/include/vk_mem_alloc.h:6815:32: note: insert '_Nullable' if the pointer may be null
 6815 |     const VkAllocationCallbacks* m_pAllocationCallbacks;
      |                                ^
      |                                  _Nullable
../subprojects/VulkanMemoryAllocator/include/vk_mem_alloc.h:6815:32: note: insert '_Nonnull' if the pointer should never be null
 6815 |     const VkAllocationCallbacks* m_pAllocationCallbacks;
      |                                ^
      |                                  _Nonnull
../subprojects/VulkanMemoryAllocator/include/vk_mem_alloc.h:6821:63: warning: pointer is missing a nullability type specifier (_Nonnull, _Nullable, or _Null_unspecified) [-Wnullability-completeness]
 6821 | VmaBlockMetadata::VmaBlockMetadata(const VkAllocationCallbacks* pAllocationCallbacks,
      |                                                               ^
../subprojects/VulkanMemoryAllocator/include/vk_mem_alloc.h:6821:63: note: insert '_Nullable' if the pointer may be null
 6821 | VmaBlockMetadata::VmaBlockMetadata(const VkAllocationCallbacks* pAllocationCallbacks,
      |                                                               ^
      |                                                                 _Nullable
../subprojects/VulkanMemoryAllocator/include/vk_mem_alloc.h:6821:63: note: insert '_Nonnull' if the pointer should never be null
 6821 | VmaBlockMetadata::VmaBlockMetadata(const VkAllocationCallbacks* pAllocationCallbacks,
      |                                                               ^
      |                                                                 _Nonnull
../subprojects/VulkanMemoryAllocator/include/vk_mem_alloc.h:6828:87: warning: pointer is missing a nullability type specifier (_Nonnull, _Nullable, or _Null_unspecified) [-Wnullability-completeness]
 6828 | void VmaBlockMetadata::DebugLogAllocation(VkDeviceSize offset, VkDeviceSize size, void* userData) const
      |                                                                                       ^
../subprojects/VulkanMemoryAllocator/include/vk_mem_alloc.h:6828:87: note: insert '_Nullable' if the pointer may be null
 6828 | void VmaBlockMetadata::DebugLogAllocation(VkDeviceSize offset, VkDeviceSize size, void* userData) const
      |                                                                                       ^
      |                                                                                         _Nullable
../subprojects/VulkanMemoryAllocator/include/vk_mem_alloc.h:6828:87: note: insert '_Nonnull' if the pointer should never be null
 6828 | void VmaBlockMetadata::DebugLogAllocation(VkDeviceSize offset, VkDeviceSize size, void* userData) const
      |                                                                                       ^
      |                                                                                         _Nonnull
../subprojects/VulkanMemoryAllocator/include/vk_mem_alloc.h:6840:21: warning: unused variable 'name' [-Wunused-variable]
 6840 |         const char* name = allocation->GetName();
      |                     ^~~~
../subprojects/VulkanMemoryAllocator/include/vk_mem_alloc.h:6877:49: warning: pointer is missing a nullability type specifier (_Nonnull, _Nullable, or _Null_unspecified) [-Wnullability-completeness]
 6877 |     VkDeviceSize offset, VkDeviceSize size, void* userData) const
      |                                                 ^
../subprojects/VulkanMemoryAllocator/include/vk_mem_alloc.h:6877:49: note: insert '_Nullable' if the pointer may be null
 6877 |     VkDeviceSize offset, VkDeviceSize size, void* userData) const
      |                                                 ^
      |                                                   _Nullable
../subprojects/VulkanMemoryAllocator/include/vk_mem_alloc.h:6877:49: note: insert '_Nonnull' if the pointer should never be null
 6877 |     VkDeviceSize offset, VkDeviceSize size, void* userData) const
      |                                                 ^
      |                                                   _Nonnull
../subprojects/VulkanMemoryAllocator/include/vk_mem_alloc.h:6936:36: warning: pointer is missing a nullability type specifier (_Nonnull, _Nullable, or _Null_unspecified) [-Wnullability-completeness]
 6936 |         const VkAllocationCallbacks* allocCallbacks;
      |                                    ^
../subprojects/VulkanMemoryAllocator/include/vk_mem_alloc.h:6936:36: note: insert '_Nullable' if the pointer may be null
 6936 |         const VkAllocationCallbacks* allocCallbacks;
      |                                    ^
      |                                      _Nullable
../subprojects/VulkanMemoryAllocator/include/vk_mem_alloc.h:6936:36: note: insert '_Nonnull' if the pointer should never be null
 6936 |         const VkAllocationCallbacks* allocCallbacks;
      |                                    ^
      |                                      _Nonnull
../subprojects/VulkanMemoryAllocator/include/vk_mem_alloc.h:6937:17: warning: pointer is missing a nullability type specifier (_Nonnull, _Nullable, or _Null_unspecified) [-Wnullability-completeness]
 6937 |         uint16_t* pageAllocs;
      |                 ^
../subprojects/VulkanMemoryAllocator/include/vk_mem_alloc.h:6937:17: note: insert '_Nullable' if the pointer may be null
 6937 |         uint16_t* pageAllocs;
      |                 ^
      |                   _Nullable
../subprojects/VulkanMemoryAllocator/include/vk_mem_alloc.h:6937:17: note: insert '_Nonnull' if the pointer should never be null
 6937 |         uint16_t* pageAllocs;
      |                 ^
      |                   _Nonnull
../subprojects/VulkanMemoryAllocator/include/vk_mem_alloc.h:6945:42: warning: pointer is missing a nullability type specifier (_Nonnull, _Nullable, or _Null_unspecified) [-Wnullability-completeness]
 6945 |     void Init(const VkAllocationCallbacks* pAllocationCallbacks, VkDeviceSize size);
      |                                          ^
../subprojects/VulkanMemoryAllocator/include/vk_mem_alloc.h:6945:42: note: insert '_Nullable' if the pointer may be null
 6945 |     void Init(const VkAllocationCallbacks* pAllocationCallbacks, VkDeviceSize size);
      |                                          ^
      |                                            _Nullable
../subprojects/VulkanMemoryAllocator/include/vk_mem_alloc.h:6945:42: note: insert '_Nonnull' if the pointer should never be null
 6945 |     void Init(const VkAllocationCallbacks* pAllocationCallbacks, VkDeviceSize size);
      |                                          ^
      |                                            _Nonnull
../subprojects/VulkanMemoryAllocator/include/vk_mem_alloc.h:6947:45: warning: pointer is missing a nullability type specifier (_Nonnull, _Nullable, or _Null_unspecified) [-Wnullability-completeness]
 6947 |     void Destroy(const VkAllocationCallbacks* pAllocationCallbacks);
      |                                             ^
../subprojects/VulkanMemoryAllocator/include/vk_mem_alloc.h:6947:45: note: insert '_Nullable' if the pointer may be null
 6947 |     void Destroy(const VkAllocationCallbacks* pAllocationCallbacks);
      |                                             ^
      |                                               _Nullable
../subprojects/VulkanMemoryAllocator/include/vk_mem_alloc.h:6947:45: note: insert '_Nonnull' if the pointer should never be null
 6947 |     void Destroy(const VkAllocationCallbacks* pAllocationCallbacks);
      |                                             ^
      |                                               _Nonnull
../subprojects/VulkanMemoryAllocator/include/vk_mem_alloc.h:6963:66: warning: pointer is missing a nullability type specifier (_Nonnull, _Nullable, or _Null_unspecified) [-Wnullability-completeness]
 6963 |     ValidationContext StartValidation(const VkAllocationCallbacks* pAllocationCallbacks,
      |                                                                  ^
../subprojects/VulkanMemoryAllocator/include/vk_mem_alloc.h:6963:66: note: insert '_Nullable' if the pointer may be null
 6963 |     ValidationContext StartValidation(const VkAllocationCallbacks* pAllocationCallbacks,
      |                                                                  ^
      |                                                                    _Nullable
../subprojects/VulkanMemoryAllocator/include/vk_mem_alloc.h:6963:66: note: insert '_Nonnull' if the pointer should never be null
 6963 |     ValidationContext StartValidation(const VkAllocationCallbacks* pAllocationCallbacks,
      |                                                                  ^
      |                                                                    _Nonnull
../subprojects/VulkanMemoryAllocator/include/vk_mem_alloc.h:6979:15: warning: pointer is missing a nullability type specifier (_Nonnull, _Nullable, or _Null_unspecified) [-Wnullability-completeness]
 6979 |     RegionInfo* m_RegionInfo;
      |               ^
../subprojects/VulkanMemoryAllocator/include/vk_mem_alloc.h:6979:15: note: insert '_Nullable' if the pointer may be null
 6979 |     RegionInfo* m_RegionInfo;
      |               ^
      |                 _Nullable
../subprojects/VulkanMemoryAllocator/include/vk_mem_alloc.h:6979:15: note: insert '_Nonnull' if the pointer should never be null
 6979 |     RegionInfo* m_RegionInfo;
      |               ^
      |                 _Nonnull
../subprojects/VulkanMemoryAllocator/include/vk_mem_alloc.h:6999:70: warning: pointer is missing a nullability type specifier (_Nonnull, _Nullable, or _Null_unspecified) [-Wnullability-completeness]
 6999 | void VmaBlockBufferImageGranularity::Init(const VkAllocationCallbacks* pAllocationCallbacks, VkDeviceSize size)
      |                                                                      ^
../subprojects/VulkanMemoryAllocator/include/vk_mem_alloc.h:6999:70: note: insert '_Nullable' if the pointer may be null
 6999 | void VmaBlockBufferImageGranularity::Init(const VkAllocationCallbacks* pAllocationCallbacks, VkDeviceSize size)
      |                                                                      ^
      |                                                                        _Nullable
../subprojects/VulkanMemoryAllocator/include/vk_mem_alloc.h:6999:70: note: insert '_Nonnull' if the pointer should never be null
 6999 | void VmaBlockBufferImageGranularity::Init(const VkAllocationCallbacks* pAllocationCallbacks, VkDeviceSize size)
      |                                                                      ^
      |                                                                        _Nonnull
../subprojects/VulkanMemoryAllocator/include/vk_mem_alloc.h:7009:73: warning: pointer is missing a nullability type specifier (_Nonnull, _Nullable, or _Null_unspecified) [-Wnullability-completeness]
 7009 | void VmaBlockBufferImageGranularity::Destroy(const VkAllocationCallbacks* pAllocationCallbacks)
      |                                                                         ^
../subprojects/VulkanMemoryAllocator/include/vk_mem_alloc.h:7009:73: note: insert '_Nullable' if the pointer may be null
 7009 | void VmaBlockBufferImageGranularity::Destroy(const VkAllocationCallbacks* pAllocationCallbacks)
      |                                                                         ^
      |                                                                           _Nullable
../subprojects/VulkanMemoryAllocator/include/vk_mem_alloc.h:7009:73: note: insert '_Nonnull' if the pointer should never be null
 7009 | void VmaBlockBufferImageGranularity::Destroy(const VkAllocationCallbacks* pAllocationCallbacks)
      |                                                                         ^
      |                                                                           _Nonnull
../subprojects/VulkanMemoryAllocator/include/vk_mem_alloc.h:7101:32: warning: pointer is missing a nullability type specifier (_Nonnull, _Nullable, or _Null_unspecified) [-Wnullability-completeness]
 7101 |     const VkAllocationCallbacks* pAllocationCallbacks, bool isVirutal) const
      |                                ^
../subprojects/VulkanMemoryAllocator/include/vk_mem_alloc.h:7101:32: note: insert '_Nullable' if the pointer may be null
 7101 |     const VkAllocationCallbacks* pAllocationCallbacks, bool isVirutal) const
      |                                ^
      |                                  _Nullable
../subprojects/VulkanMemoryAllocator/include/vk_mem_alloc.h:7101:32: note: insert '_Nonnull' if the pointer should never be null
 7101 |     const VkAllocationCallbacks* pAllocationCallbacks, bool isVirutal) const
      |                                ^
      |                                  _Nonnull
../subprojects/VulkanMemoryAllocator/include/vk_mem_alloc.h:7247:56: warning: pointer is missing a nullability type specifier (_Nonnull, _Nullable, or _Null_unspecified) [-Wnullability-completeness]
 7247 |     VmaBlockMetadata_Linear(const VkAllocationCallbacks* pAllocationCallbacks,
      |                                                        ^
../subprojects/VulkanMemoryAllocator/include/vk_mem_alloc.h:7247:56: note: insert '_Nullable' if the pointer may be null
 7247 |     VmaBlockMetadata_Linear(const VkAllocationCallbacks* pAllocationCallbacks,
      |                                                        ^
      |                                                          _Nullable
../subprojects/VulkanMemoryAllocator/include/vk_mem_alloc.h:7247:56: note: insert '_Nonnull' if the pointer should never be null
 7247 |     VmaBlockMetadata_Linear(const VkAllocationCallbacks* pAllocationCallbacks,
      |                                                        ^
      |                                                          _Nonnull
../subprojects/VulkanMemoryAllocator/include/vk_mem_alloc.h:7253:38: warning: pointer is missing a nullability type specifier (_Nonnull, _Nullable, or _Null_unspecified) [-Wnullability-completeness]
 7253 |     VkDeviceSize GetAllocationOffset(VmaAllocHandle allocHandle) const override { return (VkDeviceSize)allocHandle - 1; }
      |                                      ^
../subprojects/VulkanMemoryAllocator/include/vk_mem_alloc.h:7253:38: note: insert '_Nullable' if the pointer may be null
 7253 |     VkDeviceSize GetAllocationOffset(VmaAllocHandle allocHandle) const override { return (VkDeviceSize)allocHandle - 1; }
      |                                      ^
      |                                                     _Nullable
../subprojects/VulkanMemoryAllocator/include/vk_mem_alloc.h:7253:38: note: insert '_Nonnull' if the pointer should never be null
 7253 |     VkDeviceSize GetAllocationOffset(VmaAllocHandle allocHandle) const override { return (VkDeviceSize)allocHandle - 1; }
      |                                      ^
      |                                                     _Nonnull
../subprojects/VulkanMemoryAllocator/include/vk_mem_alloc.h:7273:29: warning: pointer is missing a nullability type specifier (_Nonnull, _Nullable, or _Null_unspecified) [-Wnullability-completeness]
 7273 |         VmaAllocationRequest* pAllocationRequest) override;
      |                             ^
../subprojects/VulkanMemoryAllocator/include/vk_mem_alloc.h:7273:29: note: insert '_Nullable' if the pointer may be null
 7273 |         VmaAllocationRequest* pAllocationRequest) override;
      |                             ^
      |                               _Nullable
../subprojects/VulkanMemoryAllocator/include/vk_mem_alloc.h:7273:29: note: insert '_Nonnull' if the pointer should never be null
 7273 |         VmaAllocationRequest* pAllocationRequest) override;
      |                             ^
      |                               _Nonnull
../subprojects/VulkanMemoryAllocator/include/vk_mem_alloc.h:7275:40: warning: pointer is missing a nullability type specifier (_Nonnull, _Nullable, or _Null_unspecified) [-Wnullability-completeness]
 7275 |     VkResult CheckCorruption(const void* pBlockData) override;
      |                                        ^
../subprojects/VulkanMemoryAllocator/include/vk_mem_alloc.h:7275:40: note: insert '_Nullable' if the pointer may be null
 7275 |     VkResult CheckCorruption(const void* pBlockData) override;
      |                                        ^
      |                                          _Nullable
../subprojects/VulkanMemoryAllocator/include/vk_mem_alloc.h:7275:40: note: insert '_Nonnull' if the pointer should never be null
 7275 |     VkResult CheckCorruption(const void* pBlockData) override;
      |                                        ^
      |                                          _Nonnull
../subprojects/VulkanMemoryAllocator/include/vk_mem_alloc.h:7280:13: warning: pointer is missing a nullability type specifier (_Nonnull, _Nullable, or _Null_unspecified) [-Wnullability-completeness]
 7280 |         void* userData) override;
      |             ^
../subprojects/VulkanMemoryAllocator/include/vk_mem_alloc.h:7280:13: note: insert '_Nullable' if the pointer may be null
 7280 |         void* userData) override;
      |             ^
      |               _Nullable
../subprojects/VulkanMemoryAllocator/include/vk_mem_alloc.h:7280:13: note: insert '_Nonnull' if the pointer should never be null
 7280 |         void* userData) override;
      |             ^
      |               _Nonnull
../subprojects/VulkanMemoryAllocator/include/vk_mem_alloc.h:7282:15: warning: pointer is missing a nullability type specifier (_Nonnull, _Nullable, or _Null_unspecified) [-Wnullability-completeness]
 7282 |     void Free(VmaAllocHandle allocHandle) override;
      |               ^
../subprojects/VulkanMemoryAllocator/include/vk_mem_alloc.h:7282:15: note: insert '_Nullable' if the pointer may be null
 7282 |     void Free(VmaAllocHandle allocHandle) override;
      |               ^
      |                              _Nullable
../subprojects/VulkanMemoryAllocator/include/vk_mem_alloc.h:7282:15: note: insert '_Nonnull' if the pointer should never be null
 7282 |     void Free(VmaAllocHandle allocHandle) override;
      |               ^
      |                              _Nonnull
../subprojects/VulkanMemoryAllocator/include/vk_mem_alloc.h:7283:28: warning: pointer is missing a nullability type specifier (_Nonnull, _Nullable, or _Null_unspecified) [-Wnullability-completeness]
 7283 |     void GetAllocationInfo(VmaAllocHandle allocHandle, VmaVirtualAllocationInfo& outInfo) override;
      |                            ^
../subprojects/VulkanMemoryAllocator/include/vk_mem_alloc.h:7283:28: note: insert '_Nullable' if the pointer may be null
 7283 |     void GetAllocationInfo(VmaAllocHandle allocHandle, VmaVirtualAllocationInfo& outInfo) override;
      |                            ^
      |                                           _Nullable
../subprojects/VulkanMemoryAllocator/include/vk_mem_alloc.h:7283:28: note: insert '_Nonnull' if the pointer should never be null
 7283 |     void GetAllocationInfo(VmaAllocHandle allocHandle, VmaVirtualAllocationInfo& outInfo) override;
      |                            ^
      |                                           _Nonnull
../subprojects/VulkanMemoryAllocator/include/vk_mem_alloc.h:7284:33: warning: pointer is missing a nullability type specifier (_Nonnull, _Nullable, or _Null_unspecified) [-Wnullability-completeness]
 7284 |     void* GetAllocationUserData(VmaAllocHandle allocHandle) const override;
      |                                 ^
../subprojects/VulkanMemoryAllocator/include/vk_mem_alloc.h:7284:33: note: insert '_Nullable' if the pointer may be null
 7284 |     void* GetAllocationUserData(VmaAllocHandle allocHandle) const override;
      |                                 ^
      |                                                _Nullable
../subprojects/VulkanMemoryAllocator/include/vk_mem_alloc.h:7284:33: note: insert '_Nonnull' if the pointer should never be null
 7284 |     void* GetAllocationUserData(VmaAllocHandle allocHandle) const override;
      |                                 ^
      |                                                _Nonnull
../subprojects/VulkanMemoryAllocator/include/vk_mem_alloc.h:7284:9: warning: pointer is missing a nullability type specifier (_Nonnull, _Nullable, or _Null_unspecified) [-Wnullability-completeness]
 7284 |     void* GetAllocationUserData(VmaAllocHandle allocHandle) const override;
      |         ^
../subprojects/VulkanMemoryAllocator/include/vk_mem_alloc.h:7284:9: note: insert '_Nullable' if the pointer may be null
 7284 |     void* GetAllocationUserData(VmaAllocHandle allocHandle) const override;
      |         ^
      |           _Nullable
../subprojects/VulkanMemoryAllocator/include/vk_mem_alloc.h:7284:9: note: insert '_Nonnull' if the pointer should never be null
 7284 |     void* GetAllocationUserData(VmaAllocHandle allocHandle) const override;
      |         ^
      |           _Nonnull
../subprojects/VulkanMemoryAllocator/include/vk_mem_alloc.h:7285:5: warning: pointer is missing a nullability type specifier (_Nonnull, _Nullable, or _Null_unspecified) [-Wnullability-completeness]
 7285 |     VmaAllocHandle GetAllocationListBegin() const override;
      |     ^
../subprojects/VulkanMemoryAllocator/include/vk_mem_alloc.h:7285:5: note: insert '_Nullable' if the pointer may be null
 7285 |     VmaAllocHandle GetAllocationListBegin() const override;
      |     ^
      |                    _Nullable
../subprojects/VulkanMemoryAllocator/include/vk_mem_alloc.h:7285:5: note: insert '_Nonnull' if the pointer should never be null
 7285 |     VmaAllocHandle GetAllocationListBegin() const override;
      |     ^
      |                    _Nonnull
../subprojects/VulkanMemoryAllocator/include/vk_mem_alloc.h:7286:38: warning: pointer is missing a nullability type specifier (_Nonnull, _Nullable, or _Null_unspecified) [-Wnullability-completeness]
 7286 |     VmaAllocHandle GetNextAllocation(VmaAllocHandle prevAlloc) const override;
      |                                      ^
../subprojects/VulkanMemoryAllocator/include/vk_mem_alloc.h:7286:38: note: insert '_Nullable' if the pointer may be null
 7286 |     VmaAllocHandle GetNextAllocation(VmaAllocHandle prevAlloc) const override;
      |                                      ^
      |                                                     _Nullable
../subprojects/VulkanMemoryAllocator/include/vk_mem_alloc.h:7286:38: note: insert '_Nonnull' if the pointer should never be null
 7286 |     VmaAllocHandle GetNextAllocation(VmaAllocHandle prevAlloc) const override;
      |                                      ^
      |                                                     _Nonnull
../subprojects/VulkanMemoryAllocator/include/vk_mem_alloc.h:7286:5: warning: pointer is missing a nullability type specifier (_Nonnull, _Nullable, or _Null_unspecified) [-Wnullability-completeness]
 7286 |     VmaAllocHandle GetNextAllocation(VmaAllocHandle prevAlloc) const override;
      |     ^
../subprojects/VulkanMemoryAllocator/include/vk_mem_alloc.h:7286:5: note: insert '_Nullable' if the pointer may be null
 7286 |     VmaAllocHandle GetNextAllocation(VmaAllocHandle prevAlloc) const override;
      |     ^
      |                    _Nullable
../subprojects/VulkanMemoryAllocator/include/vk_mem_alloc.h:7286:5: note: insert '_Nonnull' if the pointer should never be null
 7286 |     VmaAllocHandle GetNextAllocation(VmaAllocHandle prevAlloc) const override;
      |     ^
      |                    _Nonnull
../subprojects/VulkanMemoryAllocator/include/vk_mem_alloc.h:7287:40: warning: pointer is missing a nullability type specifier (_Nonnull, _Nullable, or _Null_unspecified) [-Wnullability-completeness]
 7287 |     VkDeviceSize GetNextFreeRegionSize(VmaAllocHandle alloc) const override;
      |                                        ^
../subprojects/VulkanMemoryAllocator/include/vk_mem_alloc.h:7287:40: note: insert '_Nullable' if the pointer may be null
 7287 |     VkDeviceSize GetNextFreeRegionSize(VmaAllocHandle alloc) const override;
      |                                        ^
      |                                                       _Nullable
../subprojects/VulkanMemoryAllocator/include/vk_mem_alloc.h:7287:40: note: insert '_Nonnull' if the pointer should never be null
 7287 |     VkDeviceSize GetNextFreeRegionSize(VmaAllocHandle alloc) const override;
      |                                        ^
      |                                                       _Nonnull
../subprojects/VulkanMemoryAllocator/include/vk_mem_alloc.h:7289:32: warning: pointer is missing a nullability type specifier (_Nonnull, _Nullable, or _Null_unspecified) [-Wnullability-completeness]
 7289 |     void SetAllocationUserData(VmaAllocHandle allocHandle, void* userData) override;
      |                                ^
../subprojects/VulkanMemoryAllocator/include/vk_mem_alloc.h:7289:32: note: insert '_Nullable' if the pointer may be null
 7289 |     void SetAllocationUserData(VmaAllocHandle allocHandle, void* userData) override;
      |                                ^
      |                                               _Nullable
../subprojects/VulkanMemoryAllocator/include/vk_mem_alloc.h:7289:32: note: insert '_Nonnull' if the pointer should never be null
 7289 |     void SetAllocationUserData(VmaAllocHandle allocHandle, void* userData) override;
      |                                ^
      |                                               _Nonnull
../subprojects/VulkanMemoryAllocator/include/vk_mem_alloc.h:7289:64: warning: pointer is missing a nullability type specifier (_Nonnull, _Nullable, or _Null_unspecified) [-Wnullability-completeness]
 7289 |     void SetAllocationUserData(VmaAllocHandle allocHandle, void* userData) override;
      |                                                                ^
../subprojects/VulkanMemoryAllocator/include/vk_mem_alloc.h:7289:64: note: insert '_Nullable' if the pointer may be null
 7289 |     void SetAllocationUserData(VmaAllocHandle allocHandle, void* userData) override;
      |                                                                ^
      |                                                                  _Nullable
../subprojects/VulkanMemoryAllocator/include/vk_mem_alloc.h:7289:64: note: insert '_Nonnull' if the pointer should never be null
 7289 |     void SetAllocationUserData(VmaAllocHandle allocHandle, void* userData) override;
      |                                                                ^
      |                                                                  _Nonnull
../subprojects/VulkanMemoryAllocator/include/vk_mem_alloc.h:7343:29: warning: pointer is missing a nullability type specifier (_Nonnull, _Nullable, or _Null_unspecified) [-Wnullability-completeness]
 7343 |         VmaAllocationRequest* pAllocationRequest);
      |                             ^
../subprojects/VulkanMemoryAllocator/include/vk_mem_alloc.h:7343:29: note: insert '_Nullable' if the pointer may be null
 7343 |         VmaAllocationRequest* pAllocationRequest);
      |                             ^
      |                               _Nullable
../subprojects/VulkanMemoryAllocator/include/vk_mem_alloc.h:7343:29: note: insert '_Nonnull' if the pointer should never be null
 7343 |         VmaAllocationRequest* pAllocationRequest);
      |                             ^
      |                               _Nonnull
../subprojects/VulkanMemoryAllocator/include/vk_mem_alloc.h:7349:29: warning: pointer is missing a nullability type specifier (_Nonnull, _Nullable, or _Null_unspecified) [-Wnullability-completeness]
 7349 |         VmaAllocationRequest* pAllocationRequest);
      |                             ^
../subprojects/VulkanMemoryAllocator/include/vk_mem_alloc.h:7349:29: note: insert '_Nullable' if the pointer may be null
 7349 |         VmaAllocationRequest* pAllocationRequest);
      |                             ^
      |                               _Nullable
../subprojects/VulkanMemoryAllocator/include/vk_mem_alloc.h:7349:29: note: insert '_Nonnull' if the pointer should never be null
 7349 |         VmaAllocationRequest* pAllocationRequest);
      |                             ^
      |                               _Nonnull
../subprojects/VulkanMemoryAllocator/include/vk_mem_alloc.h:7353:77: warning: pointer is missing a nullability type specifier (_Nonnull, _Nullable, or _Null_unspecified) [-Wnullability-completeness]
 7353 | VmaBlockMetadata_Linear::VmaBlockMetadata_Linear(const VkAllocationCallbacks* pAllocationCallbacks,
      |                                                                             ^
../subprojects/VulkanMemoryAllocator/include/vk_mem_alloc.h:7353:77: note: insert '_Nullable' if the pointer may be null
 7353 | VmaBlockMetadata_Linear::VmaBlockMetadata_Linear(const VkAllocationCallbacks* pAllocationCallbacks,
      |                                                                             ^
      |                                                                               _Nullable
../subprojects/VulkanMemoryAllocator/include/vk_mem_alloc.h:7353:77: note: insert '_Nonnull' if the pointer should never be null
 7353 | VmaBlockMetadata_Linear::VmaBlockMetadata_Linear(const VkAllocationCallbacks* pAllocationCallbacks,
      |                                                                             ^
      |                                                                               _Nonnull
../subprojects/VulkanMemoryAllocator/include/vk_mem_alloc.h:8134:25: warning: pointer is missing a nullability type specifier (_Nonnull, _Nullable, or _Null_unspecified) [-Wnullability-completeness]
 8134 |     VmaAllocationRequest* pAllocationRequest)
      |                         ^
../subprojects/VulkanMemoryAllocator/include/vk_mem_alloc.h:8134:25: note: insert '_Nullable' if the pointer may be null
 8134 |     VmaAllocationRequest* pAllocationRequest)
      |                         ^
      |                           _Nullable
../subprojects/VulkanMemoryAllocator/include/vk_mem_alloc.h:8134:25: note: insert '_Nonnull' if the pointer should never be null
 8134 |     VmaAllocationRequest* pAllocationRequest)
      |                         ^
      |                           _Nonnull
../subprojects/VulkanMemoryAllocator/include/vk_mem_alloc.h:8152:61: warning: pointer is missing a nullability type specifier (_Nonnull, _Nullable, or _Null_unspecified) [-Wnullability-completeness]
 8152 | VkResult VmaBlockMetadata_Linear::CheckCorruption(const void* pBlockData)
      |                                                             ^
../subprojects/VulkanMemoryAllocator/include/vk_mem_alloc.h:8152:61: note: insert '_Nullable' if the pointer may be null
 8152 | VkResult VmaBlockMetadata_Linear::CheckCorruption(const void* pBlockData)
      |                                                             ^
      |                                                               _Nullable
../subprojects/VulkanMemoryAllocator/include/vk_mem_alloc.h:8152:61: note: insert '_Nonnull' if the pointer should never be null
 8152 | VkResult VmaBlockMetadata_Linear::CheckCorruption(const void* pBlockData)
      |                                                             ^
      |                                                               _Nonnull
../subprojects/VulkanMemoryAllocator/include/vk_mem_alloc.h:8189:9: warning: pointer is missing a nullability type specifier (_Nonnull, _Nullable, or _Null_unspecified) [-Wnullability-completeness]
 8189 |     void* userData)
      |         ^
../subprojects/VulkanMemoryAllocator/include/vk_mem_alloc.h:8189:9: note: insert '_Nullable' if the pointer may be null
 8189 |     void* userData)
      |         ^
      |           _Nullable
../subprojects/VulkanMemoryAllocator/include/vk_mem_alloc.h:8189:9: note: insert '_Nonnull' if the pointer should never be null
 8189 |     void* userData)
      |         ^
      |           _Nonnull
../subprojects/VulkanMemoryAllocator/include/vk_mem_alloc.h:8253:36: warning: pointer is missing a nullability type specifier (_Nonnull, _Nullable, or _Null_unspecified) [-Wnullability-completeness]
 8253 | void VmaBlockMetadata_Linear::Free(VmaAllocHandle allocHandle)
      |                                    ^
../subprojects/VulkanMemoryAllocator/include/vk_mem_alloc.h:8253:36: note: insert '_Nullable' if the pointer may be null
 8253 | void VmaBlockMetadata_Linear::Free(VmaAllocHandle allocHandle)
      |                                    ^
      |                                                   _Nullable
../subprojects/VulkanMemoryAllocator/include/vk_mem_alloc.h:8253:36: note: insert '_Nonnull' if the pointer should never be null
 8253 | void VmaBlockMetadata_Linear::Free(VmaAllocHandle allocHandle)
      |                                    ^
      |                                                   _Nonnull
../subprojects/VulkanMemoryAllocator/include/vk_mem_alloc.h:8342:49: warning: pointer is missing a nullability type specifier (_Nonnull, _Nullable, or _Null_unspecified) [-Wnullability-completeness]
 8342 | void VmaBlockMetadata_Linear::GetAllocationInfo(VmaAllocHandle allocHandle, VmaVirtualAllocationInfo& outInfo)
      |                                                 ^
../subprojects/VulkanMemoryAllocator/include/vk_mem_alloc.h:8342:49: note: insert '_Nullable' if the pointer may be null
 8342 | void VmaBlockMetadata_Linear::GetAllocationInfo(VmaAllocHandle allocHandle, VmaVirtualAllocationInfo& outInfo)
      |                                                 ^
      |                                                                _Nullable
../subprojects/VulkanMemoryAllocator/include/vk_mem_alloc.h:8342:49: note: insert '_Nonnull' if the pointer should never be null
 8342 | void VmaBlockMetadata_Linear::GetAllocationInfo(VmaAllocHandle allocHandle, VmaVirtualAllocationInfo& outInfo)
      |                                                 ^
      |                                                                _Nonnull
../subprojects/VulkanMemoryAllocator/include/vk_mem_alloc.h:8350:54: warning: pointer is missing a nullability type specifier (_Nonnull, _Nullable, or _Null_unspecified) [-Wnullability-completeness]
 8350 | void* VmaBlockMetadata_Linear::GetAllocationUserData(VmaAllocHandle allocHandle) const
      |                                                      ^
../subprojects/VulkanMemoryAllocator/include/vk_mem_alloc.h:8350:54: note: insert '_Nullable' if the pointer may be null
 8350 | void* VmaBlockMetadata_Linear::GetAllocationUserData(VmaAllocHandle allocHandle) const
      |                                                      ^
      |                                                                     _Nullable
../subprojects/VulkanMemoryAllocator/include/vk_mem_alloc.h:8350:54: note: insert '_Nonnull' if the pointer should never be null
 8350 | void* VmaBlockMetadata_Linear::GetAllocationUserData(VmaAllocHandle allocHandle) const
      |                                                      ^
      |                                                                     _Nonnull
../subprojects/VulkanMemoryAllocator/include/vk_mem_alloc.h:8350:5: warning: pointer is missing a nullability type specifier (_Nonnull, _Nullable, or _Null_unspecified) [-Wnullability-completeness]
 8350 | void* VmaBlockMetadata_Linear::GetAllocationUserData(VmaAllocHandle allocHandle) const
      |     ^
../subprojects/VulkanMemoryAllocator/include/vk_mem_alloc.h:8350:5: note: insert '_Nullable' if the pointer may be null
 8350 | void* VmaBlockMetadata_Linear::GetAllocationUserData(VmaAllocHandle allocHandle) const
      |     ^
      |       _Nullable
../subprojects/VulkanMemoryAllocator/include/vk_mem_alloc.h:8350:5: note: insert '_Nonnull' if the pointer should never be null
 8350 | void* VmaBlockMetadata_Linear::GetAllocationUserData(VmaAllocHandle allocHandle) const
      |     ^
      |       _Nonnull
../subprojects/VulkanMemoryAllocator/include/vk_mem_alloc.h:8355:1: warning: pointer is missing a nullability type specifier (_Nonnull, _Nullable, or _Null_unspecified) [-Wnullability-completeness]
 8355 | VmaAllocHandle VmaBlockMetadata_Linear::GetAllocationListBegin() const
      | ^
../subprojects/VulkanMemoryAllocator/include/vk_mem_alloc.h:8355:1: note: insert '_Nullable' if the pointer may be null
 8355 | VmaAllocHandle VmaBlockMetadata_Linear::GetAllocationListBegin() const
      | ^
      |                _Nullable
../subprojects/VulkanMemoryAllocator/include/vk_mem_alloc.h:8355:1: note: insert '_Nonnull' if the pointer should never be null
 8355 | VmaAllocHandle VmaBlockMetadata_Linear::GetAllocationListBegin() const
      | ^
      |                _Nonnull
../subprojects/VulkanMemoryAllocator/include/vk_mem_alloc.h:8362:59: warning: pointer is missing a nullability type specifier (_Nonnull, _Nullable, or _Null_unspecified) [-Wnullability-completeness]
 8362 | VmaAllocHandle VmaBlockMetadata_Linear::GetNextAllocation(VmaAllocHandle prevAlloc) const
      |                                                           ^
../subprojects/VulkanMemoryAllocator/include/vk_mem_alloc.h:8362:59: note: insert '_Nullable' if the pointer may be null
 8362 | VmaAllocHandle VmaBlockMetadata_Linear::GetNextAllocation(VmaAllocHandle prevAlloc) const
      |                                                           ^
      |                                                                          _Nullable
../subprojects/VulkanMemoryAllocator/include/vk_mem_alloc.h:8362:59: note: insert '_Nonnull' if the pointer should never be null
 8362 | VmaAllocHandle VmaBlockMetadata_Linear::GetNextAllocation(VmaAllocHandle prevAlloc) const
      |                                                           ^
      |                                                                          _Nonnull
../subprojects/VulkanMemoryAllocator/include/vk_mem_alloc.h:8362:1: warning: pointer is missing a nullability type specifier (_Nonnull, _Nullable, or _Null_unspecified) [-Wnullability-completeness]
 8362 | VmaAllocHandle VmaBlockMetadata_Linear::GetNextAllocation(VmaAllocHandle prevAlloc) const
      | ^
../subprojects/VulkanMemoryAllocator/include/vk_mem_alloc.h:8362:1: note: insert '_Nullable' if the pointer may be null
 8362 | VmaAllocHandle VmaBlockMetadata_Linear::GetNextAllocation(VmaAllocHandle prevAlloc) const
      | ^
      |                _Nullable
../subprojects/VulkanMemoryAllocator/include/vk_mem_alloc.h:8362:1: note: insert '_Nonnull' if the pointer should never be null
 8362 | VmaAllocHandle VmaBlockMetadata_Linear::GetNextAllocation(VmaAllocHandle prevAlloc) const
      | ^
      |                _Nonnull
../subprojects/VulkanMemoryAllocator/include/vk_mem_alloc.h:8369:61: warning: pointer is missing a nullability type specifier (_Nonnull, _Nullable, or _Null_unspecified) [-Wnullability-completeness]
 8369 | VkDeviceSize VmaBlockMetadata_Linear::GetNextFreeRegionSize(VmaAllocHandle alloc) const
      |                                                             ^
../subprojects/VulkanMemoryAllocator/include/vk_mem_alloc.h:8369:61: note: insert '_Nullable' if the pointer may be null
 8369 | VkDeviceSize VmaBlockMetadata_Linear::GetNextFreeRegionSize(VmaAllocHandle alloc) const
      |                                                             ^
      |                                                                            _Nullable
../subprojects/VulkanMemoryAllocator/include/vk_mem_alloc.h:8369:61: note: insert '_Nonnull' if the pointer should never be null
 8369 | VkDeviceSize VmaBlockMetadata_Linear::GetNextFreeRegionSize(VmaAllocHandle alloc) const
      |                                                             ^
      |                                                                            _Nonnull
../subprojects/VulkanMemoryAllocator/include/vk_mem_alloc.h:8388:53: warning: pointer is missing a nullability type specifier (_Nonnull, _Nullable, or _Null_unspecified) [-Wnullability-completeness]
 8388 | void VmaBlockMetadata_Linear::SetAllocationUserData(VmaAllocHandle allocHandle, void* userData)
      |                                                     ^
../subprojects/VulkanMemoryAllocator/include/vk_mem_alloc.h:8388:53: note: insert '_Nullable' if the pointer may be null
 8388 | void VmaBlockMetadata_Linear::SetAllocationUserData(VmaAllocHandle allocHandle, void* userData)
      |                                                     ^
      |                                                                    _Nullable
../subprojects/VulkanMemoryAllocator/include/vk_mem_alloc.h:8388:53: note: insert '_Nonnull' if the pointer should never be null
 8388 | void VmaBlockMetadata_Linear::SetAllocationUserData(VmaAllocHandle allocHandle, void* userData)
      |                                                     ^
      |                                                                    _Nonnull
../subprojects/VulkanMemoryAllocator/include/vk_mem_alloc.h:8388:85: warning: pointer is missing a nullability type specifier (_Nonnull, _Nullable, or _Null_unspecified) [-Wnullability-completeness]
 8388 | void VmaBlockMetadata_Linear::SetAllocationUserData(VmaAllocHandle allocHandle, void* userData)
      |                                                                                     ^
../subprojects/VulkanMemoryAllocator/include/vk_mem_alloc.h:8388:85: note: insert '_Nullable' if the pointer may be null
 8388 | void VmaBlockMetadata_Linear::SetAllocationUserData(VmaAllocHandle allocHandle, void* userData)
      |                                                                                     ^
      |                                                                                       _Nullable
../subprojects/VulkanMemoryAllocator/include/vk_mem_alloc.h:8388:85: note: insert '_Nonnull' if the pointer should never be null
 8388 | void VmaBlockMetadata_Linear::SetAllocationUserData(VmaAllocHandle allocHandle, void* userData)
      |                                                                                     ^
      |                                                                                       _Nonnull
../subprojects/VulkanMemoryAllocator/include/vk_mem_alloc.h:8562:25: warning: pointer is missing a nullability type specifier (_Nonnull, _Nullable, or _Null_unspecified) [-Wnullability-completeness]
 8562 |     VmaAllocationRequest* pAllocationRequest)
      |                         ^
../subprojects/VulkanMemoryAllocator/include/vk_mem_alloc.h:8562:25: note: insert '_Nullable' if the pointer may be null
 8562 |     VmaAllocationRequest* pAllocationRequest)
      |                         ^
      |                           _Nullable
../subprojects/VulkanMemoryAllocator/include/vk_mem_alloc.h:8562:25: note: insert '_Nonnull' if the pointer should never be null
 8562 |     VmaAllocationRequest* pAllocationRequest)
      |                         ^
      |                           _Nonnull
../subprojects/VulkanMemoryAllocator/include/vk_mem_alloc.h:8740:25: warning: pointer is missing a nullability type specifier (_Nonnull, _Nullable, or _Null_unspecified) [-Wnullability-completeness]
 8740 |     VmaAllocationRequest* pAllocationRequest)
      |                         ^
../subprojects/VulkanMemoryAllocator/include/vk_mem_alloc.h:8740:25: note: insert '_Nullable' if the pointer may be null
 8740 |     VmaAllocationRequest* pAllocationRequest)
      |                         ^
      |                           _Nullable
../subprojects/VulkanMemoryAllocator/include/vk_mem_alloc.h:8740:25: note: insert '_Nonnull' if the pointer should never be null
 8740 |     VmaAllocationRequest* pAllocationRequest)
      |                         ^
      |                           _Nonnull
../subprojects/VulkanMemoryAllocator/include/vk_mem_alloc.h:8862:54: warning: pointer is missing a nullability type specifier (_Nonnull, _Nullable, or _Null_unspecified) [-Wnullability-completeness]
 8862 |     VmaBlockMetadata_TLSF(const VkAllocationCallbacks* pAllocationCallbacks,
      |                                                      ^
../subprojects/VulkanMemoryAllocator/include/vk_mem_alloc.h:8862:54: note: insert '_Nullable' if the pointer may be null
 8862 |     VmaBlockMetadata_TLSF(const VkAllocationCallbacks* pAllocationCallbacks,
      |                                                      ^
      |                                                        _Nullable
../subprojects/VulkanMemoryAllocator/include/vk_mem_alloc.h:8862:54: note: insert '_Nonnull' if the pointer should never be null
 8862 |     VmaBlockMetadata_TLSF(const VkAllocationCallbacks* pAllocationCallbacks,
      |                                                      ^
      |                                                        _Nonnull
../subprojects/VulkanMemoryAllocator/include/vk_mem_alloc.h:8870:38: warning: pointer is missing a nullability type specifier (_Nonnull, _Nullable, or _Null_unspecified) [-Wnullability-completeness]
 8870 |     VkDeviceSize GetAllocationOffset(VmaAllocHandle allocHandle) const override { return ((Block*)allocHandle)->offset; }
      |                                      ^
../subprojects/VulkanMemoryAllocator/include/vk_mem_alloc.h:8870:38: note: insert '_Nullable' if the pointer may be null
 8870 |     VkDeviceSize GetAllocationOffset(VmaAllocHandle allocHandle) const override { return ((Block*)allocHandle)->offset; }
      |                                      ^
      |                                                     _Nullable
../subprojects/VulkanMemoryAllocator/include/vk_mem_alloc.h:8870:38: note: insert '_Nonnull' if the pointer should never be null
 8870 |     VkDeviceSize GetAllocationOffset(VmaAllocHandle allocHandle) const override { return ((Block*)allocHandle)->offset; }
      |                                      ^
      |                                                     _Nonnull
../subprojects/VulkanMemoryAllocator/include/vk_mem_alloc.h:8888:29: warning: pointer is missing a nullability type specifier (_Nonnull, _Nullable, or _Null_unspecified) [-Wnullability-completeness]
 8888 |         VmaAllocationRequest* pAllocationRequest) override;
      |                             ^
../subprojects/VulkanMemoryAllocator/include/vk_mem_alloc.h:8888:29: note: insert '_Nullable' if the pointer may be null
 8888 |         VmaAllocationRequest* pAllocationRequest) override;
      |                             ^
      |                               _Nullable
../subprojects/VulkanMemoryAllocator/include/vk_mem_alloc.h:8888:29: note: insert '_Nonnull' if the pointer should never be null
 8888 |         VmaAllocationRequest* pAllocationRequest) override;
      |                             ^
      |                               _Nonnull
../subprojects/VulkanMemoryAllocator/include/vk_mem_alloc.h:8890:40: warning: pointer is missing a nullability type specifier (_Nonnull, _Nullable, or _Null_unspecified) [-Wnullability-completeness]
 8890 |     VkResult CheckCorruption(const void* pBlockData) override;
      |                                        ^
../subprojects/VulkanMemoryAllocator/include/vk_mem_alloc.h:8890:40: note: insert '_Nullable' if the pointer may be null
 8890 |     VkResult CheckCorruption(const void* pBlockData) override;
      |                                        ^
      |                                          _Nullable
../subprojects/VulkanMemoryAllocator/include/vk_mem_alloc.h:8890:40: note: insert '_Nonnull' if the pointer should never be null
 8890 |     VkResult CheckCorruption(const void* pBlockData) override;
      |                                        ^
      |                                          _Nonnull
../subprojects/VulkanMemoryAllocator/include/vk_mem_alloc.h:8894:13: warning: pointer is missing a nullability type specifier (_Nonnull, _Nullable, or _Null_unspecified) [-Wnullability-completeness]
 8894 |         void* userData) override;
      |             ^
../subprojects/VulkanMemoryAllocator/include/vk_mem_alloc.h:8894:13: note: insert '_Nullable' if the pointer may be null
 8894 |         void* userData) override;
      |             ^
      |               _Nullable
../subprojects/VulkanMemoryAllocator/include/vk_mem_alloc.h:8894:13: note: insert '_Nonnull' if the pointer should never be null
 8894 |         void* userData) override;
      |             ^
      |               _Nonnull
../subprojects/VulkanMemoryAllocator/include/vk_mem_alloc.h:8896:15: warning: pointer is missing a nullability type specifier (_Nonnull, _Nullable, or _Null_unspecified) [-Wnullability-completeness]
 8896 |     void Free(VmaAllocHandle allocHandle) override;
      |               ^
../subprojects/VulkanMemoryAllocator/include/vk_mem_alloc.h:8896:15: note: insert '_Nullable' if the pointer may be null
 8896 |     void Free(VmaAllocHandle allocHandle) override;
      |               ^
      |                              _Nullable
../subprojects/VulkanMemoryAllocator/include/vk_mem_alloc.h:8896:15: note: insert '_Nonnull' if the pointer should never be null
 8896 |     void Free(VmaAllocHandle allocHandle) override;
      |               ^
      |                              _Nonnull
../subprojects/VulkanMemoryAllocator/include/vk_mem_alloc.h:8897:28: warning: pointer is missing a nullability type specifier (_Nonnull, _Nullable, or _Null_unspecified) [-Wnullability-completeness]
 8897 |     void GetAllocationInfo(VmaAllocHandle allocHandle, VmaVirtualAllocationInfo& outInfo) override;
      |                            ^
../subprojects/VulkanMemoryAllocator/include/vk_mem_alloc.h:8897:28: note: insert '_Nullable' if the pointer may be null
 8897 |     void GetAllocationInfo(VmaAllocHandle allocHandle, VmaVirtualAllocationInfo& outInfo) override;
      |                            ^
      |                                           _Nullable
../subprojects/VulkanMemoryAllocator/include/vk_mem_alloc.h:8897:28: note: insert '_Nonnull' if the pointer should never be null
 8897 |     void GetAllocationInfo(VmaAllocHandle allocHandle, VmaVirtualAllocationInfo& outInfo) override;
      |                            ^
      |                                           _Nonnull
../subprojects/VulkanMemoryAllocator/include/vk_mem_alloc.h:8898:33: warning: pointer is missing a nullability type specifier (_Nonnull, _Nullable, or _Null_unspecified) [-Wnullability-completeness]
 8898 |     void* GetAllocationUserData(VmaAllocHandle allocHandle) const override;
      |                                 ^
../subprojects/VulkanMemoryAllocator/include/vk_mem_alloc.h:8898:33: note: insert '_Nullable' if the pointer may be null
 8898 |     void* GetAllocationUserData(VmaAllocHandle allocHandle) const override;
      |                                 ^
      |                                                _Nullable
../subprojects/VulkanMemoryAllocator/include/vk_mem_alloc.h:8898:33: note: insert '_Nonnull' if the pointer should never be null
 8898 |     void* GetAllocationUserData(VmaAllocHandle allocHandle) const override;
      |                                 ^
      |                                                _Nonnull
../subprojects/VulkanMemoryAllocator/include/vk_mem_alloc.h:8898:9: warning: pointer is missing a nullability type specifier (_Nonnull, _Nullable, or _Null_unspecified) [-Wnullability-completeness]
 8898 |     void* GetAllocationUserData(VmaAllocHandle allocHandle) const override;
      |         ^
../subprojects/VulkanMemoryAllocator/include/vk_mem_alloc.h:8898:9: note: insert '_Nullable' if the pointer may be null
 8898 |     void* GetAllocationUserData(VmaAllocHandle allocHandle) const override;
      |         ^
      |           _Nullable
../subprojects/VulkanMemoryAllocator/include/vk_mem_alloc.h:8898:9: note: insert '_Nonnull' if the pointer should never be null
 8898 |     void* GetAllocationUserData(VmaAllocHandle allocHandle) const override;
      |         ^
      |           _Nonnull
../subprojects/VulkanMemoryAllocator/include/vk_mem_alloc.h:8899:5: warning: pointer is missing a nullability type specifier (_Nonnull, _Nullable, or _Null_unspecified) [-Wnullability-completeness]
 8899 |     VmaAllocHandle GetAllocationListBegin() const override;
      |     ^
../subprojects/VulkanMemoryAllocator/include/vk_mem_alloc.h:8899:5: note: insert '_Nullable' if the pointer may be null
 8899 |     VmaAllocHandle GetAllocationListBegin() const override;
      |     ^
      |                    _Nullable
../subprojects/VulkanMemoryAllocator/include/vk_mem_alloc.h:8899:5: note: insert '_Nonnull' if the pointer should never be null
 8899 |     VmaAllocHandle GetAllocationListBegin() const override;
      |     ^
      |                    _Nonnull
../subprojects/VulkanMemoryAllocator/include/vk_mem_alloc.h:8900:38: warning: pointer is missing a nullability type specifier (_Nonnull, _Nullable, or _Null_unspecified) [-Wnullability-completeness]
 8900 |     VmaAllocHandle GetNextAllocation(VmaAllocHandle prevAlloc) const override;
      |                                      ^
../subprojects/VulkanMemoryAllocator/include/vk_mem_alloc.h:8900:38: note: insert '_Nullable' if the pointer may be null
 8900 |     VmaAllocHandle GetNextAllocation(VmaAllocHandle prevAlloc) const override;
      |                                      ^
      |                                                     _Nullable
../subprojects/VulkanMemoryAllocator/include/vk_mem_alloc.h:8900:38: note: insert '_Nonnull' if the pointer should never be null
 8900 |     VmaAllocHandle GetNextAllocation(VmaAllocHandle prevAlloc) const override;
      |                                      ^
      |                                                     _Nonnull
../subprojects/VulkanMemoryAllocator/include/vk_mem_alloc.h:8900:5: warning: pointer is missing a nullability type specifier (_Nonnull, _Nullable, or _Null_unspecified) [-Wnullability-completeness]
 8900 |     VmaAllocHandle GetNextAllocation(VmaAllocHandle prevAlloc) const override;
      |     ^
../subprojects/VulkanMemoryAllocator/include/vk_mem_alloc.h:8900:5: note: insert '_Nullable' if the pointer may be null
 8900 |     VmaAllocHandle GetNextAllocation(VmaAllocHandle prevAlloc) const override;
      |     ^
      |                    _Nullable
../subprojects/VulkanMemoryAllocator/include/vk_mem_alloc.h:8900:5: note: insert '_Nonnull' if the pointer should never be null
 8900 |     VmaAllocHandle GetNextAllocation(VmaAllocHandle prevAlloc) const override;
      |     ^
      |                    _Nonnull
../subprojects/VulkanMemoryAllocator/include/vk_mem_alloc.h:8901:40: warning: pointer is missing a nullability type specifier (_Nonnull, _Nullable, or _Null_unspecified) [-Wnullability-completeness]
 8901 |     VkDeviceSize GetNextFreeRegionSize(VmaAllocHandle alloc) const override;
      |                                        ^
../subprojects/VulkanMemoryAllocator/include/vk_mem_alloc.h:8901:40: note: insert '_Nullable' if the pointer may be null
 8901 |     VkDeviceSize GetNextFreeRegionSize(VmaAllocHandle alloc) const override;
      |                                        ^
      |                                                       _Nullable
../subprojects/VulkanMemoryAllocator/include/vk_mem_alloc.h:8901:40: note: insert '_Nonnull' if the pointer should never be null
 8901 |     VkDeviceSize GetNextFreeRegionSize(VmaAllocHandle alloc) const override;
      |                                        ^
      |                                                       _Nonnull
../subprojects/VulkanMemoryAllocator/include/vk_mem_alloc.h:8903:32: warning: pointer is missing a nullability type specifier (_Nonnull, _Nullable, or _Null_unspecified) [-Wnullability-completeness]
 8903 |     void SetAllocationUserData(VmaAllocHandle allocHandle, void* userData) override;
      |                                ^
../subprojects/VulkanMemoryAllocator/include/vk_mem_alloc.h:8903:32: note: insert '_Nullable' if the pointer may be null
 8903 |     void SetAllocationUserData(VmaAllocHandle allocHandle, void* userData) override;
      |                                ^
      |                                               _Nullable
../subprojects/VulkanMemoryAllocator/include/vk_mem_alloc.h:8903:32: note: insert '_Nonnull' if the pointer should never be null
 8903 |     void SetAllocationUserData(VmaAllocHandle allocHandle, void* userData) override;
      |                                ^
      |                                               _Nonnull
../subprojects/VulkanMemoryAllocator/include/vk_mem_alloc.h:8903:64: warning: pointer is missing a nullability type specifier (_Nonnull, _Nullable, or _Null_unspecified) [-Wnullability-completeness]
 8903 |     void SetAllocationUserData(VmaAllocHandle allocHandle, void* userData) override;
      |                                                                ^
../subprojects/VulkanMemoryAllocator/include/vk_mem_alloc.h:8903:64: note: insert '_Nullable' if the pointer may be null
 8903 |     void SetAllocationUserData(VmaAllocHandle allocHandle, void* userData) override;
      |                                                                ^
      |                                                                  _Nullable
../subprojects/VulkanMemoryAllocator/include/vk_mem_alloc.h:8903:64: note: insert '_Nonnull' if the pointer should never be null
 8903 |     void SetAllocationUserData(VmaAllocHandle allocHandle, void* userData) override;
      |                                                                ^
      |                                                                  _Nonnull
../subprojects/VulkanMemoryAllocator/include/vk_mem_alloc.h:8921:14: warning: pointer is missing a nullability type specifier (_Nonnull, _Nullable, or _Null_unspecified) [-Wnullability-completeness]
 8921 |         Block* prevPhysical;
      |              ^
../subprojects/VulkanMemoryAllocator/include/vk_mem_alloc.h:8921:14: note: insert '_Nullable' if the pointer may be null
 8921 |         Block* prevPhysical;
      |              ^
      |                _Nullable
../subprojects/VulkanMemoryAllocator/include/vk_mem_alloc.h:8921:14: note: insert '_Nonnull' if the pointer should never be null
 8921 |         Block* prevPhysical;
      |              ^
      |                _Nonnull
../subprojects/VulkanMemoryAllocator/include/vk_mem_alloc.h:8922:14: warning: pointer is missing a nullability type specifier (_Nonnull, _Nullable, or _Null_unspecified) [-Wnullability-completeness]
 8922 |         Block* nextPhysical;
      |              ^
../subprojects/VulkanMemoryAllocator/include/vk_mem_alloc.h:8922:14: note: insert '_Nullable' if the pointer may be null
 8922 |         Block* nextPhysical;
      |              ^
      |                _Nullable
../subprojects/VulkanMemoryAllocator/include/vk_mem_alloc.h:8922:14: note: insert '_Nonnull' if the pointer should never be null
 8922 |         Block* nextPhysical;
      |              ^
      |                _Nonnull
../subprojects/VulkanMemoryAllocator/include/vk_mem_alloc.h:8927:13: warning: pointer is missing a nullability type specifier (_Nonnull, _Nullable, or _Null_unspecified) [-Wnullability-completeness]
 8927 |         void*& UserData() { VMA_HEAVY_ASSERT(!IsFree()); return userData; }
      |             ^
../subprojects/VulkanMemoryAllocator/include/vk_mem_alloc.h:8927:13: note: insert '_Nullable' if the pointer may be null
 8927 |         void*& UserData() { VMA_HEAVY_ASSERT(!IsFree()); return userData; }
      |             ^
      |              _Nullable
../subprojects/VulkanMemoryAllocator/include/vk_mem_alloc.h:8927:13: note: insert '_Nonnull' if the pointer should never be null
 8927 |         void*& UserData() { VMA_HEAVY_ASSERT(!IsFree()); return userData; }
      |             ^
      |              _Nonnull
../subprojects/VulkanMemoryAllocator/include/vk_mem_alloc.h:8928:14: warning: pointer is missing a nullability type specifier (_Nonnull, _Nullable, or _Null_unspecified) [-Wnullability-completeness]
 8928 |         Block*& PrevFree() { return prevFree; }
      |              ^
../subprojects/VulkanMemoryAllocator/include/vk_mem_alloc.h:8928:14: note: insert '_Nullable' if the pointer may be null
 8928 |         Block*& PrevFree() { return prevFree; }
      |              ^
      |               _Nullable
../subprojects/VulkanMemoryAllocator/include/vk_mem_alloc.h:8928:14: note: insert '_Nonnull' if the pointer should never be null
 8928 |         Block*& PrevFree() { return prevFree; }
      |              ^
      |               _Nonnull
../subprojects/VulkanMemoryAllocator/include/vk_mem_alloc.h:8929:14: warning: pointer is missing a nullability type specifier (_Nonnull, _Nullable, or _Null_unspecified) [-Wnullability-completeness]
 8929 |         Block*& NextFree() { VMA_HEAVY_ASSERT(IsFree()); return nextFree; }
      |              ^
../subprojects/VulkanMemoryAllocator/include/vk_mem_alloc.h:8929:14: note: insert '_Nullable' if the pointer may be null
 8929 |         Block*& NextFree() { VMA_HEAVY_ASSERT(IsFree()); return nextFree; }
      |              ^
      |               _Nullable
../subprojects/VulkanMemoryAllocator/include/vk_mem_alloc.h:8929:14: note: insert '_Nonnull' if the pointer should never be null
 8929 |         Block*& NextFree() { VMA_HEAVY_ASSERT(IsFree()); return nextFree; }
      |              ^
      |               _Nonnull
../subprojects/VulkanMemoryAllocator/include/vk_mem_alloc.h:8932:14: warning: pointer is missing a nullability type specifier (_Nonnull, _Nullable, or _Null_unspecified) [-Wnullability-completeness]
 8932 |         Block* prevFree; // Address of the same block here indicates that block is taken
      |              ^
../subprojects/VulkanMemoryAllocator/include/vk_mem_alloc.h:8932:14: note: insert '_Nullable' if the pointer may be null
 8932 |         Block* prevFree; // Address of the same block here indicates that block is taken
      |              ^
      |                _Nullable
../subprojects/VulkanMemoryAllocator/include/vk_mem_alloc.h:8932:14: note: insert '_Nonnull' if the pointer should never be null
 8932 |         Block* prevFree; // Address of the same block here indicates that block is taken
      |              ^
      |                _Nonnull
../subprojects/VulkanMemoryAllocator/include/vk_mem_alloc.h:8935:18: warning: pointer is missing a nullability type specifier (_Nonnull, _Nullable, or _Null_unspecified) [-Wnullability-completeness]
 8935 |             Block* nextFree;
      |                  ^
../subprojects/VulkanMemoryAllocator/include/vk_mem_alloc.h:8935:18: note: insert '_Nullable' if the pointer may be null
 8935 |             Block* nextFree;
      |                  ^
      |                    _Nullable
../subprojects/VulkanMemoryAllocator/include/vk_mem_alloc.h:8935:18: note: insert '_Nonnull' if the pointer should never be null
 8935 |             Block* nextFree;
      |                  ^
      |                    _Nonnull
../subprojects/VulkanMemoryAllocator/include/vk_mem_alloc.h:8936:17: warning: pointer is missing a nullability type specifier (_Nonnull, _Nullable, or _Null_unspecified) [-Wnullability-completeness]
 8936 |             void* userData;
      |                 ^
../subprojects/VulkanMemoryAllocator/include/vk_mem_alloc.h:8936:17: note: insert '_Nullable' if the pointer may be null
 8936 |             void* userData;
      |                 ^
      |                   _Nullable
../subprojects/VulkanMemoryAllocator/include/vk_mem_alloc.h:8936:17: note: insert '_Nonnull' if the pointer should never be null
 8936 |             void* userData;
      |                 ^
      |                   _Nonnull
../subprojects/VulkanMemoryAllocator/include/vk_mem_alloc.h:8953:10: warning: pointer is missing a nullability type specifier (_Nonnull, _Nullable, or _Null_unspecified) [-Wnullability-completeness]
 8953 |     Block** m_FreeList;
      |          ^
../subprojects/VulkanMemoryAllocator/include/vk_mem_alloc.h:8953:10: note: insert '_Nullable' if the pointer may be null
 8953 |     Block** m_FreeList;
      |          ^
      |           _Nullable
../subprojects/VulkanMemoryAllocator/include/vk_mem_alloc.h:8953:10: note: insert '_Nonnull' if the pointer should never be null
 8953 |     Block** m_FreeList;
      |          ^
      |           _Nonnull
../subprojects/VulkanMemoryAllocator/include/vk_mem_alloc.h:8953:11: warning: pointer is missing a nullability type specifier (_Nonnull, _Nullable, or _Null_unspecified) [-Wnullability-completeness]
 8953 |     Block** m_FreeList;
      |           ^
../subprojects/VulkanMemoryAllocator/include/vk_mem_alloc.h:8953:11: note: insert '_Nullable' if the pointer may be null
 8953 |     Block** m_FreeList;
      |           ^
      |             _Nullable
../subprojects/VulkanMemoryAllocator/include/vk_mem_alloc.h:8953:11: note: insert '_Nonnull' if the pointer should never be null
 8953 |     Block** m_FreeList;
      |           ^
      |             _Nonnull
../subprojects/VulkanMemoryAllocator/include/vk_mem_alloc.h:8955:10: warning: pointer is missing a nullability type specifier (_Nonnull, _Nullable, or _Null_unspecified) [-Wnullability-completeness]
 8955 |     Block* m_NullBlock;
      |          ^
../subprojects/VulkanMemoryAllocator/include/vk_mem_alloc.h:8955:10: note: insert '_Nullable' if the pointer may be null
 8955 |     Block* m_NullBlock;
      |          ^
      |            _Nullable
../subprojects/VulkanMemoryAllocator/include/vk_mem_alloc.h:8955:10: note: insert '_Nonnull' if the pointer should never be null
 8955 |     Block* m_NullBlock;
      |          ^
      |            _Nonnull
../subprojects/VulkanMemoryAllocator/include/vk_mem_alloc.h:8963:31: warning: pointer is missing a nullability type specifier (_Nonnull, _Nullable, or _Null_unspecified) [-Wnullability-completeness]
 8963 |     void RemoveFreeBlock(Block* block);
      |                               ^
../subprojects/VulkanMemoryAllocator/include/vk_mem_alloc.h:8963:31: note: insert '_Nullable' if the pointer may be null
 8963 |     void RemoveFreeBlock(Block* block);
      |                               ^
      |                                 _Nullable
../subprojects/VulkanMemoryAllocator/include/vk_mem_alloc.h:8963:31: note: insert '_Nonnull' if the pointer should never be null
 8963 |     void RemoveFreeBlock(Block* block);
      |                               ^
      |                                 _Nonnull
../subprojects/VulkanMemoryAllocator/include/vk_mem_alloc.h:8964:31: warning: pointer is missing a nullability type specifier (_Nonnull, _Nullable, or _Null_unspecified) [-Wnullability-completeness]
 8964 |     void InsertFreeBlock(Block* block);
      |                               ^
../subprojects/VulkanMemoryAllocator/include/vk_mem_alloc.h:8964:31: note: insert '_Nullable' if the pointer may be null
 8964 |     void InsertFreeBlock(Block* block);
      |                               ^
      |                                 _Nullable
../subprojects/VulkanMemoryAllocator/include/vk_mem_alloc.h:8964:31: note: insert '_Nonnull' if the pointer should never be null
 8964 |     void InsertFreeBlock(Block* block);
      |                               ^
      |                                 _Nonnull
../subprojects/VulkanMemoryAllocator/include/vk_mem_alloc.h:8965:26: warning: pointer is missing a nullability type specifier (_Nonnull, _Nullable, or _Null_unspecified) [-Wnullability-completeness]
 8965 |     void MergeBlock(Block* block, Block* prev);
      |                          ^
../subprojects/VulkanMemoryAllocator/include/vk_mem_alloc.h:8965:26: note: insert '_Nullable' if the pointer may be null
 8965 |     void MergeBlock(Block* block, Block* prev);
      |                          ^
      |                            _Nullable
../subprojects/VulkanMemoryAllocator/include/vk_mem_alloc.h:8965:26: note: insert '_Nonnull' if the pointer should never be null
 8965 |     void MergeBlock(Block* block, Block* prev);
      |                          ^
      |                            _Nonnull
../subprojects/VulkanMemoryAllocator/include/vk_mem_alloc.h:8965:40: warning: pointer is missing a nullability type specifier (_Nonnull, _Nullable, or _Null_unspecified) [-Wnullability-completeness]
 8965 |     void MergeBlock(Block* block, Block* prev);
      |                                        ^
../subprojects/VulkanMemoryAllocator/include/vk_mem_alloc.h:8965:40: note: insert '_Nullable' if the pointer may be null
 8965 |     void MergeBlock(Block* block, Block* prev);
      |                                        ^
      |                                          _Nullable
../subprojects/VulkanMemoryAllocator/include/vk_mem_alloc.h:8965:40: note: insert '_Nonnull' if the pointer should never be null
 8965 |     void MergeBlock(Block* block, Block* prev);
      |                                        ^
      |                                          _Nonnull
../subprojects/VulkanMemoryAllocator/include/vk_mem_alloc.h:8967:10: warning: pointer is missing a nullability type specifier (_Nonnull, _Nullable, or _Null_unspecified) [-Wnullability-completeness]
 8967 |     Block* FindFreeBlock(VkDeviceSize size, uint32_t& listIndex) const;
      |          ^
../subprojects/VulkanMemoryAllocator/include/vk_mem_alloc.h:8967:10: note: insert '_Nullable' if the pointer may be null
 8967 |     Block* FindFreeBlock(VkDeviceSize size, uint32_t& listIndex) const;
      |          ^
      |            _Nullable
../subprojects/VulkanMemoryAllocator/include/vk_mem_alloc.h:8967:10: note: insert '_Nonnull' if the pointer should never be null
 8967 |     Block* FindFreeBlock(VkDeviceSize size, uint32_t& listIndex) const;
      |          ^
      |            _Nonnull
../subprojects/VulkanMemoryAllocator/include/vk_mem_alloc.h:8974:29: warning: pointer is missing a nullability type specifier (_Nonnull, _Nullable, or _Null_unspecified) [-Wnullability-completeness]
 8974 |         VmaAllocationRequest* pAllocationRequest);
      |                             ^
../subprojects/VulkanMemoryAllocator/include/vk_mem_alloc.h:8974:29: note: insert '_Nullable' if the pointer may be null
 8974 |         VmaAllocationRequest* pAllocationRequest);
      |                             ^
      |                               _Nullable
../subprojects/VulkanMemoryAllocator/include/vk_mem_alloc.h:8974:29: note: insert '_Nonnull' if the pointer should never be null
 8974 |         VmaAllocationRequest* pAllocationRequest);
      |                             ^
      |                               _Nonnull
../subprojects/VulkanMemoryAllocator/include/vk_mem_alloc.h:8978:73: warning: pointer is missing a nullability type specifier (_Nonnull, _Nullable, or _Null_unspecified) [-Wnullability-completeness]
 8978 | VmaBlockMetadata_TLSF::VmaBlockMetadata_TLSF(const VkAllocationCallbacks* pAllocationCallbacks,
      |                                                                         ^
../subprojects/VulkanMemoryAllocator/include/vk_mem_alloc.h:8978:73: note: insert '_Nullable' if the pointer may be null
 8978 | VmaBlockMetadata_TLSF::VmaBlockMetadata_TLSF(const VkAllocationCallbacks* pAllocationCallbacks,
      |                                                                         ^
      |                                                                           _Nullable
../subprojects/VulkanMemoryAllocator/include/vk_mem_alloc.h:8978:73: note: insert '_Nonnull' if the pointer should never be null
 8978 | VmaBlockMetadata_TLSF::VmaBlockMetadata_TLSF(const VkAllocationCallbacks* pAllocationCallbacks,
      |                                                                         ^
      |                                                                           _Nonnull
../subprojects/VulkanMemoryAllocator/include/vk_mem_alloc.h:9195:25: warning: pointer is missing a nullability type specifier (_Nonnull, _Nullable, or _Null_unspecified) [-Wnullability-completeness]
 9195 |     VmaAllocationRequest* pAllocationRequest)
      |                         ^
../subprojects/VulkanMemoryAllocator/include/vk_mem_alloc.h:9195:25: note: insert '_Nullable' if the pointer may be null
 9195 |     VmaAllocationRequest* pAllocationRequest)
      |                         ^
      |                           _Nullable
../subprojects/VulkanMemoryAllocator/include/vk_mem_alloc.h:9195:25: note: insert '_Nonnull' if the pointer should never be null
 9195 |     VmaAllocationRequest* pAllocationRequest)
      |                         ^
      |                           _Nonnull
../subprojects/VulkanMemoryAllocator/include/vk_mem_alloc.h:9351:59: warning: pointer is missing a nullability type specifier (_Nonnull, _Nullable, or _Null_unspecified) [-Wnullability-completeness]
 9351 | VkResult VmaBlockMetadata_TLSF::CheckCorruption(const void* pBlockData)
      |                                                           ^
../subprojects/VulkanMemoryAllocator/include/vk_mem_alloc.h:9351:59: note: insert '_Nullable' if the pointer may be null
 9351 | VkResult VmaBlockMetadata_TLSF::CheckCorruption(const void* pBlockData)
      |                                                           ^
      |                                                             _Nullable
../subprojects/VulkanMemoryAllocator/include/vk_mem_alloc.h:9351:59: note: insert '_Nonnull' if the pointer should never be null
 9351 | VkResult VmaBlockMetadata_TLSF::CheckCorruption(const void* pBlockData)
      |                                                           ^
      |                                                             _Nonnull
../subprojects/VulkanMemoryAllocator/include/vk_mem_alloc.h:9371:9: warning: pointer is missing a nullability type specifier (_Nonnull, _Nullable, or _Null_unspecified) [-Wnullability-completeness]
 9371 |     void* userData)
      |         ^
../subprojects/VulkanMemoryAllocator/include/vk_mem_alloc.h:9371:9: note: insert '_Nullable' if the pointer may be null
 9371 |     void* userData)
      |         ^
      |           _Nullable
../subprojects/VulkanMemoryAllocator/include/vk_mem_alloc.h:9371:9: note: insert '_Nonnull' if the pointer should never be null
 9371 |     void* userData)
      |         ^
      |           _Nonnull
../subprojects/VulkanMemoryAllocator/include/vk_mem_alloc.h:9494:34: warning: pointer is missing a nullability type specifier (_Nonnull, _Nullable, or _Null_unspecified) [-Wnullability-completeness]
 9494 | void VmaBlockMetadata_TLSF::Free(VmaAllocHandle allocHandle)
      |                                  ^
../subprojects/VulkanMemoryAllocator/include/vk_mem_alloc.h:9494:34: note: insert '_Nullable' if the pointer may be null
 9494 | void VmaBlockMetadata_TLSF::Free(VmaAllocHandle allocHandle)
      |                                  ^
      |                                                 _Nullable
../subprojects/VulkanMemoryAllocator/include/vk_mem_alloc.h:9494:34: note: insert '_Nonnull' if the pointer should never be null
 9494 | void VmaBlockMetadata_TLSF::Free(VmaAllocHandle allocHandle)
      |                                  ^
      |                                                 _Nonnull
../subprojects/VulkanMemoryAllocator/include/vk_mem_alloc.h:9533:47: warning: pointer is missing a nullability type specifier (_Nonnull, _Nullable, or _Null_unspecified) [-Wnullability-completeness]
 9533 | void VmaBlockMetadata_TLSF::GetAllocationInfo(VmaAllocHandle allocHandle, VmaVirtualAllocationInfo& outInfo)
      |                                               ^
../subprojects/VulkanMemoryAllocator/include/vk_mem_alloc.h:9533:47: note: insert '_Nullable' if the pointer may be null
 9533 | void VmaBlockMetadata_TLSF::GetAllocationInfo(VmaAllocHandle allocHandle, VmaVirtualAllocationInfo& outInfo)
      |                                               ^
      |                                                              _Nullable
../subprojects/VulkanMemoryAllocator/include/vk_mem_alloc.h:9533:47: note: insert '_Nonnull' if the pointer should never be null
 9533 | void VmaBlockMetadata_TLSF::GetAllocationInfo(VmaAllocHandle allocHandle, VmaVirtualAllocationInfo& outInfo)
      |                                               ^
      |                                                              _Nonnull
../subprojects/VulkanMemoryAllocator/include/vk_mem_alloc.h:9542:52: warning: pointer is missing a nullability type specifier (_Nonnull, _Nullable, or _Null_unspecified) [-Wnullability-completeness]
 9542 | void* VmaBlockMetadata_TLSF::GetAllocationUserData(VmaAllocHandle allocHandle) const
      |                                                    ^
../subprojects/VulkanMemoryAllocator/include/vk_mem_alloc.h:9542:52: note: insert '_Nullable' if the pointer may be null
 9542 | void* VmaBlockMetadata_TLSF::GetAllocationUserData(VmaAllocHandle allocHandle) const
      |                                                    ^
      |                                                                   _Nullable
../subprojects/VulkanMemoryAllocator/include/vk_mem_alloc.h:9542:52: note: insert '_Nonnull' if the pointer should never be null
 9542 | void* VmaBlockMetadata_TLSF::GetAllocationUserData(VmaAllocHandle allocHandle) const
      |                                                    ^
      |                                                                   _Nonnull
../subprojects/VulkanMemoryAllocator/include/vk_mem_alloc.h:9542:5: warning: pointer is missing a nullability type specifier (_Nonnull, _Nullable, or _Null_unspecified) [-Wnullability-completeness]
 9542 | void* VmaBlockMetadata_TLSF::GetAllocationUserData(VmaAllocHandle allocHandle) const
      |     ^
../subprojects/VulkanMemoryAllocator/include/vk_mem_alloc.h:9542:5: note: insert '_Nullable' if the pointer may be null
 9542 | void* VmaBlockMetadata_TLSF::GetAllocationUserData(VmaAllocHandle allocHandle) const
      |     ^
      |       _Nullable
../subprojects/VulkanMemoryAllocator/include/vk_mem_alloc.h:9542:5: note: insert '_Nonnull' if the pointer should never be null
 9542 | void* VmaBlockMetadata_TLSF::GetAllocationUserData(VmaAllocHandle allocHandle) const
      |     ^
      |       _Nonnull
../subprojects/VulkanMemoryAllocator/include/vk_mem_alloc.h:9549:1: warning: pointer is missing a nullability type specifier (_Nonnull, _Nullable, or _Null_unspecified) [-Wnullability-completeness]
 9549 | VmaAllocHandle VmaBlockMetadata_TLSF::GetAllocationListBegin() const
      | ^
../subprojects/VulkanMemoryAllocator/include/vk_mem_alloc.h:9549:1: note: insert '_Nullable' if the pointer may be null
 9549 | VmaAllocHandle VmaBlockMetadata_TLSF::GetAllocationListBegin() const
      | ^
      |                _Nullable
../subprojects/VulkanMemoryAllocator/include/vk_mem_alloc.h:9549:1: note: insert '_Nonnull' if the pointer should never be null
 9549 | VmaAllocHandle VmaBlockMetadata_TLSF::GetAllocationListBegin() const
      | ^
      |                _Nonnull
../subprojects/VulkanMemoryAllocator/include/vk_mem_alloc.h:9563:57: warning: pointer is missing a nullability type specifier (_Nonnull, _Nullable, or _Null_unspecified) [-Wnullability-completeness]
 9563 | VmaAllocHandle VmaBlockMetadata_TLSF::GetNextAllocation(VmaAllocHandle prevAlloc) const
      |                                                         ^
../subprojects/VulkanMemoryAllocator/include/vk_mem_alloc.h:9563:57: note: insert '_Nullable' if the pointer may be null
 9563 | VmaAllocHandle VmaBlockMetadata_TLSF::GetNextAllocation(VmaAllocHandle prevAlloc) const
      |                                                         ^
      |                                                                        _Nullable
../subprojects/VulkanMemoryAllocator/include/vk_mem_alloc.h:9563:57: note: insert '_Nonnull' if the pointer should never be null
 9563 | VmaAllocHandle VmaBlockMetadata_TLSF::GetNextAllocation(VmaAllocHandle prevAlloc) const
      |                                                         ^
      |                                                                        _Nonnull
../subprojects/VulkanMemoryAllocator/include/vk_mem_alloc.h:9563:1: warning: pointer is missing a nullability type specifier (_Nonnull, _Nullable, or _Null_unspecified) [-Wnullability-completeness]
 9563 | VmaAllocHandle VmaBlockMetadata_TLSF::GetNextAllocation(VmaAllocHandle prevAlloc) const
      | ^
../subprojects/VulkanMemoryAllocator/include/vk_mem_alloc.h:9563:1: note: insert '_Nullable' if the pointer may be null
 9563 | VmaAllocHandle VmaBlockMetadata_TLSF::GetNextAllocation(VmaAllocHandle prevAlloc) const
      | ^
      |                _Nullable
../subprojects/VulkanMemoryAllocator/include/vk_mem_alloc.h:9563:1: note: insert '_Nonnull' if the pointer should never be null
 9563 | VmaAllocHandle VmaBlockMetadata_TLSF::GetNextAllocation(VmaAllocHandle prevAlloc) const
      | ^
      |                _Nonnull
../subprojects/VulkanMemoryAllocator/include/vk_mem_alloc.h:9576:59: warning: pointer is missing a nullability type specifier (_Nonnull, _Nullable, or _Null_unspecified) [-Wnullability-completeness]
 9576 | VkDeviceSize VmaBlockMetadata_TLSF::GetNextFreeRegionSize(VmaAllocHandle alloc) const
      |                                                           ^
../subprojects/VulkanMemoryAllocator/include/vk_mem_alloc.h:9576:59: note: insert '_Nullable' if the pointer may be null
 9576 | VkDeviceSize VmaBlockMetadata_TLSF::GetNextFreeRegionSize(VmaAllocHandle alloc) const
      |                                                           ^
      |                                                                          _Nullable
../subprojects/VulkanMemoryAllocator/include/vk_mem_alloc.h:9576:59: note: insert '_Nonnull' if the pointer should never be null
 9576 | VkDeviceSize VmaBlockMetadata_TLSF::GetNextFreeRegionSize(VmaAllocHandle alloc) const
      |                                                           ^
      |                                                                          _Nonnull
../subprojects/VulkanMemoryAllocator/include/vk_mem_alloc.h:9607:51: warning: pointer is missing a nullability type specifier (_Nonnull, _Nullable, or _Null_unspecified) [-Wnullability-completeness]
 9607 | void VmaBlockMetadata_TLSF::SetAllocationUserData(VmaAllocHandle allocHandle, void* userData)
      |                                                   ^
../subprojects/VulkanMemoryAllocator/include/vk_mem_alloc.h:9607:51: note: insert '_Nullable' if the pointer may be null
 9607 | void VmaBlockMetadata_TLSF::SetAllocationUserData(VmaAllocHandle allocHandle, void* userData)
      |                                                   ^
      |                                                                  _Nullable
../subprojects/VulkanMemoryAllocator/include/vk_mem_alloc.h:9607:51: note: insert '_Nonnull' if the pointer should never be null
 9607 | void VmaBlockMetadata_TLSF::SetAllocationUserData(VmaAllocHandle allocHandle, void* userData)
      |                                                   ^
      |                                                                  _Nonnull
../subprojects/VulkanMemoryAllocator/include/vk_mem_alloc.h:9607:83: warning: pointer is missing a nullability type specifier (_Nonnull, _Nullable, or _Null_unspecified) [-Wnullability-completeness]
 9607 | void VmaBlockMetadata_TLSF::SetAllocationUserData(VmaAllocHandle allocHandle, void* userData)
      |                                                                                   ^
../subprojects/VulkanMemoryAllocator/include/vk_mem_alloc.h:9607:83: note: insert '_Nullable' if the pointer may be null
 9607 | void VmaBlockMetadata_TLSF::SetAllocationUserData(VmaAllocHandle allocHandle, void* userData)
      |                                                                                   ^
      |                                                                                     _Nullable
../subprojects/VulkanMemoryAllocator/include/vk_mem_alloc.h:9607:83: note: insert '_Nonnull' if the pointer should never be null
 9607 | void VmaBlockMetadata_TLSF::SetAllocationUserData(VmaAllocHandle allocHandle, void* userData)
      |                                                                                   ^
      |                                                                                     _Nonnull
../subprojects/VulkanMemoryAllocator/include/vk_mem_alloc.h:9656:50: warning: pointer is missing a nullability type specifier (_Nonnull, _Nullable, or _Null_unspecified) [-Wnullability-completeness]
 9656 | void VmaBlockMetadata_TLSF::RemoveFreeBlock(Block* block)
      |                                                  ^
../subprojects/VulkanMemoryAllocator/include/vk_mem_alloc.h:9656:50: note: insert '_Nullable' if the pointer may be null
 9656 | void VmaBlockMetadata_TLSF::RemoveFreeBlock(Block* block)
      |                                                  ^
      |                                                    _Nullable
../subprojects/VulkanMemoryAllocator/include/vk_mem_alloc.h:9656:50: note: insert '_Nonnull' if the pointer should never be null
 9656 | void VmaBlockMetadata_TLSF::RemoveFreeBlock(Block* block)
      |                                                  ^
      |                                                    _Nonnull
../subprojects/VulkanMemoryAllocator/include/vk_mem_alloc.h:9685:50: warning: pointer is missing a nullability type specifier (_Nonnull, _Nullable, or _Null_unspecified) [-Wnullability-completeness]
 9685 | void VmaBlockMetadata_TLSF::InsertFreeBlock(Block* block)
      |                                                  ^
../subprojects/VulkanMemoryAllocator/include/vk_mem_alloc.h:9685:50: note: insert '_Nullable' if the pointer may be null
 9685 | void VmaBlockMetadata_TLSF::InsertFreeBlock(Block* block)
      |                                                  ^
      |                                                    _Nullable
../subprojects/VulkanMemoryAllocator/include/vk_mem_alloc.h:9685:50: note: insert '_Nonnull' if the pointer should never be null
 9685 | void VmaBlockMetadata_TLSF::InsertFreeBlock(Block* block)
      |                                                  ^
      |                                                    _Nonnull
../subprojects/VulkanMemoryAllocator/include/vk_mem_alloc.h:9708:45: warning: pointer is missing a nullability type specifier (_Nonnull, _Nullable, or _Null_unspecified) [-Wnullability-completeness]
 9708 | void VmaBlockMetadata_TLSF::MergeBlock(Block* block, Block* prev)
      |                                             ^
../subprojects/VulkanMemoryAllocator/include/vk_mem_alloc.h:9708:45: note: insert '_Nullable' if the pointer may be null
 9708 | void VmaBlockMetadata_TLSF::MergeBlock(Block* block, Block* prev)
      |                                             ^
      |                                               _Nullable
../subprojects/VulkanMemoryAllocator/include/vk_mem_alloc.h:9708:45: note: insert '_Nonnull' if the pointer should never be null
 9708 | void VmaBlockMetadata_TLSF::MergeBlock(Block* block, Block* prev)
      |                                             ^
      |                                               _Nonnull
../subprojects/VulkanMemoryAllocator/include/vk_mem_alloc.h:9708:59: warning: pointer is missing a nullability type specifier (_Nonnull, _Nullable, or _Null_unspecified) [-Wnullability-completeness]
 9708 | void VmaBlockMetadata_TLSF::MergeBlock(Block* block, Block* prev)
      |                                                           ^
../subprojects/VulkanMemoryAllocator/include/vk_mem_alloc.h:9708:59: note: insert '_Nullable' if the pointer may be null
 9708 | void VmaBlockMetadata_TLSF::MergeBlock(Block* block, Block* prev)
      |                                                           ^
      |                                                             _Nullable
../subprojects/VulkanMemoryAllocator/include/vk_mem_alloc.h:9708:59: note: insert '_Nonnull' if the pointer should never be null
 9708 | void VmaBlockMetadata_TLSF::MergeBlock(Block* block, Block* prev)
      |                                                           ^
      |                                                             _Nonnull
../subprojects/VulkanMemoryAllocator/include/vk_mem_alloc.h:9721:29: warning: pointer is missing a nullability type specifier (_Nonnull, _Nullable, or _Null_unspecified) [-Wnullability-completeness]
 9721 | VmaBlockMetadata_TLSF::Block* VmaBlockMetadata_TLSF::FindFreeBlock(VkDeviceSize size, uint32_t& listIndex) const
      |                             ^
../subprojects/VulkanMemoryAllocator/include/vk_mem_alloc.h:9721:29: note: insert '_Nullable' if the pointer may be null
 9721 | VmaBlockMetadata_TLSF::Block* VmaBlockMetadata_TLSF::FindFreeBlock(VkDeviceSize size, uint32_t& listIndex) const
      |                             ^
      |                               _Nullable
../subprojects/VulkanMemoryAllocator/include/vk_mem_alloc.h:9721:29: note: insert '_Nonnull' if the pointer should never be null
 9721 | VmaBlockMetadata_TLSF::Block* VmaBlockMetadata_TLSF::FindFreeBlock(VkDeviceSize size, uint32_t& listIndex) const
      |                             ^
      |                               _Nonnull
../subprojects/VulkanMemoryAllocator/include/vk_mem_alloc.h:9749:25: warning: pointer is missing a nullability type specifier (_Nonnull, _Nullable, or _Null_unspecified) [-Wnullability-completeness]
 9749 |     VmaAllocationRequest* pAllocationRequest)
      |                         ^
../subprojects/VulkanMemoryAllocator/include/vk_mem_alloc.h:9749:25: note: insert '_Nullable' if the pointer may be null
 9749 |     VmaAllocationRequest* pAllocationRequest)
      |                         ^
      |                           _Nullable
../subprojects/VulkanMemoryAllocator/include/vk_mem_alloc.h:9749:25: note: insert '_Nonnull' if the pointer should never be null
 9749 |     VmaAllocationRequest* pAllocationRequest)
      |                         ^
      |                           _Nonnull
../subprojects/VulkanMemoryAllocator/include/vk_mem_alloc.h:9800:9: warning: pointer is missing a nullability type specifier (_Nonnull, _Nullable, or _Null_unspecified) [-Wnullability-completeness]
 9800 |         VmaAllocator hAllocator,
      |         ^
../subprojects/VulkanMemoryAllocator/include/vk_mem_alloc.h:9800:9: note: insert '_Nullable' if the pointer may be null
 9800 |         VmaAllocator hAllocator,
      |         ^
      |                      _Nullable
../subprojects/VulkanMemoryAllocator/include/vk_mem_alloc.h:9800:9: note: insert '_Nonnull' if the pointer should never be null
 9800 |         VmaAllocator hAllocator,
      |         ^
      |                      _Nonnull
../subprojects/VulkanMemoryAllocator/include/vk_mem_alloc.h:9801:9: warning: pointer is missing a nullability type specifier (_Nonnull, _Nullable, or _Null_unspecified) [-Wnullability-completeness]
 9801 |         VmaPool hParentPool,
      |         ^
../subprojects/VulkanMemoryAllocator/include/vk_mem_alloc.h:9801:9: note: insert '_Nullable' if the pointer may be null
 9801 |         VmaPool hParentPool,
      |         ^
      |                 _Nullable
../subprojects/VulkanMemoryAllocator/include/vk_mem_alloc.h:9801:9: note: insert '_Nonnull' if the pointer should never be null
 9801 |         VmaPool hParentPool,
      |         ^
      |                 _Nonnull
../subprojects/VulkanMemoryAllocator/include/vk_mem_alloc.h:9811:13: warning: pointer is missing a nullability type specifier (_Nonnull, _Nullable, or _Null_unspecified) [-Wnullability-completeness]
 9811 |         void* pMemoryAllocateNext);
      |             ^
../subprojects/VulkanMemoryAllocator/include/vk_mem_alloc.h:9811:13: note: insert '_Nullable' if the pointer may be null
 9811 |         void* pMemoryAllocateNext);
      |             ^
      |               _Nullable
../subprojects/VulkanMemoryAllocator/include/vk_mem_alloc.h:9811:13: note: insert '_Nonnull' if the pointer should never be null
 9811 |         void* pMemoryAllocateNext);
      |             ^
      |               _Nonnull
../subprojects/VulkanMemoryAllocator/include/vk_mem_alloc.h:9814:5: warning: pointer is missing a nullability type specifier (_Nonnull, _Nullable, or _Null_unspecified) [-Wnullability-completeness]
 9814 |     VmaAllocator GetAllocator() const { return m_hAllocator; }
      |     ^
../subprojects/VulkanMemoryAllocator/include/vk_mem_alloc.h:9814:5: note: insert '_Nullable' if the pointer may be null
 9814 |     VmaAllocator GetAllocator() const { return m_hAllocator; }
      |     ^
      |                  _Nullable
../subprojects/VulkanMemoryAllocator/include/vk_mem_alloc.h:9814:5: note: insert '_Nonnull' if the pointer should never be null
 9814 |     VmaAllocator GetAllocator() const { return m_hAllocator; }
      |     ^
      |                  _Nonnull
../subprojects/VulkanMemoryAllocator/include/vk_mem_alloc.h:9815:5: warning: pointer is missing a nullability type specifier (_Nonnull, _Nullable, or _Null_unspecified) [-Wnullability-completeness]
 9815 |     VmaPool GetParentPool() const { return m_hParentPool; }
      |     ^
../subprojects/VulkanMemoryAllocator/include/vk_mem_alloc.h:9815:5: note: insert '_Nullable' if the pointer may be null
 9815 |     VmaPool GetParentPool() const { return m_hParentPool; }
      |     ^
      |             _Nullable
../subprojects/VulkanMemoryAllocator/include/vk_mem_alloc.h:9815:5: note: insert '_Nonnull' if the pointer should never be null
 9815 |     VmaPool GetParentPool() const { return m_hParentPool; }
      |     ^
      |             _Nonnull
../subprojects/VulkanMemoryAllocator/include/vk_mem_alloc.h:9823:15: warning: pointer is missing a nullability type specifier (_Nonnull, _Nullable, or _Null_unspecified) [-Wnullability-completeness]
 9823 |     const void* GetAllocationNextPtr() const { return m_pMemoryAllocateNext; }
      |               ^
../subprojects/VulkanMemoryAllocator/include/vk_mem_alloc.h:9823:15: note: insert '_Nullable' if the pointer may be null
 9823 |     const void* GetAllocationNextPtr() const { return m_pMemoryAllocateNext; }
      |               ^
      |                 _Nullable
../subprojects/VulkanMemoryAllocator/include/vk_mem_alloc.h:9823:15: note: insert '_Nonnull' if the pointer should never be null
 9823 |     const void* GetAllocationNextPtr() const { return m_pMemoryAllocateNext; }
      |               ^
      |                 _Nonnull
../subprojects/VulkanMemoryAllocator/include/vk_mem_alloc.h:9827:25: warning: pointer is missing a nullability type specifier (_Nonnull, _Nullable, or _Null_unspecified) [-Wnullability-completeness]
 9827 |     VmaDeviceMemoryBlock* GetBlock(size_t index) const { return m_Blocks[index]; }
      |                         ^
../subprojects/VulkanMemoryAllocator/include/vk_mem_alloc.h:9827:25: note: insert '_Nullable' if the pointer may be null
 9827 |     VmaDeviceMemoryBlock* GetBlock(size_t index) const { return m_Blocks[index]; }
      |                         ^
      |                           _Nullable
../subprojects/VulkanMemoryAllocator/include/vk_mem_alloc.h:9827:25: note: insert '_Nonnull' if the pointer should never be null
 9827 |     VmaDeviceMemoryBlock* GetBlock(size_t index) const { return m_Blocks[index]; }
      |                         ^
      |                           _Nonnull
../subprojects/VulkanMemoryAllocator/include/vk_mem_alloc.h:9842:9: warning: pointer is missing a nullability type specifier (_Nonnull, _Nullable, or _Null_unspecified) [-Wnullability-completeness]
 9842 |         VmaAllocation* pAllocations);
      |         ^
../subprojects/VulkanMemoryAllocator/include/vk_mem_alloc.h:9842:9: note: insert '_Nullable' if the pointer may be null
 9842 |         VmaAllocation* pAllocations);
      |         ^            
      |                       _Nullable 
../subprojects/VulkanMemoryAllocator/include/vk_mem_alloc.h:9842:9: note: insert '_Nonnull' if the pointer should never be null
 9842 |         VmaAllocation* pAllocations);
      |         ^            
      |                       _Nonnull 
../subprojects/VulkanMemoryAllocator/include/vk_mem_alloc.h:9842:22: warning: pointer is missing a nullability type specifier (_Nonnull, _Nullable, or _Null_unspecified) [-Wnullability-completeness]
 9842 |         VmaAllocation* pAllocations);
      |                      ^
../subprojects/VulkanMemoryAllocator/include/vk_mem_alloc.h:9842:22: note: insert '_Nullable' if the pointer may be null
 9842 |         VmaAllocation* pAllocations);
      |                      ^
      |                        _Nullable
../subprojects/VulkanMemoryAllocator/include/vk_mem_alloc.h:9842:22: note: insert '_Nonnull' if the pointer should never be null
 9842 |         VmaAllocation* pAllocations);
      |                      ^
      |                        _Nonnull
../subprojects/VulkanMemoryAllocator/include/vk_mem_alloc.h:9844:15: warning: pointer is missing a nullability type specifier (_Nonnull, _Nullable, or _Null_unspecified) [-Wnullability-completeness]
 9844 |     void Free(VmaAllocation hAllocation);
      |               ^
../subprojects/VulkanMemoryAllocator/include/vk_mem_alloc.h:9844:15: note: insert '_Nullable' if the pointer may be null
 9844 |     void Free(VmaAllocation hAllocation);
      |               ^
      |                             _Nullable
../subprojects/VulkanMemoryAllocator/include/vk_mem_alloc.h:9844:15: note: insert '_Nonnull' if the pointer should never be null
 9844 |     void Free(VmaAllocation hAllocation);
      |               ^
      |                             _Nonnull
../subprojects/VulkanMemoryAllocator/include/vk_mem_alloc.h:9853:11: warning: pointer is missing a nullability type specifier (_Nonnull, _Nullable, or _Null_unspecified) [-Wnullability-completeness]
 9853 |     const VmaAllocator m_hAllocator;
      |           ^
../subprojects/VulkanMemoryAllocator/include/vk_mem_alloc.h:9853:11: note: insert '_Nullable' if the pointer may be null
 9853 |     const VmaAllocator m_hAllocator;
      |           ^
      |                        _Nullable
../subprojects/VulkanMemoryAllocator/include/vk_mem_alloc.h:9853:11: note: insert '_Nonnull' if the pointer should never be null
 9853 |     const VmaAllocator m_hAllocator;
      |           ^
      |                        _Nonnull
../subprojects/VulkanMemoryAllocator/include/vk_mem_alloc.h:9854:11: warning: pointer is missing a nullability type specifier (_Nonnull, _Nullable, or _Null_unspecified) [-Wnullability-completeness]
 9854 |     const VmaPool m_hParentPool;
      |           ^
../subprojects/VulkanMemoryAllocator/include/vk_mem_alloc.h:9854:11: note: insert '_Nullable' if the pointer may be null
 9854 |     const VmaPool m_hParentPool;
      |           ^
      |                   _Nullable
../subprojects/VulkanMemoryAllocator/include/vk_mem_alloc.h:9854:11: note: insert '_Nonnull' if the pointer should never be null
 9854 |     const VmaPool m_hParentPool;
      |           ^
      |                   _Nonnull
../subprojects/VulkanMemoryAllocator/include/vk_mem_alloc.h:9865:9: warning: pointer is missing a nullability type specifier (_Nonnull, _Nullable, or _Null_unspecified) [-Wnullability-completeness]
 9865 |     void* const m_pMemoryAllocateNext;
      |         ^
../subprojects/VulkanMemoryAllocator/include/vk_mem_alloc.h:9865:9: note: insert '_Nullable' if the pointer may be null
 9865 |     void* const m_pMemoryAllocateNext;
      |         ^
      |           _Nullable
../subprojects/VulkanMemoryAllocator/include/vk_mem_alloc.h:9865:9: note: insert '_Nonnull' if the pointer should never be null
 9865 |     void* const m_pMemoryAllocateNext;
      |         ^
      |           _Nonnull
../subprojects/VulkanMemoryAllocator/include/vk_mem_alloc.h:9876:37: warning: pointer is missing a nullability type specifier (_Nonnull, _Nullable, or _Null_unspecified) [-Wnullability-completeness]
 9876 |     void Remove(VmaDeviceMemoryBlock* pBlock);
      |                                     ^
../subprojects/VulkanMemoryAllocator/include/vk_mem_alloc.h:9876:37: note: insert '_Nullable' if the pointer may be null
 9876 |     void Remove(VmaDeviceMemoryBlock* pBlock);
      |                                     ^
      |                                       _Nullable
../subprojects/VulkanMemoryAllocator/include/vk_mem_alloc.h:9876:37: note: insert '_Nonnull' if the pointer should never be null
 9876 |     void Remove(VmaDeviceMemoryBlock* pBlock);
      |                                     ^
      |                                       _Nonnull
../subprojects/VulkanMemoryAllocator/include/vk_mem_alloc.h:9887:9: warning: pointer is missing a nullability type specifier (_Nonnull, _Nullable, or _Null_unspecified) [-Wnullability-completeness]
 9887 |         VmaAllocation* pAllocation);
      |         ^
../subprojects/VulkanMemoryAllocator/include/vk_mem_alloc.h:9887:9: note: insert '_Nullable' if the pointer may be null
 9887 |         VmaAllocation* pAllocation);
      |         ^            
      |                       _Nullable 
../subprojects/VulkanMemoryAllocator/include/vk_mem_alloc.h:9887:9: note: insert '_Nonnull' if the pointer should never be null
 9887 |         VmaAllocation* pAllocation);
      |         ^            
      |                       _Nonnull 
../subprojects/VulkanMemoryAllocator/include/vk_mem_alloc.h:9887:22: warning: pointer is missing a nullability type specifier (_Nonnull, _Nullable, or _Null_unspecified) [-Wnullability-completeness]
 9887 |         VmaAllocation* pAllocation);
      |                      ^
../subprojects/VulkanMemoryAllocator/include/vk_mem_alloc.h:9887:22: note: insert '_Nullable' if the pointer may be null
 9887 |         VmaAllocation* pAllocation);
      |                      ^
      |                        _Nullable
../subprojects/VulkanMemoryAllocator/include/vk_mem_alloc.h:9887:22: note: insert '_Nonnull' if the pointer should never be null
 9887 |         VmaAllocation* pAllocation);
      |                      ^
      |                        _Nonnull
../subprojects/VulkanMemoryAllocator/include/vk_mem_alloc.h:9890:29: warning: pointer is missing a nullability type specifier (_Nonnull, _Nullable, or _Null_unspecified) [-Wnullability-completeness]
 9890 |         VmaDeviceMemoryBlock* pBlock,
      |                             ^
../subprojects/VulkanMemoryAllocator/include/vk_mem_alloc.h:9890:29: note: insert '_Nullable' if the pointer may be null
 9890 |         VmaDeviceMemoryBlock* pBlock,
      |                             ^
      |                               _Nullable
../subprojects/VulkanMemoryAllocator/include/vk_mem_alloc.h:9890:29: note: insert '_Nonnull' if the pointer should never be null
 9890 |         VmaDeviceMemoryBlock* pBlock,
      |                             ^
      |                               _Nonnull
../subprojects/VulkanMemoryAllocator/include/vk_mem_alloc.h:9894:13: warning: pointer is missing a nullability type specifier (_Nonnull, _Nullable, or _Null_unspecified) [-Wnullability-completeness]
 9894 |         void* pUserData,
      |             ^
../subprojects/VulkanMemoryAllocator/include/vk_mem_alloc.h:9894:13: note: insert '_Nullable' if the pointer may be null
 9894 |         void* pUserData,
      |             ^
      |               _Nullable
../subprojects/VulkanMemoryAllocator/include/vk_mem_alloc.h:9894:13: note: insert '_Nonnull' if the pointer should never be null
 9894 |         void* pUserData,
      |             ^
      |               _Nonnull
../subprojects/VulkanMemoryAllocator/include/vk_mem_alloc.h:9897:9: warning: pointer is missing a nullability type specifier (_Nonnull, _Nullable, or _Null_unspecified) [-Wnullability-completeness]
 9897 |         VmaAllocation* pAllocation);
      |         ^
../subprojects/VulkanMemoryAllocator/include/vk_mem_alloc.h:9897:9: note: insert '_Nullable' if the pointer may be null
 9897 |         VmaAllocation* pAllocation);
      |         ^            
      |                       _Nullable 
../subprojects/VulkanMemoryAllocator/include/vk_mem_alloc.h:9897:9: note: insert '_Nonnull' if the pointer should never be null
 9897 |         VmaAllocation* pAllocation);
      |         ^            
      |                       _Nonnull 
../subprojects/VulkanMemoryAllocator/include/vk_mem_alloc.h:9897:22: warning: pointer is missing a nullability type specifier (_Nonnull, _Nullable, or _Null_unspecified) [-Wnullability-completeness]
 9897 |         VmaAllocation* pAllocation);
      |                      ^
../subprojects/VulkanMemoryAllocator/include/vk_mem_alloc.h:9897:22: note: insert '_Nullable' if the pointer may be null
 9897 |         VmaAllocation* pAllocation);
      |                      ^
      |                        _Nullable
../subprojects/VulkanMemoryAllocator/include/vk_mem_alloc.h:9897:22: note: insert '_Nonnull' if the pointer should never be null
 9897 |         VmaAllocation* pAllocation);
      |                      ^
      |                        _Nonnull
../subprojects/VulkanMemoryAllocator/include/vk_mem_alloc.h:9901:29: warning: pointer is missing a nullability type specifier (_Nonnull, _Nullable, or _Null_unspecified) [-Wnullability-completeness]
 9901 |         VmaDeviceMemoryBlock* pBlock,
      |                             ^
../subprojects/VulkanMemoryAllocator/include/vk_mem_alloc.h:9901:29: note: insert '_Nullable' if the pointer may be null
 9901 |         VmaDeviceMemoryBlock* pBlock,
      |                             ^
      |                               _Nullable
../subprojects/VulkanMemoryAllocator/include/vk_mem_alloc.h:9901:29: note: insert '_Nonnull' if the pointer should never be null
 9901 |         VmaDeviceMemoryBlock* pBlock,
      |                             ^
      |                               _Nonnull
../subprojects/VulkanMemoryAllocator/include/vk_mem_alloc.h:9904:13: warning: pointer is missing a nullability type specifier (_Nonnull, _Nullable, or _Null_unspecified) [-Wnullability-completeness]
 9904 |         void* pUserData,
      |             ^
../subprojects/VulkanMemoryAllocator/include/vk_mem_alloc.h:9904:13: note: insert '_Nullable' if the pointer may be null
 9904 |         void* pUserData,
      |             ^
      |               _Nullable
../subprojects/VulkanMemoryAllocator/include/vk_mem_alloc.h:9904:13: note: insert '_Nonnull' if the pointer should never be null
 9904 |         void* pUserData,
      |             ^
      |               _Nonnull
../subprojects/VulkanMemoryAllocator/include/vk_mem_alloc.h:9906:9: warning: pointer is missing a nullability type specifier (_Nonnull, _Nullable, or _Null_unspecified) [-Wnullability-completeness]
 9906 |         VmaAllocation* pAllocation);
      |         ^
../subprojects/VulkanMemoryAllocator/include/vk_mem_alloc.h:9906:9: note: insert '_Nullable' if the pointer may be null
 9906 |         VmaAllocation* pAllocation);
      |         ^            
      |                       _Nullable 
../subprojects/VulkanMemoryAllocator/include/vk_mem_alloc.h:9906:9: note: insert '_Nonnull' if the pointer should never be null
 9906 |         VmaAllocation* pAllocation);
      |         ^            
      |                       _Nonnull 
../subprojects/VulkanMemoryAllocator/include/vk_mem_alloc.h:9906:22: warning: pointer is missing a nullability type specifier (_Nonnull, _Nullable, or _Null_unspecified) [-Wnullability-completeness]
 9906 |         VmaAllocation* pAllocation);
      |                      ^
../subprojects/VulkanMemoryAllocator/include/vk_mem_alloc.h:9906:22: note: insert '_Nullable' if the pointer may be null
 9906 |         VmaAllocation* pAllocation);
      |                      ^
      |                        _Nullable
../subprojects/VulkanMemoryAllocator/include/vk_mem_alloc.h:9906:22: note: insert '_Nonnull' if the pointer should never be null
 9906 |         VmaAllocation* pAllocation);
      |                      ^
      |                        _Nonnull
../subprojects/VulkanMemoryAllocator/include/vk_mem_alloc.h:9908:56: warning: pointer is missing a nullability type specifier (_Nonnull, _Nullable, or _Null_unspecified) [-Wnullability-completeness]
 9908 |     VkResult CreateBlock(VkDeviceSize blockSize, size_t* pNewBlockIndex);
      |                                                        ^
../subprojects/VulkanMemoryAllocator/include/vk_mem_alloc.h:9908:56: note: insert '_Nullable' if the pointer may be null
 9908 |     VkResult CreateBlock(VkDeviceSize blockSize, size_t* pNewBlockIndex);
      |                                                        ^
      |                                                          _Nullable
../subprojects/VulkanMemoryAllocator/include/vk_mem_alloc.h:9908:56: note: insert '_Nonnull' if the pointer should never be null
 9908 |     VkResult CreateBlock(VkDeviceSize blockSize, size_t* pNewBlockIndex);
      |                                                        ^
      |                                                          _Nonnull
../subprojects/VulkanMemoryAllocator/include/vk_mem_alloc.h:9919:9: warning: pointer is missing a nullability type specifier (_Nonnull, _Nullable, or _Null_unspecified) [-Wnullability-completeness]
 9919 |         VmaAllocator hAllocator,
      |         ^
../subprojects/VulkanMemoryAllocator/include/vk_mem_alloc.h:9919:9: note: insert '_Nullable' if the pointer may be null
 9919 |         VmaAllocator hAllocator,
      |         ^
      |                      _Nullable
../subprojects/VulkanMemoryAllocator/include/vk_mem_alloc.h:9919:9: note: insert '_Nonnull' if the pointer should never be null
 9919 |         VmaAllocator hAllocator,
      |         ^
      |                      _Nonnull
../subprojects/VulkanMemoryAllocator/include/vk_mem_alloc.h:9936:29: warning: pointer is missing a nullability type specifier (_Nonnull, _Nullable, or _Null_unspecified) [-Wnullability-completeness]
 9936 |         VmaDeviceMemoryBlock* block;
      |                             ^
../subprojects/VulkanMemoryAllocator/include/vk_mem_alloc.h:9936:29: note: insert '_Nullable' if the pointer may be null
 9936 |         VmaDeviceMemoryBlock* block;
      |                             ^
      |                               _Nullable
../subprojects/VulkanMemoryAllocator/include/vk_mem_alloc.h:9936:29: note: insert '_Nonnull' if the pointer should never be null
 9936 |         VmaDeviceMemoryBlock* block;
      |                             ^
      |                               _Nonnull
../subprojects/VulkanMemoryAllocator/include/vk_mem_alloc.h:9966:11: warning: pointer is missing a nullability type specifier (_Nonnull, _Nullable, or _Null_unspecified) [-Wnullability-completeness]
 9966 |     const PFN_vmaCheckDefragmentationBreakFunction m_BreakCallback;
      |           ^
../subprojects/VulkanMemoryAllocator/include/vk_mem_alloc.h:9966:11: note: insert '_Nullable' if the pointer may be null
 9966 |     const PFN_vmaCheckDefragmentationBreakFunction m_BreakCallback;
      |           ^
      |                                                    _Nullable
../subprojects/VulkanMemoryAllocator/include/vk_mem_alloc.h:9966:11: note: insert '_Nonnull' if the pointer should never be null
 9966 |     const PFN_vmaCheckDefragmentationBreakFunction m_BreakCallback;
      |           ^
      |                                                    _Nonnull
../subprojects/VulkanMemoryAllocator/include/vk_mem_alloc.h:9967:9: warning: pointer is missing a nullability type specifier (_Nonnull, _Nullable, or _Null_unspecified) [-Wnullability-completeness]
 9967 |     void* m_BreakCallbackUserData;
      |         ^
../subprojects/VulkanMemoryAllocator/include/vk_mem_alloc.h:9967:9: note: insert '_Nullable' if the pointer may be null
 9967 |     void* m_BreakCallbackUserData;
      |         ^
      |           _Nullable
../subprojects/VulkanMemoryAllocator/include/vk_mem_alloc.h:9967:9: note: insert '_Nonnull' if the pointer should never be null
 9967 |     void* m_BreakCallbackUserData;
      |         ^
      |           _Nonnull
../subprojects/VulkanMemoryAllocator/include/vk_mem_alloc.h:9975:19: warning: pointer is missing a nullability type specifier (_Nonnull, _Nullable, or _Null_unspecified) [-Wnullability-completeness]
 9975 |     VmaBlockVector* m_PoolBlockVector;
      |                   ^
../subprojects/VulkanMemoryAllocator/include/vk_mem_alloc.h:9975:19: note: insert '_Nullable' if the pointer may be null
 9975 |     VmaBlockVector* m_PoolBlockVector;
      |                   ^
      |                     _Nullable
../subprojects/VulkanMemoryAllocator/include/vk_mem_alloc.h:9975:19: note: insert '_Nonnull' if the pointer should never be null
 9975 |     VmaBlockVector* m_PoolBlockVector;
      |                   ^
      |                     _Nonnull
../subprojects/VulkanMemoryAllocator/include/vk_mem_alloc.h:9976:19: warning: pointer is missing a nullability type specifier (_Nonnull, _Nullable, or _Null_unspecified) [-Wnullability-completeness]
 9976 |     VmaBlockVector** m_pBlockVectors;
      |                   ^
../subprojects/VulkanMemoryAllocator/include/vk_mem_alloc.h:9976:19: note: insert '_Nullable' if the pointer may be null
 9976 |     VmaBlockVector** m_pBlockVectors;
      |                   ^
      |                    _Nullable
../subprojects/VulkanMemoryAllocator/include/vk_mem_alloc.h:9976:19: note: insert '_Nonnull' if the pointer should never be null
 9976 |     VmaBlockVector** m_pBlockVectors;
      |                   ^
      |                    _Nonnull
../subprojects/VulkanMemoryAllocator/include/vk_mem_alloc.h:9976:20: warning: pointer is missing a nullability type specifier (_Nonnull, _Nullable, or _Null_unspecified) [-Wnullability-completeness]
 9976 |     VmaBlockVector** m_pBlockVectors;
      |                    ^
../subprojects/VulkanMemoryAllocator/include/vk_mem_alloc.h:9976:20: note: insert '_Nullable' if the pointer may be null
 9976 |     VmaBlockVector** m_pBlockVectors;
      |                    ^
      |                      _Nullable
../subprojects/VulkanMemoryAllocator/include/vk_mem_alloc.h:9976:20: note: insert '_Nonnull' if the pointer should never be null
 9976 |     VmaBlockVector** m_pBlockVectors;
      |                    ^
      |                      _Nonnull
../subprojects/VulkanMemoryAllocator/include/vk_mem_alloc.h:9980:9: warning: pointer is missing a nullability type specifier (_Nonnull, _Nullable, or _Null_unspecified) [-Wnullability-completeness]
 9980 |     void* m_AlgorithmState = VMA_NULL;
      |         ^
../subprojects/VulkanMemoryAllocator/include/vk_mem_alloc.h:9980:9: note: insert '_Nullable' if the pointer may be null
 9980 |     void* m_AlgorithmState = VMA_NULL;
      |         ^
      |           _Nullable
../subprojects/VulkanMemoryAllocator/include/vk_mem_alloc.h:9980:9: note: insert '_Nonnull' if the pointer should never be null
 9980 |     void* m_AlgorithmState = VMA_NULL;
      |         ^
      |           _Nonnull
../subprojects/VulkanMemoryAllocator/include/vk_mem_alloc.h:9982:43: warning: pointer is missing a nullability type specifier (_Nonnull, _Nullable, or _Null_unspecified) [-Wnullability-completeness]
 9982 |     static MoveAllocationData GetMoveData(VmaAllocHandle handle, VmaBlockMetadata* metadata);
      |                                           ^
../subprojects/VulkanMemoryAllocator/include/vk_mem_alloc.h:9982:43: note: insert '_Nullable' if the pointer may be null
 9982 |     static MoveAllocationData GetMoveData(VmaAllocHandle handle, VmaBlockMetadata* metadata);
      |                                           ^
      |                                                          _Nullable
../subprojects/VulkanMemoryAllocator/include/vk_mem_alloc.h:9982:43: note: insert '_Nonnull' if the pointer should never be null
 9982 |     static MoveAllocationData GetMoveData(VmaAllocHandle handle, VmaBlockMetadata* metadata);
      |                                           ^
      |                                                          _Nonnull
../subprojects/VulkanMemoryAllocator/include/vk_mem_alloc.h:9982:82: warning: pointer is missing a nullability type specifier (_Nonnull, _Nullable, or _Null_unspecified) [-Wnullability-completeness]
 9982 |     static MoveAllocationData GetMoveData(VmaAllocHandle handle, VmaBlockMetadata* metadata);
      |                                                                                  ^
../subprojects/VulkanMemoryAllocator/include/vk_mem_alloc.h:9982:82: note: insert '_Nullable' if the pointer may be null
 9982 |     static MoveAllocationData GetMoveData(VmaAllocHandle handle, VmaBlockMetadata* metadata);
      |                                                                                  ^
      |                                                                                    _Nullable
../subprojects/VulkanMemoryAllocator/include/vk_mem_alloc.h:9982:82: note: insert '_Nonnull' if the pointer should never be null
 9982 |     static MoveAllocationData GetMoveData(VmaAllocHandle handle, VmaBlockMetadata* metadata);
      |                                                                                  ^
      |                                                                                    _Nonnull
../subprojects/VulkanMemoryAllocator/include/vk_mem_alloc.h:9985:73: warning: pointer is missing a nullability type specifier (_Nonnull, _Nullable, or _Null_unspecified) [-Wnullability-completeness]
  9985 |     bool ReallocWithinBlock(VmaBlockVector& vector, VmaDeviceMemoryBlock* block);
       |                                                                         ^
../subprojects/VulkanMemoryAllocator/include/vk_mem_alloc.h:9985:73: note: insert '_Nullable' if the pointer may be null
  9985 |     bool ReallocWithinBlock(VmaBlockVector& vector, VmaDeviceMemoryBlock* block);
       |                                                                         ^
       |                                                                           _Nullable
../subprojects/VulkanMemoryAllocator/include/vk_mem_alloc.h:9985:73: note: insert '_Nonnull' if the pointer should never be null
  9985 |     bool ReallocWithinBlock(VmaBlockVector& vector, VmaDeviceMemoryBlock* block);
       |                                                                         ^
       |                                                                           _Nonnull
../subprojects/VulkanMemoryAllocator/include/vk_mem_alloc.h:10011:9: warning: pointer is missing a nullability type specifier (_Nonnull, _Nullable, or _Null_unspecified) [-Wnullability-completeness]
 10011 |         VmaAllocator hAllocator,
       |         ^
../subprojects/VulkanMemoryAllocator/include/vk_mem_alloc.h:10011:9: note: insert '_Nullable' if the pointer may be null
 10011 |         VmaAllocator hAllocator,
       |         ^
       |                      _Nullable
../subprojects/VulkanMemoryAllocator/include/vk_mem_alloc.h:10011:9: note: insert '_Nonnull' if the pointer should never be null
 10011 |         VmaAllocator hAllocator,
       |         ^
       |                      _Nonnull
../subprojects/VulkanMemoryAllocator/include/vk_mem_alloc.h:10019:15: warning: pointer is missing a nullability type specifier (_Nonnull, _Nullable, or _Null_unspecified) [-Wnullability-completeness]
 10019 |     const char* GetName() const { return m_Name; }
       |               ^
../subprojects/VulkanMemoryAllocator/include/vk_mem_alloc.h:10019:15: note: insert '_Nullable' if the pointer may be null
 10019 |     const char* GetName() const { return m_Name; }
       |               ^
       |                 _Nullable
../subprojects/VulkanMemoryAllocator/include/vk_mem_alloc.h:10019:15: note: insert '_Nonnull' if the pointer should never be null
 10019 |     const char* GetName() const { return m_Name; }
       |               ^
       |                 _Nonnull
../subprojects/VulkanMemoryAllocator/include/vk_mem_alloc.h:10020:28: warning: pointer is missing a nullability type specifier (_Nonnull, _Nullable, or _Null_unspecified) [-Wnullability-completeness]
 10020 |     void SetName(const char* pName);
       |                            ^
../subprojects/VulkanMemoryAllocator/include/vk_mem_alloc.h:10020:28: note: insert '_Nullable' if the pointer may be null
 10020 |     void SetName(const char* pName);
       |                            ^
       |                              _Nullable
../subprojects/VulkanMemoryAllocator/include/vk_mem_alloc.h:10020:28: note: insert '_Nonnull' if the pointer should never be null
 10020 |     void SetName(const char* pName);
       |                            ^
       |                              _Nonnull
../subprojects/VulkanMemoryAllocator/include/vk_mem_alloc.h:10028:9: warning: pointer is missing a nullability type specifier (_Nonnull, _Nullable, or _Null_unspecified) [-Wnullability-completeness]
 10028 |     char* m_Name;
       |         ^
../subprojects/VulkanMemoryAllocator/include/vk_mem_alloc.h:10028:9: note: insert '_Nullable' if the pointer may be null
 10028 |     char* m_Name;
       |         ^
       |           _Nullable
../subprojects/VulkanMemoryAllocator/include/vk_mem_alloc.h:10028:9: note: insert '_Nonnull' if the pointer should never be null
 10028 |     char* m_Name;
       |         ^
       |           _Nonnull
../subprojects/VulkanMemoryAllocator/include/vk_mem_alloc.h:10029:14: warning: pointer is missing a nullability type specifier (_Nonnull, _Nullable, or _Null_unspecified) [-Wnullability-completeness]
 10029 |     VmaPool_T* m_PrevPool = VMA_NULL;
       |              ^
../subprojects/VulkanMemoryAllocator/include/vk_mem_alloc.h:10029:14: note: insert '_Nullable' if the pointer may be null
 10029 |     VmaPool_T* m_PrevPool = VMA_NULL;
       |              ^
       |                _Nullable
../subprojects/VulkanMemoryAllocator/include/vk_mem_alloc.h:10029:14: note: insert '_Nonnull' if the pointer should never be null
 10029 |     VmaPool_T* m_PrevPool = VMA_NULL;
       |              ^
       |                _Nonnull
../subprojects/VulkanMemoryAllocator/include/vk_mem_alloc.h:10030:14: warning: pointer is missing a nullability type specifier (_Nonnull, _Nullable, or _Null_unspecified) [-Wnullability-completeness]
 10030 |     VmaPool_T* m_NextPool = VMA_NULL;
       |              ^
../subprojects/VulkanMemoryAllocator/include/vk_mem_alloc.h:10030:14: note: insert '_Nullable' if the pointer may be null
 10030 |     VmaPool_T* m_NextPool = VMA_NULL;
       |              ^
       |                _Nullable
../subprojects/VulkanMemoryAllocator/include/vk_mem_alloc.h:10030:14: note: insert '_Nonnull' if the pointer should never be null
 10030 |     VmaPool_T* m_NextPool = VMA_NULL;
       |              ^
       |                _Nonnull
../subprojects/VulkanMemoryAllocator/include/vk_mem_alloc.h:10037:44: warning: pointer is missing a nullability type specifier (_Nonnull, _Nullable, or _Null_unspecified) [-Wnullability-completeness]
 10037 |     static ItemType* GetPrev(const ItemType* item) { return item->m_PrevPool; }
       |                                            ^
../subprojects/VulkanMemoryAllocator/include/vk_mem_alloc.h:10037:44: note: insert '_Nullable' if the pointer may be null
 10037 |     static ItemType* GetPrev(const ItemType* item) { return item->m_PrevPool; }
       |                                            ^
       |                                              _Nullable
../subprojects/VulkanMemoryAllocator/include/vk_mem_alloc.h:10037:44: note: insert '_Nonnull' if the pointer should never be null
 10037 |     static ItemType* GetPrev(const ItemType* item) { return item->m_PrevPool; }
       |                                            ^
       |                                              _Nonnull
../subprojects/VulkanMemoryAllocator/include/vk_mem_alloc.h:10037:20: warning: pointer is missing a nullability type specifier (_Nonnull, _Nullable, or _Null_unspecified) [-Wnullability-completeness]
 10037 |     static ItemType* GetPrev(const ItemType* item) { return item->m_PrevPool; }
       |                    ^
../subprojects/VulkanMemoryAllocator/include/vk_mem_alloc.h:10037:20: note: insert '_Nullable' if the pointer may be null
 10037 |     static ItemType* GetPrev(const ItemType* item) { return item->m_PrevPool; }
       |                    ^
       |                      _Nullable
../subprojects/VulkanMemoryAllocator/include/vk_mem_alloc.h:10037:20: note: insert '_Nonnull' if the pointer should never be null
 10037 |     static ItemType* GetPrev(const ItemType* item) { return item->m_PrevPool; }
       |                    ^
       |                      _Nonnull
../subprojects/VulkanMemoryAllocator/include/vk_mem_alloc.h:10038:44: warning: pointer is missing a nullability type specifier (_Nonnull, _Nullable, or _Null_unspecified) [-Wnullability-completeness]
 10038 |     static ItemType* GetNext(const ItemType* item) { return item->m_NextPool; }
       |                                            ^
../subprojects/VulkanMemoryAllocator/include/vk_mem_alloc.h:10038:44: note: insert '_Nullable' if the pointer may be null
 10038 |     static ItemType* GetNext(const ItemType* item) { return item->m_NextPool; }
       |                                            ^
       |                                              _Nullable
../subprojects/VulkanMemoryAllocator/include/vk_mem_alloc.h:10038:44: note: insert '_Nonnull' if the pointer should never be null
 10038 |     static ItemType* GetNext(const ItemType* item) { return item->m_NextPool; }
       |                                            ^
       |                                              _Nonnull
../subprojects/VulkanMemoryAllocator/include/vk_mem_alloc.h:10038:20: warning: pointer is missing a nullability type specifier (_Nonnull, _Nullable, or _Null_unspecified) [-Wnullability-completeness]
 10038 |     static ItemType* GetNext(const ItemType* item) { return item->m_NextPool; }
       |                    ^
../subprojects/VulkanMemoryAllocator/include/vk_mem_alloc.h:10038:20: note: insert '_Nullable' if the pointer may be null
 10038 |     static ItemType* GetNext(const ItemType* item) { return item->m_NextPool; }
       |                    ^
       |                      _Nullable
../subprojects/VulkanMemoryAllocator/include/vk_mem_alloc.h:10038:20: note: insert '_Nonnull' if the pointer should never be null
 10038 |     static ItemType* GetNext(const ItemType* item) { return item->m_NextPool; }
       |                    ^
       |                      _Nonnull
../subprojects/VulkanMemoryAllocator/include/vk_mem_alloc.h:10039:42: warning: pointer is missing a nullability type specifier (_Nonnull, _Nullable, or _Null_unspecified) [-Wnullability-completeness]
 10039 |     static ItemType*& AccessPrev(ItemType* item) { return item->m_PrevPool; }
       |                                          ^
../subprojects/VulkanMemoryAllocator/include/vk_mem_alloc.h:10039:42: note: insert '_Nullable' if the pointer may be null
 10039 |     static ItemType*& AccessPrev(ItemType* item) { return item->m_PrevPool; }
       |                                          ^
       |                                            _Nullable
../subprojects/VulkanMemoryAllocator/include/vk_mem_alloc.h:10039:42: note: insert '_Nonnull' if the pointer should never be null
 10039 |     static ItemType*& AccessPrev(ItemType* item) { return item->m_PrevPool; }
       |                                          ^
       |                                            _Nonnull
../subprojects/VulkanMemoryAllocator/include/vk_mem_alloc.h:10039:20: warning: pointer is missing a nullability type specifier (_Nonnull, _Nullable, or _Null_unspecified) [-Wnullability-completeness]
 10039 |     static ItemType*& AccessPrev(ItemType* item) { return item->m_PrevPool; }
       |                    ^
../subprojects/VulkanMemoryAllocator/include/vk_mem_alloc.h:10039:20: note: insert '_Nullable' if the pointer may be null
 10039 |     static ItemType*& AccessPrev(ItemType* item) { return item->m_PrevPool; }
       |                    ^
       |                     _Nullable
../subprojects/VulkanMemoryAllocator/include/vk_mem_alloc.h:10039:20: note: insert '_Nonnull' if the pointer should never be null
 10039 |     static ItemType*& AccessPrev(ItemType* item) { return item->m_PrevPool; }
       |                    ^
       |                     _Nonnull
../subprojects/VulkanMemoryAllocator/include/vk_mem_alloc.h:10040:42: warning: pointer is missing a nullability type specifier (_Nonnull, _Nullable, or _Null_unspecified) [-Wnullability-completeness]
 10040 |     static ItemType*& AccessNext(ItemType* item) { return item->m_NextPool; }
       |                                          ^
../subprojects/VulkanMemoryAllocator/include/vk_mem_alloc.h:10040:42: note: insert '_Nullable' if the pointer may be null
 10040 |     static ItemType*& AccessNext(ItemType* item) { return item->m_NextPool; }
       |                                          ^
       |                                            _Nullable
../subprojects/VulkanMemoryAllocator/include/vk_mem_alloc.h:10040:42: note: insert '_Nonnull' if the pointer should never be null
 10040 |     static ItemType*& AccessNext(ItemType* item) { return item->m_NextPool; }
       |                                          ^
       |                                            _Nonnull
../subprojects/VulkanMemoryAllocator/include/vk_mem_alloc.h:10040:20: warning: pointer is missing a nullability type specifier (_Nonnull, _Nullable, or _Null_unspecified) [-Wnullability-completeness]
 10040 |     static ItemType*& AccessNext(ItemType* item) { return item->m_NextPool; }
       |                    ^
../subprojects/VulkanMemoryAllocator/include/vk_mem_alloc.h:10040:20: note: insert '_Nullable' if the pointer may be null
 10040 |     static ItemType*& AccessNext(ItemType* item) { return item->m_NextPool; }
       |                    ^
       |                     _Nullable
../subprojects/VulkanMemoryAllocator/include/vk_mem_alloc.h:10040:20: note: insert '_Nonnull' if the pointer should never be null
 10040 |     static ItemType*& AccessNext(ItemType* item) { return item->m_NextPool; }
       |                    ^
       |                     _Nonnull
../subprojects/VulkanMemoryAllocator/include/vk_mem_alloc.h:10120:70: warning: pointer is missing a nullability type specifier (_Nonnull, _Nullable, or _Null_unspecified) [-Wnullability-completeness]
 10120 |     explicit VmaAllocationObjectAllocator(const VkAllocationCallbacks* pAllocationCallbacks)
       |                                                                      ^
../subprojects/VulkanMemoryAllocator/include/vk_mem_alloc.h:10120:70: note: insert '_Nullable' if the pointer may be null
 10120 |     explicit VmaAllocationObjectAllocator(const VkAllocationCallbacks* pAllocationCallbacks)
       |                                                                      ^
       |                                                                        _Nullable
../subprojects/VulkanMemoryAllocator/include/vk_mem_alloc.h:10120:70: note: insert '_Nonnull' if the pointer should never be null
 10120 |     explicit VmaAllocationObjectAllocator(const VkAllocationCallbacks* pAllocationCallbacks)
       |                                                                      ^
       |                                                                        _Nonnull
../subprojects/VulkanMemoryAllocator/include/vk_mem_alloc.h:10123:33: warning: pointer is missing a nullability type specifier (_Nonnull, _Nullable, or _Null_unspecified) [-Wnullability-completeness]
 10123 |     template<typename... Types> VmaAllocation Allocate(Types&&... args);
       |                                 ^
../subprojects/VulkanMemoryAllocator/include/vk_mem_alloc.h:10123:33: note: insert '_Nullable' if the pointer may be null
 10123 |     template<typename... Types> VmaAllocation Allocate(Types&&... args);
       |                                 ^
       |                                               _Nullable
../subprojects/VulkanMemoryAllocator/include/vk_mem_alloc.h:10123:33: note: insert '_Nonnull' if the pointer should never be null
 10123 |     template<typename... Types> VmaAllocation Allocate(Types&&... args);
       |                                 ^
       |                                               _Nonnull
../subprojects/VulkanMemoryAllocator/include/vk_mem_alloc.h:10124:15: warning: pointer is missing a nullability type specifier (_Nonnull, _Nullable, or _Null_unspecified) [-Wnullability-completeness]
 10124 |     void Free(VmaAllocation hAlloc);
       |               ^
../subprojects/VulkanMemoryAllocator/include/vk_mem_alloc.h:10124:15: note: insert '_Nullable' if the pointer may be null
 10124 |     void Free(VmaAllocation hAlloc);
       |               ^
       |                             _Nullable
../subprojects/VulkanMemoryAllocator/include/vk_mem_alloc.h:10124:15: note: insert '_Nonnull' if the pointer should never be null
 10124 |     void Free(VmaAllocation hAlloc);
       |               ^
       |                             _Nonnull
../subprojects/VulkanMemoryAllocator/include/vk_mem_alloc.h:10132:1: warning: pointer is missing a nullability type specifier (_Nonnull, _Nullable, or _Null_unspecified) [-Wnullability-completeness]
 10132 | VmaAllocation VmaAllocationObjectAllocator::Allocate(Types&&... args)
       | ^
../subprojects/VulkanMemoryAllocator/include/vk_mem_alloc.h:10132:1: note: insert '_Nullable' if the pointer may be null
 10132 | VmaAllocation VmaAllocationObjectAllocator::Allocate(Types&&... args)
       | ^
       |               _Nullable
../subprojects/VulkanMemoryAllocator/include/vk_mem_alloc.h:10132:1: note: insert '_Nonnull' if the pointer should never be null
 10132 | VmaAllocation VmaAllocationObjectAllocator::Allocate(Types&&... args)
       | ^
       |               _Nonnull
../subprojects/VulkanMemoryAllocator/include/vk_mem_alloc.h:10138:41: warning: pointer is missing a nullability type specifier (_Nonnull, _Nullable, or _Null_unspecified) [-Wnullability-completeness]
 10138 | void VmaAllocationObjectAllocator::Free(VmaAllocation hAlloc)
       |                                         ^
../subprojects/VulkanMemoryAllocator/include/vk_mem_alloc.h:10138:41: note: insert '_Nullable' if the pointer may be null
 10138 | void VmaAllocationObjectAllocator::Free(VmaAllocation hAlloc)
       |                                         ^
       |                                                       _Nullable
../subprojects/VulkanMemoryAllocator/include/vk_mem_alloc.h:10138:41: note: insert '_Nonnull' if the pointer should never be null
 10138 | void VmaAllocationObjectAllocator::Free(VmaAllocation hAlloc)
       |                                         ^
       |                                                       _Nonnull
../subprojects/VulkanMemoryAllocator/include/vk_mem_alloc.h:10157:15: warning: pointer is missing a nullability type specifier (_Nonnull, _Nullable, or _Null_unspecified) [-Wnullability-completeness]
 10157 |     void Free(VmaVirtualAllocation allocation) { m_Metadata->Free((VmaAllocHandle)allocation); }
       |               ^
../subprojects/VulkanMemoryAllocator/include/vk_mem_alloc.h:10157:15: note: insert '_Nullable' if the pointer may be null
 10157 |     void Free(VmaVirtualAllocation allocation) { m_Metadata->Free((VmaAllocHandle)allocation); }
       |               ^
       |                                    _Nullable
../subprojects/VulkanMemoryAllocator/include/vk_mem_alloc.h:10157:15: note: insert '_Nonnull' if the pointer should never be null
 10157 |     void Free(VmaVirtualAllocation allocation) { m_Metadata->Free((VmaAllocHandle)allocation); }
       |               ^
       |                                    _Nonnull
../subprojects/VulkanMemoryAllocator/include/vk_mem_alloc.h:10158:32: warning: pointer is missing a nullability type specifier (_Nonnull, _Nullable, or _Null_unspecified) [-Wnullability-completeness]
 10158 |     void SetAllocationUserData(VmaVirtualAllocation allocation, void* userData) { m_Metadata->SetAllocationUserData((VmaAllocHandle)allocation, userData); }
       |                                ^
../subprojects/VulkanMemoryAllocator/include/vk_mem_alloc.h:10158:32: note: insert '_Nullable' if the pointer may be null
 10158 |     void SetAllocationUserData(VmaVirtualAllocation allocation, void* userData) { m_Metadata->SetAllocationUserData((VmaAllocHandle)allocation, userData); }
       |                                ^
       |                                                     _Nullable
../subprojects/VulkanMemoryAllocator/include/vk_mem_alloc.h:10158:32: note: insert '_Nonnull' if the pointer should never be null
 10158 |     void SetAllocationUserData(VmaVirtualAllocation allocation, void* userData) { m_Metadata->SetAllocationUserData((VmaAllocHandle)allocation, userData); }
       |                                ^
       |                                                     _Nonnull
../subprojects/VulkanMemoryAllocator/include/vk_mem_alloc.h:10158:69: warning: pointer is missing a nullability type specifier (_Nonnull, _Nullable, or _Null_unspecified) [-Wnullability-completeness]
 10158 |     void SetAllocationUserData(VmaVirtualAllocation allocation, void* userData) { m_Metadata->SetAllocationUserData((VmaAllocHandle)allocation, userData); }
       |                                                                     ^
../subprojects/VulkanMemoryAllocator/include/vk_mem_alloc.h:10158:69: note: insert '_Nullable' if the pointer may be null
 10158 |     void SetAllocationUserData(VmaVirtualAllocation allocation, void* userData) { m_Metadata->SetAllocationUserData((VmaAllocHandle)allocation, userData); }
       |                                                                     ^
       |                                                                       _Nullable
../subprojects/VulkanMemoryAllocator/include/vk_mem_alloc.h:10158:69: note: insert '_Nonnull' if the pointer should never be null
 10158 |     void SetAllocationUserData(VmaVirtualAllocation allocation, void* userData) { m_Metadata->SetAllocationUserData((VmaAllocHandle)allocation, userData); }
       |                                                                     ^
       |                                                                       _Nonnull
../subprojects/VulkanMemoryAllocator/include/vk_mem_alloc.h:10161:32: warning: pointer is missing a nullability type specifier (_Nonnull, _Nullable, or _Null_unspecified) [-Wnullability-completeness]
 10161 |     const VkAllocationCallbacks* GetAllocationCallbacks() const;
       |                                ^
../subprojects/VulkanMemoryAllocator/include/vk_mem_alloc.h:10161:32: note: insert '_Nullable' if the pointer may be null
 10161 |     const VkAllocationCallbacks* GetAllocationCallbacks() const;
       |                                ^
       |                                  _Nullable
../subprojects/VulkanMemoryAllocator/include/vk_mem_alloc.h:10161:32: note: insert '_Nonnull' if the pointer should never be null
 10161 |     const VkAllocationCallbacks* GetAllocationCallbacks() const;
       |                                ^
       |                                  _Nonnull
../subprojects/VulkanMemoryAllocator/include/vk_mem_alloc.h:10162:28: warning: pointer is missing a nullability type specifier (_Nonnull, _Nullable, or _Null_unspecified) [-Wnullability-completeness]
 10162 |     void GetAllocationInfo(VmaVirtualAllocation allocation, VmaVirtualAllocationInfo& outInfo);
       |                            ^
../subprojects/VulkanMemoryAllocator/include/vk_mem_alloc.h:10162:28: note: insert '_Nullable' if the pointer may be null
 10162 |     void GetAllocationInfo(VmaVirtualAllocation allocation, VmaVirtualAllocationInfo& outInfo);
       |                            ^
       |                                                 _Nullable
../subprojects/VulkanMemoryAllocator/include/vk_mem_alloc.h:10162:28: note: insert '_Nonnull' if the pointer should never be null
 10162 |     void GetAllocationInfo(VmaVirtualAllocation allocation, VmaVirtualAllocationInfo& outInfo);
       |                            ^
       |                                                 _Nonnull
../subprojects/VulkanMemoryAllocator/include/vk_mem_alloc.h:10163:73: warning: pointer is missing a nullability type specifier (_Nonnull, _Nullable, or _Null_unspecified) [-Wnullability-completeness]
 10163 |     VkResult Allocate(const VmaVirtualAllocationCreateInfo& createInfo, VmaVirtualAllocation& outAllocation,
       |                                                                         ^
../subprojects/VulkanMemoryAllocator/include/vk_mem_alloc.h:10163:73: note: insert '_Nullable' if the pointer may be null
 10163 |     VkResult Allocate(const VmaVirtualAllocationCreateInfo& createInfo, VmaVirtualAllocation& outAllocation,
       |                                                                         ^                   
       |                                                                                              _Nullable 
../subprojects/VulkanMemoryAllocator/include/vk_mem_alloc.h:10163:73: note: insert '_Nonnull' if the pointer should never be null
 10163 |     VkResult Allocate(const VmaVirtualAllocationCreateInfo& createInfo, VmaVirtualAllocation& outAllocation,
       |                                                                         ^                   
       |                                                                                              _Nonnull 
../subprojects/VulkanMemoryAllocator/include/vk_mem_alloc.h:10164:21: warning: pointer is missing a nullability type specifier (_Nonnull, _Nullable, or _Null_unspecified) [-Wnullability-completeness]
 10164 |         VkDeviceSize* outOffset);
       |                     ^
../subprojects/VulkanMemoryAllocator/include/vk_mem_alloc.h:10164:21: note: insert '_Nullable' if the pointer may be null
 10164 |         VkDeviceSize* outOffset);
       |                     ^
       |                       _Nullable
../subprojects/VulkanMemoryAllocator/include/vk_mem_alloc.h:10164:21: note: insert '_Nonnull' if the pointer should never be null
 10164 |         VkDeviceSize* outOffset);
       |                     ^
       |                       _Nonnull
../subprojects/VulkanMemoryAllocator/include/vk_mem_alloc.h:10172:21: warning: pointer is missing a nullability type specifier (_Nonnull, _Nullable, or _Null_unspecified) [-Wnullability-completeness]
 10172 |     VmaBlockMetadata* m_Metadata;
       |                     ^
../subprojects/VulkanMemoryAllocator/include/vk_mem_alloc.h:10172:21: note: insert '_Nullable' if the pointer may be null
 10172 |     VmaBlockMetadata* m_Metadata;
       |                     ^
       |                       _Nullable
../subprojects/VulkanMemoryAllocator/include/vk_mem_alloc.h:10172:21: note: insert '_Nonnull' if the pointer should never be null
 10172 |     VmaBlockMetadata* m_Metadata;
       |                     ^
       |                       _Nonnull
../subprojects/VulkanMemoryAllocator/include/vk_mem_alloc.h:10210:28: warning: pointer is missing a nullability type specifier (_Nonnull, _Nullable, or _Null_unspecified) [-Wnullability-completeness]
 10210 | const VkAllocationCallbacks* VmaVirtualBlock_T::GetAllocationCallbacks() const
       |                            ^
../subprojects/VulkanMemoryAllocator/include/vk_mem_alloc.h:10210:28: note: insert '_Nullable' if the pointer may be null
 10210 | const VkAllocationCallbacks* VmaVirtualBlock_T::GetAllocationCallbacks() const
       |                            ^
       |                              _Nullable
../subprojects/VulkanMemoryAllocator/include/vk_mem_alloc.h:10210:28: note: insert '_Nonnull' if the pointer should never be null
 10210 | const VkAllocationCallbacks* VmaVirtualBlock_T::GetAllocationCallbacks() const
       |                            ^
       |                              _Nonnull
../subprojects/VulkanMemoryAllocator/include/vk_mem_alloc.h:10215:43: warning: pointer is missing a nullability type specifier (_Nonnull, _Nullable, or _Null_unspecified) [-Wnullability-completeness]
 10215 | void VmaVirtualBlock_T::GetAllocationInfo(VmaVirtualAllocation allocation, VmaVirtualAllocationInfo& outInfo)
       |                                           ^
../subprojects/VulkanMemoryAllocator/include/vk_mem_alloc.h:10215:43: note: insert '_Nullable' if the pointer may be null
 10215 | void VmaVirtualBlock_T::GetAllocationInfo(VmaVirtualAllocation allocation, VmaVirtualAllocationInfo& outInfo)
       |                                           ^
       |                                                                _Nullable
../subprojects/VulkanMemoryAllocator/include/vk_mem_alloc.h:10215:43: note: insert '_Nonnull' if the pointer should never be null
 10215 | void VmaVirtualBlock_T::GetAllocationInfo(VmaVirtualAllocation allocation, VmaVirtualAllocationInfo& outInfo)
       |                                           ^
       |                                                                _Nonnull
../subprojects/VulkanMemoryAllocator/include/vk_mem_alloc.h:10220:88: warning: pointer is missing a nullability type specifier (_Nonnull, _Nullable, or _Null_unspecified) [-Wnullability-completeness]
 10220 | VkResult VmaVirtualBlock_T::Allocate(const VmaVirtualAllocationCreateInfo& createInfo, VmaVirtualAllocation& outAllocation,
       |                                                                                        ^
../subprojects/VulkanMemoryAllocator/include/vk_mem_alloc.h:10220:88: note: insert '_Nullable' if the pointer may be null
 10220 | VkResult VmaVirtualBlock_T::Allocate(const VmaVirtualAllocationCreateInfo& createInfo, VmaVirtualAllocation& outAllocation,
       |                                                                                        ^                   
       |                                                                                                             _Nullable 
../subprojects/VulkanMemoryAllocator/include/vk_mem_alloc.h:10220:88: note: insert '_Nonnull' if the pointer should never be null
 10220 | VkResult VmaVirtualBlock_T::Allocate(const VmaVirtualAllocationCreateInfo& createInfo, VmaVirtualAllocation& outAllocation,
       |                                                                                        ^                   
       |                                                                                                             _Nonnull 
../subprojects/VulkanMemoryAllocator/include/vk_mem_alloc.h:10221:17: warning: pointer is missing a nullability type specifier (_Nonnull, _Nullable, or _Null_unspecified) [-Wnullability-completeness]
 10221 |     VkDeviceSize* outOffset)
       |                 ^
../subprojects/VulkanMemoryAllocator/include/vk_mem_alloc.h:10221:17: note: insert '_Nullable' if the pointer may be null
 10221 |     VkDeviceSize* outOffset)
       |                 ^
       |                   _Nullable
../subprojects/VulkanMemoryAllocator/include/vk_mem_alloc.h:10221:17: note: insert '_Nonnull' if the pointer should never be null
 10221 |     VkDeviceSize* outOffset)
       |                 ^
       |                   _Nonnull
../subprojects/VulkanMemoryAllocator/include/vk_mem_alloc.h:10301:11: warning: pointer is missing a nullability type specifier (_Nonnull, _Nullable, or _Null_unspecified) [-Wnullability-completeness]
 10301 |     const VkDevice m_hDevice;
       |           ^
../subprojects/VulkanMemoryAllocator/include/vk_mem_alloc.h:10301:11: note: insert '_Nullable' if the pointer may be null
 10301 |     const VkDevice m_hDevice;
       |           ^
       |                    _Nullable
../subprojects/VulkanMemoryAllocator/include/vk_mem_alloc.h:10301:11: note: insert '_Nonnull' if the pointer should never be null
 10301 |     const VkDevice m_hDevice;
       |           ^
       |                    _Nonnull
../subprojects/VulkanMemoryAllocator/include/vk_mem_alloc.h:10302:11: warning: pointer is missing a nullability type specifier (_Nonnull, _Nullable, or _Null_unspecified) [-Wnullability-completeness]
 10302 |     const VkInstance m_hInstance;
       |           ^
../subprojects/VulkanMemoryAllocator/include/vk_mem_alloc.h:10302:11: note: insert '_Nullable' if the pointer may be null
 10302 |     const VkInstance m_hInstance;
       |           ^
       |                      _Nullable
../subprojects/VulkanMemoryAllocator/include/vk_mem_alloc.h:10302:11: note: insert '_Nonnull' if the pointer should never be null
 10302 |     const VkInstance m_hInstance;
       |           ^
       |                      _Nonnull
../subprojects/VulkanMemoryAllocator/include/vk_mem_alloc.h:10315:19: warning: pointer is missing a nullability type specifier (_Nonnull, _Nullable, or _Null_unspecified) [-Wnullability-completeness]
 10315 |     VmaBlockVector* m_pBlockVectors[VK_MAX_MEMORY_TYPES];
       |                   ^
../subprojects/VulkanMemoryAllocator/include/vk_mem_alloc.h:10315:19: note: insert '_Nullable' if the pointer may be null
 10315 |     VmaBlockVector* m_pBlockVectors[VK_MAX_MEMORY_TYPES];
       |                   ^
       |                     _Nullable
../subprojects/VulkanMemoryAllocator/include/vk_mem_alloc.h:10315:19: note: insert '_Nonnull' if the pointer should never be null
 10315 |     VmaBlockVector* m_pBlockVectors[VK_MAX_MEMORY_TYPES];
       |                   ^
       |                     _Nonnull
../subprojects/VulkanMemoryAllocator/include/vk_mem_alloc.h:10321:57: warning: pointer is missing a nullability type specifier (_Nonnull, _Nullable, or _Null_unspecified) [-Wnullability-completeness]
 10321 |     explicit VmaAllocator_T(const VmaAllocatorCreateInfo* pCreateInfo);
       |                                                         ^
../subprojects/VulkanMemoryAllocator/include/vk_mem_alloc.h:10321:57: note: insert '_Nullable' if the pointer may be null
 10321 |     explicit VmaAllocator_T(const VmaAllocatorCreateInfo* pCreateInfo);
       |                                                         ^
       |                                                           _Nullable
../subprojects/VulkanMemoryAllocator/include/vk_mem_alloc.h:10321:57: note: insert '_Nonnull' if the pointer should never be null
 10321 |     explicit VmaAllocator_T(const VmaAllocatorCreateInfo* pCreateInfo);
       |                                                         ^
       |                                                           _Nonnull
../subprojects/VulkanMemoryAllocator/include/vk_mem_alloc.h:10322:47: warning: pointer is missing a nullability type specifier (_Nonnull, _Nullable, or _Null_unspecified) [-Wnullability-completeness]
 10322 |     VkResult Init(const VmaAllocatorCreateInfo* pCreateInfo);
       |                                               ^
../subprojects/VulkanMemoryAllocator/include/vk_mem_alloc.h:10322:47: note: insert '_Nullable' if the pointer may be null
 10322 |     VkResult Init(const VmaAllocatorCreateInfo* pCreateInfo);
       |                                               ^
       |                                                 _Nullable
../subprojects/VulkanMemoryAllocator/include/vk_mem_alloc.h:10322:47: note: insert '_Nonnull' if the pointer should never be null
 10322 |     VkResult Init(const VmaAllocatorCreateInfo* pCreateInfo);
       |                                               ^
       |                                                 _Nonnull
../subprojects/VulkanMemoryAllocator/include/vk_mem_alloc.h:10325:32: warning: pointer is missing a nullability type specifier (_Nonnull, _Nullable, or _Null_unspecified) [-Wnullability-completeness]
 10325 |     const VkAllocationCallbacks* GetAllocationCallbacks() const
       |                                ^
../subprojects/VulkanMemoryAllocator/include/vk_mem_alloc.h:10325:32: note: insert '_Nullable' if the pointer may be null
 10325 |     const VkAllocationCallbacks* GetAllocationCallbacks() const
       |                                ^
       |                                  _Nullable
../subprojects/VulkanMemoryAllocator/include/vk_mem_alloc.h:10325:32: note: insert '_Nonnull' if the pointer should never be null
 10325 |     const VkAllocationCallbacks* GetAllocationCallbacks() const
       |                                ^
       |                                  _Nonnull
../subprojects/VulkanMemoryAllocator/include/vk_mem_alloc.h:10334:5: warning: pointer is missing a nullability type specifier (_Nonnull, _Nullable, or _Null_unspecified) [-Wnullability-completeness]
 10334 |     VkPhysicalDevice GetPhysicalDevice() const { return m_PhysicalDevice; }
       |     ^
../subprojects/VulkanMemoryAllocator/include/vk_mem_alloc.h:10334:5: note: insert '_Nullable' if the pointer may be null
 10334 |     VkPhysicalDevice GetPhysicalDevice() const { return m_PhysicalDevice; }
       |     ^
       |                      _Nullable
../subprojects/VulkanMemoryAllocator/include/vk_mem_alloc.h:10334:5: note: insert '_Nonnull' if the pointer should never be null
 10334 |     VkPhysicalDevice GetPhysicalDevice() const { return m_PhysicalDevice; }
       |     ^
       |                      _Nonnull
../subprojects/VulkanMemoryAllocator/include/vk_mem_alloc.h:10373:9: warning: pointer is missing a nullability type specifier (_Nonnull, _Nullable, or _Null_unspecified) [-Wnullability-completeness]
 10373 |         VkBuffer hBuffer,
       |         ^
../subprojects/VulkanMemoryAllocator/include/vk_mem_alloc.h:10373:9: note: insert '_Nullable' if the pointer may be null
 10373 |         VkBuffer hBuffer,
       |         ^
       |                  _Nullable
../subprojects/VulkanMemoryAllocator/include/vk_mem_alloc.h:10373:9: note: insert '_Nonnull' if the pointer should never be null
 10373 |         VkBuffer hBuffer,
       |         ^
       |                  _Nonnull
../subprojects/VulkanMemoryAllocator/include/vk_mem_alloc.h:10378:9: warning: pointer is missing a nullability type specifier (_Nonnull, _Nullable, or _Null_unspecified) [-Wnullability-completeness]
 10378 |         VkImage hImage,
       |         ^
../subprojects/VulkanMemoryAllocator/include/vk_mem_alloc.h:10378:9: note: insert '_Nullable' if the pointer may be null
 10378 |         VkImage hImage,
       |         ^
       |                 _Nullable
../subprojects/VulkanMemoryAllocator/include/vk_mem_alloc.h:10378:9: note: insert '_Nonnull' if the pointer should never be null
 10378 |         VkImage hImage,
       |         ^
       |                 _Nonnull
../subprojects/VulkanMemoryAllocator/include/vk_mem_alloc.h:10384:38: warning: pointer is missing a nullability type specifier (_Nonnull, _Nullable, or _Null_unspecified) [-Wnullability-completeness]
 10384 |         const VmaAllocationCreateInfo* pAllocationCreateInfo,
       |                                      ^
../subprojects/VulkanMemoryAllocator/include/vk_mem_alloc.h:10384:38: note: insert '_Nullable' if the pointer may be null
 10384 |         const VmaAllocationCreateInfo* pAllocationCreateInfo,
       |                                      ^
       |                                        _Nullable
../subprojects/VulkanMemoryAllocator/include/vk_mem_alloc.h:10384:38: note: insert '_Nonnull' if the pointer should never be null
 10384 |         const VmaAllocationCreateInfo* pAllocationCreateInfo,
       |                                      ^
       |                                        _Nonnull
../subprojects/VulkanMemoryAllocator/include/vk_mem_alloc.h:10386:17: warning: pointer is missing a nullability type specifier (_Nonnull, _Nullable, or _Null_unspecified) [-Wnullability-completeness]
 10386 |         uint32_t* pMemoryTypeIndex) const;
       |                 ^
../subprojects/VulkanMemoryAllocator/include/vk_mem_alloc.h:10386:17: note: insert '_Nullable' if the pointer may be null
 10386 |         uint32_t* pMemoryTypeIndex) const;
       |                 ^
       |                   _Nullable
../subprojects/VulkanMemoryAllocator/include/vk_mem_alloc.h:10386:17: note: insert '_Nonnull' if the pointer should never be null
 10386 |         uint32_t* pMemoryTypeIndex) const;
       |                 ^
       |                   _Nonnull
../subprojects/VulkanMemoryAllocator/include/vk_mem_alloc.h:10393:9: warning: pointer is missing a nullability type specifier (_Nonnull, _Nullable, or _Null_unspecified) [-Wnullability-completeness]
 10393 |         VkBuffer dedicatedBuffer,
       |         ^
../subprojects/VulkanMemoryAllocator/include/vk_mem_alloc.h:10393:9: note: insert '_Nullable' if the pointer may be null
 10393 |         VkBuffer dedicatedBuffer,
       |         ^
       |                  _Nullable
../subprojects/VulkanMemoryAllocator/include/vk_mem_alloc.h:10393:9: note: insert '_Nonnull' if the pointer should never be null
 10393 |         VkBuffer dedicatedBuffer,
       |         ^
       |                  _Nonnull
../subprojects/VulkanMemoryAllocator/include/vk_mem_alloc.h:10394:9: warning: pointer is missing a nullability type specifier (_Nonnull, _Nullable, or _Null_unspecified) [-Wnullability-completeness]
 10394 |         VkImage dedicatedImage,
       |         ^
../subprojects/VulkanMemoryAllocator/include/vk_mem_alloc.h:10394:9: note: insert '_Nullable' if the pointer may be null
 10394 |         VkImage dedicatedImage,
       |         ^
       |                 _Nullable
../subprojects/VulkanMemoryAllocator/include/vk_mem_alloc.h:10394:9: note: insert '_Nonnull' if the pointer should never be null
 10394 |         VkImage dedicatedImage,
       |         ^
       |                 _Nonnull
../subprojects/VulkanMemoryAllocator/include/vk_mem_alloc.h:10399:9: warning: pointer is missing a nullability type specifier (_Nonnull, _Nullable, or _Null_unspecified) [-Wnullability-completeness]
 10399 |         VmaAllocation* pAllocations);
       |         ^
../subprojects/VulkanMemoryAllocator/include/vk_mem_alloc.h:10399:9: note: insert '_Nullable' if the pointer may be null
 10399 |         VmaAllocation* pAllocations);
       |         ^            
       |                       _Nullable 
../subprojects/VulkanMemoryAllocator/include/vk_mem_alloc.h:10399:9: note: insert '_Nonnull' if the pointer should never be null
 10399 |         VmaAllocation* pAllocations);
       |         ^            
       |                       _Nonnull 
../subprojects/VulkanMemoryAllocator/include/vk_mem_alloc.h:10399:22: warning: pointer is missing a nullability type specifier (_Nonnull, _Nullable, or _Null_unspecified) [-Wnullability-completeness]
 10399 |         VmaAllocation* pAllocations);
       |                      ^
../subprojects/VulkanMemoryAllocator/include/vk_mem_alloc.h:10399:22: note: insert '_Nullable' if the pointer may be null
 10399 |         VmaAllocation* pAllocations);
       |                      ^
       |                        _Nullable
../subprojects/VulkanMemoryAllocator/include/vk_mem_alloc.h:10399:22: note: insert '_Nonnull' if the pointer should never be null
 10399 |         VmaAllocation* pAllocations);
       |                      ^
       |                        _Nonnull
../subprojects/VulkanMemoryAllocator/include/vk_mem_alloc.h:10404:15: warning: pointer is missing a nullability type specifier (_Nonnull, _Nullable, or _Null_unspecified) [-Wnullability-completeness]
 10404 |         const VmaAllocation* pAllocations);
       |               ^
../subprojects/VulkanMemoryAllocator/include/vk_mem_alloc.h:10404:15: note: insert '_Nullable' if the pointer may be null
 10404 |         const VmaAllocation* pAllocations);
       |               ^            
       |                             _Nullable 
../subprojects/VulkanMemoryAllocator/include/vk_mem_alloc.h:10404:15: note: insert '_Nonnull' if the pointer should never be null
 10404 |         const VmaAllocation* pAllocations);
       |               ^            
       |                             _Nonnull 
../subprojects/VulkanMemoryAllocator/include/vk_mem_alloc.h:10404:28: warning: pointer is missing a nullability type specifier (_Nonnull, _Nullable, or _Null_unspecified) [-Wnullability-completeness]
 10404 |         const VmaAllocation* pAllocations);
       |                            ^
../subprojects/VulkanMemoryAllocator/include/vk_mem_alloc.h:10404:28: note: insert '_Nullable' if the pointer may be null
 10404 |         const VmaAllocation* pAllocations);
       |                            ^
       |                              _Nullable
../subprojects/VulkanMemoryAllocator/include/vk_mem_alloc.h:10404:28: note: insert '_Nonnull' if the pointer should never be null
 10404 |         const VmaAllocation* pAllocations);
       |                            ^
       |                              _Nonnull
../subprojects/VulkanMemoryAllocator/include/vk_mem_alloc.h:10406:48: warning: pointer is missing a nullability type specifier (_Nonnull, _Nullable, or _Null_unspecified) [-Wnullability-completeness]
 10406 |     void CalculateStatistics(VmaTotalStatistics* pStats);
       |                                                ^
../subprojects/VulkanMemoryAllocator/include/vk_mem_alloc.h:10406:48: note: insert '_Nullable' if the pointer may be null
 10406 |     void CalculateStatistics(VmaTotalStatistics* pStats);
       |                                                ^
       |                                                  _Nullable
../subprojects/VulkanMemoryAllocator/include/vk_mem_alloc.h:10406:48: note: insert '_Nonnull' if the pointer should never be null
 10406 |     void CalculateStatistics(VmaTotalStatistics* pStats);
       |                                                ^
       |                                                  _Nonnull
../subprojects/VulkanMemoryAllocator/include/vk_mem_alloc.h:10409:18: warning: pointer is missing a nullability type specifier (_Nonnull, _Nullable, or _Null_unspecified) [-Wnullability-completeness]
 10409 |         VmaBudget* outBudgets, uint32_t firstHeap, uint32_t heapCount);
       |                  ^
../subprojects/VulkanMemoryAllocator/include/vk_mem_alloc.h:10409:18: note: insert '_Nullable' if the pointer may be null
 10409 |         VmaBudget* outBudgets, uint32_t firstHeap, uint32_t heapCount);
       |                  ^
       |                    _Nullable
../subprojects/VulkanMemoryAllocator/include/vk_mem_alloc.h:10409:18: note: insert '_Nonnull' if the pointer should never be null
 10409 |         VmaBudget* outBudgets, uint32_t firstHeap, uint32_t heapCount);
       |                  ^
       |                    _Nonnull
../subprojects/VulkanMemoryAllocator/include/vk_mem_alloc.h:10415:35: warning: pointer is missing a nullability type specifier (_Nonnull, _Nullable, or _Null_unspecified) [-Wnullability-completeness]
 10415 |     static void GetAllocationInfo(VmaAllocation hAllocation, VmaAllocationInfo* pAllocationInfo);
       |                                   ^
../subprojects/VulkanMemoryAllocator/include/vk_mem_alloc.h:10415:35: note: insert '_Nullable' if the pointer may be null
 10415 |     static void GetAllocationInfo(VmaAllocation hAllocation, VmaAllocationInfo* pAllocationInfo);
       |                                   ^
       |                                                 _Nullable
../subprojects/VulkanMemoryAllocator/include/vk_mem_alloc.h:10415:35: note: insert '_Nonnull' if the pointer should never be null
 10415 |     static void GetAllocationInfo(VmaAllocation hAllocation, VmaAllocationInfo* pAllocationInfo);
       |                                   ^
       |                                                 _Nonnull
../subprojects/VulkanMemoryAllocator/include/vk_mem_alloc.h:10415:79: warning: pointer is missing a nullability type specifier (_Nonnull, _Nullable, or _Null_unspecified) [-Wnullability-completeness]
 10415 |     static void GetAllocationInfo(VmaAllocation hAllocation, VmaAllocationInfo* pAllocationInfo);
       |                                                                               ^
../subprojects/VulkanMemoryAllocator/include/vk_mem_alloc.h:10415:79: note: insert '_Nullable' if the pointer may be null
 10415 |     static void GetAllocationInfo(VmaAllocation hAllocation, VmaAllocationInfo* pAllocationInfo);
       |                                                                               ^
       |                                                                                 _Nullable
../subprojects/VulkanMemoryAllocator/include/vk_mem_alloc.h:10415:79: note: insert '_Nonnull' if the pointer should never be null
 10415 |     static void GetAllocationInfo(VmaAllocation hAllocation, VmaAllocationInfo* pAllocationInfo);
       |                                                                               ^
       |                                                                                 _Nonnull
../subprojects/VulkanMemoryAllocator/include/vk_mem_alloc.h:10416:36: warning: pointer is missing a nullability type specifier (_Nonnull, _Nullable, or _Null_unspecified) [-Wnullability-completeness]
 10416 |     static void GetAllocationInfo2(VmaAllocation hAllocation, VmaAllocationInfo2* pAllocationInfo);
       |                                    ^
../subprojects/VulkanMemoryAllocator/include/vk_mem_alloc.h:10416:36: note: insert '_Nullable' if the pointer may be null
 10416 |     static void GetAllocationInfo2(VmaAllocation hAllocation, VmaAllocationInfo2* pAllocationInfo);
       |                                    ^
       |                                                  _Nullable
../subprojects/VulkanMemoryAllocator/include/vk_mem_alloc.h:10416:36: note: insert '_Nonnull' if the pointer should never be null
 10416 |     static void GetAllocationInfo2(VmaAllocation hAllocation, VmaAllocationInfo2* pAllocationInfo);
       |                                    ^
       |                                                  _Nonnull
../subprojects/VulkanMemoryAllocator/include/vk_mem_alloc.h:10416:81: warning: pointer is missing a nullability type specifier (_Nonnull, _Nullable, or _Null_unspecified) [-Wnullability-completeness]
 10416 |     static void GetAllocationInfo2(VmaAllocation hAllocation, VmaAllocationInfo2* pAllocationInfo);
       |                                                                                 ^
../subprojects/VulkanMemoryAllocator/include/vk_mem_alloc.h:10416:81: note: insert '_Nullable' if the pointer may be null
 10416 |     static void GetAllocationInfo2(VmaAllocation hAllocation, VmaAllocationInfo2* pAllocationInfo);
       |                                                                                 ^
       |                                                                                   _Nullable
../subprojects/VulkanMemoryAllocator/include/vk_mem_alloc.h:10416:81: note: insert '_Nonnull' if the pointer should never be null
 10416 |     static void GetAllocationInfo2(VmaAllocation hAllocation, VmaAllocationInfo2* pAllocationInfo);
       |                                                                                 ^
       |                                                                                   _Nonnull
../subprojects/VulkanMemoryAllocator/include/vk_mem_alloc.h:10418:48: warning: pointer is missing a nullability type specifier (_Nonnull, _Nullable, or _Null_unspecified) [-Wnullability-completeness]
 10418 |     VkResult CreatePool(const VmaPoolCreateInfo* pCreateInfo, VmaPool* pPool);
       |                                                ^
../subprojects/VulkanMemoryAllocator/include/vk_mem_alloc.h:10418:48: note: insert '_Nullable' if the pointer may be null
 10418 |     VkResult CreatePool(const VmaPoolCreateInfo* pCreateInfo, VmaPool* pPool);
       |                                                ^
       |                                                  _Nullable
../subprojects/VulkanMemoryAllocator/include/vk_mem_alloc.h:10418:48: note: insert '_Nonnull' if the pointer should never be null
 10418 |     VkResult CreatePool(const VmaPoolCreateInfo* pCreateInfo, VmaPool* pPool);
       |                                                ^
       |                                                  _Nonnull
../subprojects/VulkanMemoryAllocator/include/vk_mem_alloc.h:10418:63: warning: pointer is missing a nullability type specifier (_Nonnull, _Nullable, or _Null_unspecified) [-Wnullability-completeness]
 10418 |     VkResult CreatePool(const VmaPoolCreateInfo* pCreateInfo, VmaPool* pPool);
       |                                                               ^
../subprojects/VulkanMemoryAllocator/include/vk_mem_alloc.h:10418:63: note: insert '_Nullable' if the pointer may be null
 10418 |     VkResult CreatePool(const VmaPoolCreateInfo* pCreateInfo, VmaPool* pPool);
       |                                                               ^      
       |                                                                       _Nullable 
../subprojects/VulkanMemoryAllocator/include/vk_mem_alloc.h:10418:63: note: insert '_Nonnull' if the pointer should never be null
 10418 |     VkResult CreatePool(const VmaPoolCreateInfo* pCreateInfo, VmaPool* pPool);
       |                                                               ^      
       |                                                                       _Nonnull 
../subprojects/VulkanMemoryAllocator/include/vk_mem_alloc.h:10418:70: warning: pointer is missing a nullability type specifier (_Nonnull, _Nullable, or _Null_unspecified) [-Wnullability-completeness]
 10418 |     VkResult CreatePool(const VmaPoolCreateInfo* pCreateInfo, VmaPool* pPool);
       |                                                                      ^
../subprojects/VulkanMemoryAllocator/include/vk_mem_alloc.h:10418:70: note: insert '_Nullable' if the pointer may be null
 10418 |     VkResult CreatePool(const VmaPoolCreateInfo* pCreateInfo, VmaPool* pPool);
       |                                                                      ^
       |                                                                        _Nullable
../subprojects/VulkanMemoryAllocator/include/vk_mem_alloc.h:10418:70: note: insert '_Nonnull' if the pointer should never be null
 10418 |     VkResult CreatePool(const VmaPoolCreateInfo* pCreateInfo, VmaPool* pPool);
       |                                                                      ^
       |                                                                        _Nonnull
../subprojects/VulkanMemoryAllocator/include/vk_mem_alloc.h:10419:22: warning: pointer is missing a nullability type specifier (_Nonnull, _Nullable, or _Null_unspecified) [-Wnullability-completeness]
 10419 |     void DestroyPool(VmaPool pool);
       |                      ^
../subprojects/VulkanMemoryAllocator/include/vk_mem_alloc.h:10419:22: note: insert '_Nullable' if the pointer may be null
 10419 |     void DestroyPool(VmaPool pool);
       |                      ^
       |                              _Nullable
../subprojects/VulkanMemoryAllocator/include/vk_mem_alloc.h:10419:22: note: insert '_Nonnull' if the pointer should never be null
 10419 |     void DestroyPool(VmaPool pool);
       |                      ^
       |                              _Nonnull
../subprojects/VulkanMemoryAllocator/include/vk_mem_alloc.h:10420:35: warning: pointer is missing a nullability type specifier (_Nonnull, _Nullable, or _Null_unspecified) [-Wnullability-completeness]
 10420 |     static void GetPoolStatistics(VmaPool pool, VmaStatistics* pPoolStats);
       |                                   ^
../subprojects/VulkanMemoryAllocator/include/vk_mem_alloc.h:10420:35: note: insert '_Nullable' if the pointer may be null
 10420 |     static void GetPoolStatistics(VmaPool pool, VmaStatistics* pPoolStats);
       |                                   ^
       |                                           _Nullable
../subprojects/VulkanMemoryAllocator/include/vk_mem_alloc.h:10420:35: note: insert '_Nonnull' if the pointer should never be null
 10420 |     static void GetPoolStatistics(VmaPool pool, VmaStatistics* pPoolStats);
       |                                   ^
       |                                           _Nonnull
../subprojects/VulkanMemoryAllocator/include/vk_mem_alloc.h:10420:62: warning: pointer is missing a nullability type specifier (_Nonnull, _Nullable, or _Null_unspecified) [-Wnullability-completeness]
 10420 |     static void GetPoolStatistics(VmaPool pool, VmaStatistics* pPoolStats);
       |                                                              ^
../subprojects/VulkanMemoryAllocator/include/vk_mem_alloc.h:10420:62: note: insert '_Nullable' if the pointer may be null
 10420 |     static void GetPoolStatistics(VmaPool pool, VmaStatistics* pPoolStats);
       |                                                              ^
       |                                                                _Nullable
../subprojects/VulkanMemoryAllocator/include/vk_mem_alloc.h:10420:62: note: insert '_Nonnull' if the pointer should never be null
 10420 |     static void GetPoolStatistics(VmaPool pool, VmaStatistics* pPoolStats);
       |                                                              ^
       |                                                                _Nonnull
../subprojects/VulkanMemoryAllocator/include/vk_mem_alloc.h:10421:41: warning: pointer is missing a nullability type specifier (_Nonnull, _Nullable, or _Null_unspecified) [-Wnullability-completeness]
 10421 |     static void CalculatePoolStatistics(VmaPool pool, VmaDetailedStatistics* pPoolStats);
       |                                         ^
../subprojects/VulkanMemoryAllocator/include/vk_mem_alloc.h:10421:41: note: insert '_Nullable' if the pointer may be null
 10421 |     static void CalculatePoolStatistics(VmaPool pool, VmaDetailedStatistics* pPoolStats);
       |                                         ^
       |                                                 _Nullable
../subprojects/VulkanMemoryAllocator/include/vk_mem_alloc.h:10421:41: note: insert '_Nonnull' if the pointer should never be null
 10421 |     static void CalculatePoolStatistics(VmaPool pool, VmaDetailedStatistics* pPoolStats);
       |                                         ^
       |                                                 _Nonnull
../subprojects/VulkanMemoryAllocator/include/vk_mem_alloc.h:10421:76: warning: pointer is missing a nullability type specifier (_Nonnull, _Nullable, or _Null_unspecified) [-Wnullability-completeness]
 10421 |     static void CalculatePoolStatistics(VmaPool pool, VmaDetailedStatistics* pPoolStats);
       |                                                                            ^
../subprojects/VulkanMemoryAllocator/include/vk_mem_alloc.h:10421:76: note: insert '_Nullable' if the pointer may be null
 10421 |     static void CalculatePoolStatistics(VmaPool pool, VmaDetailedStatistics* pPoolStats);
       |                                                                            ^
       |                                                                              _Nullable
../subprojects/VulkanMemoryAllocator/include/vk_mem_alloc.h:10421:76: note: insert '_Nonnull' if the pointer should never be null
 10421 |     static void CalculatePoolStatistics(VmaPool pool, VmaDetailedStatistics* pPoolStats);
       |                                                                            ^
       |                                                                              _Nonnull
../subprojects/VulkanMemoryAllocator/include/vk_mem_alloc.h:10426:41: warning: pointer is missing a nullability type specifier (_Nonnull, _Nullable, or _Null_unspecified) [-Wnullability-completeness]
 10426 |     static VkResult CheckPoolCorruption(VmaPool hPool);
       |                                         ^
../subprojects/VulkanMemoryAllocator/include/vk_mem_alloc.h:10426:41: note: insert '_Nullable' if the pointer may be null
 10426 |     static VkResult CheckPoolCorruption(VmaPool hPool);
       |                                         ^
       |                                                 _Nullable
../subprojects/VulkanMemoryAllocator/include/vk_mem_alloc.h:10426:41: note: insert '_Nonnull' if the pointer should never be null
 10426 |     static VkResult CheckPoolCorruption(VmaPool hPool);
       |                                         ^
       |                                                 _Nonnull
../subprojects/VulkanMemoryAllocator/include/vk_mem_alloc.h:10430:61: warning: pointer is missing a nullability type specifier (_Nonnull, _Nullable, or _Null_unspecified) [-Wnullability-completeness]
 10430 |     VkResult AllocateVulkanMemory(const VkMemoryAllocateInfo* pAllocateInfo, VkDeviceMemory* pMemory);
       |                                                             ^
../subprojects/VulkanMemoryAllocator/include/vk_mem_alloc.h:10430:61: note: insert '_Nullable' if the pointer may be null
 10430 |     VkResult AllocateVulkanMemory(const VkMemoryAllocateInfo* pAllocateInfo, VkDeviceMemory* pMemory);
       |                                                             ^
       |                                                               _Nullable
../subprojects/VulkanMemoryAllocator/include/vk_mem_alloc.h:10430:61: note: insert '_Nonnull' if the pointer should never be null
 10430 |     VkResult AllocateVulkanMemory(const VkMemoryAllocateInfo* pAllocateInfo, VkDeviceMemory* pMemory);
       |                                                             ^
       |                                                               _Nonnull
../subprojects/VulkanMemoryAllocator/include/vk_mem_alloc.h:10430:78: warning: pointer is missing a nullability type specifier (_Nonnull, _Nullable, or _Null_unspecified) [-Wnullability-completeness]
 10430 |     VkResult AllocateVulkanMemory(const VkMemoryAllocateInfo* pAllocateInfo, VkDeviceMemory* pMemory);
       |                                                                              ^
../subprojects/VulkanMemoryAllocator/include/vk_mem_alloc.h:10430:78: note: insert '_Nullable' if the pointer may be null
 10430 |     VkResult AllocateVulkanMemory(const VkMemoryAllocateInfo* pAllocateInfo, VkDeviceMemory* pMemory);
       |                                                                              ^             
       |                                                                                             _Nullable 
../subprojects/VulkanMemoryAllocator/include/vk_mem_alloc.h:10430:78: note: insert '_Nonnull' if the pointer should never be null
 10430 |     VkResult AllocateVulkanMemory(const VkMemoryAllocateInfo* pAllocateInfo, VkDeviceMemory* pMemory);
       |                                                                              ^             
       |                                                                                             _Nonnull 
../subprojects/VulkanMemoryAllocator/include/vk_mem_alloc.h:10430:92: warning: pointer is missing a nullability type specifier (_Nonnull, _Nullable, or _Null_unspecified) [-Wnullability-completeness]
 10430 |     VkResult AllocateVulkanMemory(const VkMemoryAllocateInfo* pAllocateInfo, VkDeviceMemory* pMemory);
       |                                                                                            ^
../subprojects/VulkanMemoryAllocator/include/vk_mem_alloc.h:10430:92: note: insert '_Nullable' if the pointer may be null
 10430 |     VkResult AllocateVulkanMemory(const VkMemoryAllocateInfo* pAllocateInfo, VkDeviceMemory* pMemory);
       |                                                                                            ^
       |                                                                                              _Nullable
../subprojects/VulkanMemoryAllocator/include/vk_mem_alloc.h:10430:92: note: insert '_Nonnull' if the pointer should never be null
 10430 |     VkResult AllocateVulkanMemory(const VkMemoryAllocateInfo* pAllocateInfo, VkDeviceMemory* pMemory);
       |                                                                                            ^
       |                                                                                              _Nonnull
../subprojects/VulkanMemoryAllocator/include/vk_mem_alloc.h:10432:67: warning: pointer is missing a nullability type specifier (_Nonnull, _Nullable, or _Null_unspecified) [-Wnullability-completeness]
 10432 |     void FreeVulkanMemory(uint32_t memoryType, VkDeviceSize size, VkDeviceMemory hMemory);
       |                                                                   ^
../subprojects/VulkanMemoryAllocator/include/vk_mem_alloc.h:10432:67: note: insert '_Nullable' if the pointer may be null
 10432 |     void FreeVulkanMemory(uint32_t memoryType, VkDeviceSize size, VkDeviceMemory hMemory);
       |                                                                   ^
       |                                                                                  _Nullable
../subprojects/VulkanMemoryAllocator/include/vk_mem_alloc.h:10432:67: note: insert '_Nonnull' if the pointer should never be null
 10432 |     void FreeVulkanMemory(uint32_t memoryType, VkDeviceSize size, VkDeviceMemory hMemory);
       |                                                                   ^
       |                                                                                  _Nonnull
../subprojects/VulkanMemoryAllocator/include/vk_mem_alloc.h:10435:9: warning: pointer is missing a nullability type specifier (_Nonnull, _Nullable, or _Null_unspecified) [-Wnullability-completeness]
 10435 |         VkDeviceMemory memory,
       |         ^
../subprojects/VulkanMemoryAllocator/include/vk_mem_alloc.h:10435:9: note: insert '_Nullable' if the pointer may be null
 10435 |         VkDeviceMemory memory,
       |         ^
       |                        _Nullable
../subprojects/VulkanMemoryAllocator/include/vk_mem_alloc.h:10435:9: note: insert '_Nonnull' if the pointer should never be null
 10435 |         VkDeviceMemory memory,
       |         ^
       |                        _Nonnull
../subprojects/VulkanMemoryAllocator/include/vk_mem_alloc.h:10437:9: warning: pointer is missing a nullability type specifier (_Nonnull, _Nullable, or _Null_unspecified) [-Wnullability-completeness]
 10437 |         VkBuffer buffer,
       |         ^
../subprojects/VulkanMemoryAllocator/include/vk_mem_alloc.h:10437:9: note: insert '_Nullable' if the pointer may be null
 10437 |         VkBuffer buffer,
       |         ^
       |                  _Nullable
../subprojects/VulkanMemoryAllocator/include/vk_mem_alloc.h:10437:9: note: insert '_Nonnull' if the pointer should never be null
 10437 |         VkBuffer buffer,
       |         ^
       |                  _Nonnull
../subprojects/VulkanMemoryAllocator/include/vk_mem_alloc.h:10438:19: warning: pointer is missing a nullability type specifier (_Nonnull, _Nullable, or _Null_unspecified) [-Wnullability-completeness]
 10438 |         const void* pNext) const;
       |                   ^
../subprojects/VulkanMemoryAllocator/include/vk_mem_alloc.h:10438:19: note: insert '_Nullable' if the pointer may be null
 10438 |         const void* pNext) const;
       |                   ^
       |                     _Nullable
../subprojects/VulkanMemoryAllocator/include/vk_mem_alloc.h:10438:19: note: insert '_Nonnull' if the pointer should never be null
 10438 |         const void* pNext) const;
       |                   ^
       |                     _Nonnull
../subprojects/VulkanMemoryAllocator/include/vk_mem_alloc.h:10441:9: warning: pointer is missing a nullability type specifier (_Nonnull, _Nullable, or _Null_unspecified) [-Wnullability-completeness]
 10441 |         VkDeviceMemory memory,
       |         ^
../subprojects/VulkanMemoryAllocator/include/vk_mem_alloc.h:10441:9: note: insert '_Nullable' if the pointer may be null
 10441 |         VkDeviceMemory memory,
       |         ^
       |                        _Nullable
../subprojects/VulkanMemoryAllocator/include/vk_mem_alloc.h:10441:9: note: insert '_Nonnull' if the pointer should never be null
 10441 |         VkDeviceMemory memory,
       |         ^
       |                        _Nonnull
../subprojects/VulkanMemoryAllocator/include/vk_mem_alloc.h:10443:9: warning: pointer is missing a nullability type specifier (_Nonnull, _Nullable, or _Null_unspecified) [-Wnullability-completeness]
 10443 |         VkImage image,
       |         ^
../subprojects/VulkanMemoryAllocator/include/vk_mem_alloc.h:10443:9: note: insert '_Nullable' if the pointer may be null
 10443 |         VkImage image,
       |         ^
       |                 _Nullable
../subprojects/VulkanMemoryAllocator/include/vk_mem_alloc.h:10443:9: note: insert '_Nonnull' if the pointer should never be null
 10443 |         VkImage image,
       |         ^
       |                 _Nonnull
../subprojects/VulkanMemoryAllocator/include/vk_mem_alloc.h:10444:19: warning: pointer is missing a nullability type specifier (_Nonnull, _Nullable, or _Null_unspecified) [-Wnullability-completeness]
 10444 |         const void* pNext) const;
       |                   ^
../subprojects/VulkanMemoryAllocator/include/vk_mem_alloc.h:10444:19: note: insert '_Nullable' if the pointer may be null
 10444 |         const void* pNext) const;
       |                   ^
       |                     _Nullable
../subprojects/VulkanMemoryAllocator/include/vk_mem_alloc.h:10444:19: note: insert '_Nonnull' if the pointer should never be null
 10444 |         const void* pNext) const;
       |                   ^
       |                     _Nonnull
../subprojects/VulkanMemoryAllocator/include/vk_mem_alloc.h:10446:18: warning: pointer is missing a nullability type specifier (_Nonnull, _Nullable, or _Null_unspecified) [-Wnullability-completeness]
 10446 |     VkResult Map(VmaAllocation hAllocation, void** ppData);
       |                  ^
../subprojects/VulkanMemoryAllocator/include/vk_mem_alloc.h:10446:18: note: insert '_Nullable' if the pointer may be null
 10446 |     VkResult Map(VmaAllocation hAllocation, void** ppData);
       |                  ^
       |                                _Nullable
../subprojects/VulkanMemoryAllocator/include/vk_mem_alloc.h:10446:18: note: insert '_Nonnull' if the pointer should never be null
 10446 |     VkResult Map(VmaAllocation hAllocation, void** ppData);
       |                  ^
       |                                _Nonnull
../subprojects/VulkanMemoryAllocator/include/vk_mem_alloc.h:10446:49: warning: pointer is missing a nullability type specifier (_Nonnull, _Nullable, or _Null_unspecified) [-Wnullability-completeness]
 10446 |     VkResult Map(VmaAllocation hAllocation, void** ppData);
       |                                                 ^
../subprojects/VulkanMemoryAllocator/include/vk_mem_alloc.h:10446:49: note: insert '_Nullable' if the pointer may be null
 10446 |     VkResult Map(VmaAllocation hAllocation, void** ppData);
       |                                                 ^
       |                                                  _Nullable
../subprojects/VulkanMemoryAllocator/include/vk_mem_alloc.h:10446:49: note: insert '_Nonnull' if the pointer should never be null
 10446 |     VkResult Map(VmaAllocation hAllocation, void** ppData);
       |                                                 ^
       |                                                  _Nonnull
../subprojects/VulkanMemoryAllocator/include/vk_mem_alloc.h:10446:50: warning: pointer is missing a nullability type specifier (_Nonnull, _Nullable, or _Null_unspecified) [-Wnullability-completeness]
 10446 |     VkResult Map(VmaAllocation hAllocation, void** ppData);
       |                                                  ^
../subprojects/VulkanMemoryAllocator/include/vk_mem_alloc.h:10446:50: note: insert '_Nullable' if the pointer may be null
 10446 |     VkResult Map(VmaAllocation hAllocation, void** ppData);
       |                                                  ^
       |                                                    _Nullable
../subprojects/VulkanMemoryAllocator/include/vk_mem_alloc.h:10446:50: note: insert '_Nonnull' if the pointer should never be null
 10446 |     VkResult Map(VmaAllocation hAllocation, void** ppData);
       |                                                  ^
       |                                                    _Nonnull
../subprojects/VulkanMemoryAllocator/include/vk_mem_alloc.h:10447:16: warning: pointer is missing a nullability type specifier (_Nonnull, _Nullable, or _Null_unspecified) [-Wnullability-completeness]
 10447 |     void Unmap(VmaAllocation hAllocation);
       |                ^
../subprojects/VulkanMemoryAllocator/include/vk_mem_alloc.h:10447:16: note: insert '_Nullable' if the pointer may be null
 10447 |     void Unmap(VmaAllocation hAllocation);
       |                ^
       |                              _Nullable
../subprojects/VulkanMemoryAllocator/include/vk_mem_alloc.h:10447:16: note: insert '_Nonnull' if the pointer should never be null
 10447 |     void Unmap(VmaAllocation hAllocation);
       |                ^
       |                              _Nonnull
../subprojects/VulkanMemoryAllocator/include/vk_mem_alloc.h:10450:9: warning: pointer is missing a nullability type specifier (_Nonnull, _Nullable, or _Null_unspecified) [-Wnullability-completeness]
 10450 |         VmaAllocation hAllocation,
       |         ^
../subprojects/VulkanMemoryAllocator/include/vk_mem_alloc.h:10450:9: note: insert '_Nullable' if the pointer may be null
 10450 |         VmaAllocation hAllocation,
       |         ^
       |                       _Nullable
../subprojects/VulkanMemoryAllocator/include/vk_mem_alloc.h:10450:9: note: insert '_Nonnull' if the pointer should never be null
 10450 |         VmaAllocation hAllocation,
       |         ^
       |                       _Nonnull
../subprojects/VulkanMemoryAllocator/include/vk_mem_alloc.h:10452:9: warning: pointer is missing a nullability type specifier (_Nonnull, _Nullable, or _Null_unspecified) [-Wnullability-completeness]
 10452 |         VkBuffer hBuffer,
       |         ^
../subprojects/VulkanMemoryAllocator/include/vk_mem_alloc.h:10452:9: note: insert '_Nullable' if the pointer may be null
 10452 |         VkBuffer hBuffer,
       |         ^
       |                  _Nullable
../subprojects/VulkanMemoryAllocator/include/vk_mem_alloc.h:10452:9: note: insert '_Nonnull' if the pointer should never be null
 10452 |         VkBuffer hBuffer,
       |         ^
       |                  _Nonnull
../subprojects/VulkanMemoryAllocator/include/vk_mem_alloc.h:10453:19: warning: pointer is missing a nullability type specifier (_Nonnull, _Nullable, or _Null_unspecified) [-Wnullability-completeness]
 10453 |         const void* pNext);
       |                   ^
../subprojects/VulkanMemoryAllocator/include/vk_mem_alloc.h:10453:19: note: insert '_Nullable' if the pointer may be null
 10453 |         const void* pNext);
       |                   ^
       |                     _Nullable
../subprojects/VulkanMemoryAllocator/include/vk_mem_alloc.h:10453:19: note: insert '_Nonnull' if the pointer should never be null
 10453 |         const void* pNext);
       |                   ^
       |                     _Nonnull
../subprojects/VulkanMemoryAllocator/include/vk_mem_alloc.h:10455:9: warning: pointer is missing a nullability type specifier (_Nonnull, _Nullable, or _Null_unspecified) [-Wnullability-completeness]
 10455 |         VmaAllocation hAllocation,
       |         ^
../subprojects/VulkanMemoryAllocator/include/vk_mem_alloc.h:10455:9: note: insert '_Nullable' if the pointer may be null
 10455 |         VmaAllocation hAllocation,
       |         ^
       |                       _Nullable
../subprojects/VulkanMemoryAllocator/include/vk_mem_alloc.h:10455:9: note: insert '_Nonnull' if the pointer should never be null
 10455 |         VmaAllocation hAllocation,
       |         ^
       |                       _Nonnull
../subprojects/VulkanMemoryAllocator/include/vk_mem_alloc.h:10457:9: warning: pointer is missing a nullability type specifier (_Nonnull, _Nullable, or _Null_unspecified) [-Wnullability-completeness]
 10457 |         VkImage hImage,
       |         ^
../subprojects/VulkanMemoryAllocator/include/vk_mem_alloc.h:10457:9: note: insert '_Nullable' if the pointer may be null
 10457 |         VkImage hImage,
       |         ^
       |                 _Nullable
../subprojects/VulkanMemoryAllocator/include/vk_mem_alloc.h:10457:9: note: insert '_Nonnull' if the pointer should never be null
 10457 |         VkImage hImage,
       |         ^
       |                 _Nonnull
../subprojects/VulkanMemoryAllocator/include/vk_mem_alloc.h:10458:19: warning: pointer is missing a nullability type specifier (_Nonnull, _Nullable, or _Null_unspecified) [-Wnullability-completeness]
 10458 |         const void* pNext);
       |                   ^
../subprojects/VulkanMemoryAllocator/include/vk_mem_alloc.h:10458:19: note: insert '_Nullable' if the pointer may be null
 10458 |         const void* pNext);
       |                   ^
       |                     _Nullable
../subprojects/VulkanMemoryAllocator/include/vk_mem_alloc.h:10458:19: note: insert '_Nonnull' if the pointer should never be null
 10458 |         const void* pNext);
       |                   ^
       |                     _Nonnull
../subprojects/VulkanMemoryAllocator/include/vk_mem_alloc.h:10461:9: warning: pointer is missing a nullability type specifier (_Nonnull, _Nullable, or _Null_unspecified) [-Wnullability-completeness]
 10461 |         VmaAllocation hAllocation,
       |         ^
../subprojects/VulkanMemoryAllocator/include/vk_mem_alloc.h:10461:9: note: insert '_Nullable' if the pointer may be null
 10461 |         VmaAllocation hAllocation,
       |         ^
       |                       _Nullable
../subprojects/VulkanMemoryAllocator/include/vk_mem_alloc.h:10461:9: note: insert '_Nonnull' if the pointer should never be null
 10461 |         VmaAllocation hAllocation,
       |         ^
       |                       _Nonnull
../subprojects/VulkanMemoryAllocator/include/vk_mem_alloc.h:10466:15: warning: pointer is missing a nullability type specifier (_Nonnull, _Nullable, or _Null_unspecified) [-Wnullability-completeness]
 10466 |         const VmaAllocation* allocations,
       |               ^
../subprojects/VulkanMemoryAllocator/include/vk_mem_alloc.h:10466:15: note: insert '_Nullable' if the pointer may be null
 10466 |         const VmaAllocation* allocations,
       |               ^            
       |                             _Nullable 
../subprojects/VulkanMemoryAllocator/include/vk_mem_alloc.h:10466:15: note: insert '_Nonnull' if the pointer should never be null
 10466 |         const VmaAllocation* allocations,
       |               ^            
       |                             _Nonnull 
../subprojects/VulkanMemoryAllocator/include/vk_mem_alloc.h:10466:28: warning: pointer is missing a nullability type specifier (_Nonnull, _Nullable, or _Null_unspecified) [-Wnullability-completeness]
 10466 |         const VmaAllocation* allocations,
       |                            ^
../subprojects/VulkanMemoryAllocator/include/vk_mem_alloc.h:10466:28: note: insert '_Nullable' if the pointer may be null
 10466 |         const VmaAllocation* allocations,
       |                            ^
       |                              _Nullable
../subprojects/VulkanMemoryAllocator/include/vk_mem_alloc.h:10466:28: note: insert '_Nonnull' if the pointer should never be null
 10466 |         const VmaAllocation* allocations,
       |                            ^
       |                              _Nonnull
../subprojects/VulkanMemoryAllocator/include/vk_mem_alloc.h:10467:27: warning: pointer is missing a nullability type specifier (_Nonnull, _Nullable, or _Null_unspecified) [-Wnullability-completeness]
 10467 |         const VkDeviceSize* offsets, const VkDeviceSize* sizes,
       |                           ^
../subprojects/VulkanMemoryAllocator/include/vk_mem_alloc.h:10467:27: note: insert '_Nullable' if the pointer may be null
 10467 |         const VkDeviceSize* offsets, const VkDeviceSize* sizes,
       |                           ^
       |                             _Nullable
../subprojects/VulkanMemoryAllocator/include/vk_mem_alloc.h:10467:27: note: insert '_Nonnull' if the pointer should never be null
 10467 |         const VkDeviceSize* offsets, const VkDeviceSize* sizes,
       |                           ^
       |                             _Nonnull
../subprojects/VulkanMemoryAllocator/include/vk_mem_alloc.h:10467:56: warning: pointer is missing a nullability type specifier (_Nonnull, _Nullable, or _Null_unspecified) [-Wnullability-completeness]
 10467 |         const VkDeviceSize* offsets, const VkDeviceSize* sizes,
       |                                                        ^
../subprojects/VulkanMemoryAllocator/include/vk_mem_alloc.h:10467:56: note: insert '_Nullable' if the pointer may be null
 10467 |         const VkDeviceSize* offsets, const VkDeviceSize* sizes,
       |                                                        ^
       |                                                          _Nullable
../subprojects/VulkanMemoryAllocator/include/vk_mem_alloc.h:10467:56: note: insert '_Nonnull' if the pointer should never be null
 10467 |         const VkDeviceSize* offsets, const VkDeviceSize* sizes,
       |                                                        ^
       |                                                          _Nonnull
../subprojects/VulkanMemoryAllocator/include/vk_mem_alloc.h:10471:19: warning: pointer is missing a nullability type specifier (_Nonnull, _Nullable, or _Null_unspecified) [-Wnullability-completeness]
 10471 |         const void* pSrcHostPointer,
       |                   ^
../subprojects/VulkanMemoryAllocator/include/vk_mem_alloc.h:10471:19: note: insert '_Nullable' if the pointer may be null
 10471 |         const void* pSrcHostPointer,
       |                   ^
       |                     _Nullable
../subprojects/VulkanMemoryAllocator/include/vk_mem_alloc.h:10471:19: note: insert '_Nonnull' if the pointer should never be null
 10471 |         const void* pSrcHostPointer,
       |                   ^
       |                     _Nonnull
../subprojects/VulkanMemoryAllocator/include/vk_mem_alloc.h:10472:9: warning: pointer is missing a nullability type specifier (_Nonnull, _Nullable, or _Null_unspecified) [-Wnullability-completeness]
 10472 |         VmaAllocation dstAllocation,
       |         ^
../subprojects/VulkanMemoryAllocator/include/vk_mem_alloc.h:10472:9: note: insert '_Nullable' if the pointer may be null
 10472 |         VmaAllocation dstAllocation,
       |         ^
       |                       _Nullable
../subprojects/VulkanMemoryAllocator/include/vk_mem_alloc.h:10472:9: note: insert '_Nonnull' if the pointer should never be null
 10472 |         VmaAllocation dstAllocation,
       |         ^
       |                       _Nonnull
../subprojects/VulkanMemoryAllocator/include/vk_mem_alloc.h:10476:9: warning: pointer is missing a nullability type specifier (_Nonnull, _Nullable, or _Null_unspecified) [-Wnullability-completeness]
 10476 |         VmaAllocation srcAllocation,
       |         ^
../subprojects/VulkanMemoryAllocator/include/vk_mem_alloc.h:10476:9: note: insert '_Nullable' if the pointer may be null
 10476 |         VmaAllocation srcAllocation,
       |         ^
       |                       _Nullable
../subprojects/VulkanMemoryAllocator/include/vk_mem_alloc.h:10476:9: note: insert '_Nonnull' if the pointer should never be null
 10476 |         VmaAllocation srcAllocation,
       |         ^
       |                       _Nonnull
../subprojects/VulkanMemoryAllocator/include/vk_mem_alloc.h:10478:13: warning: pointer is missing a nullability type specifier (_Nonnull, _Nullable, or _Null_unspecified) [-Wnullability-completeness]
 10478 |         void* pDstHostPointer,
       |             ^
../subprojects/VulkanMemoryAllocator/include/vk_mem_alloc.h:10478:13: note: insert '_Nullable' if the pointer may be null
 10478 |         void* pDstHostPointer,
       |             ^
       |               _Nullable
../subprojects/VulkanMemoryAllocator/include/vk_mem_alloc.h:10478:13: note: insert '_Nonnull' if the pointer should never be null
 10478 |         void* pDstHostPointer,
       |             ^
       |               _Nonnull
../subprojects/VulkanMemoryAllocator/include/vk_mem_alloc.h:10481:25: warning: pointer is missing a nullability type specifier (_Nonnull, _Nullable, or _Null_unspecified) [-Wnullability-completeness]
 10481 |     void FillAllocation(VmaAllocation hAllocation, uint8_t pattern);
       |                         ^
../subprojects/VulkanMemoryAllocator/include/vk_mem_alloc.h:10481:25: note: insert '_Nullable' if the pointer may be null
 10481 |     void FillAllocation(VmaAllocation hAllocation, uint8_t pattern);
       |                         ^
       |                                       _Nullable
../subprojects/VulkanMemoryAllocator/include/vk_mem_alloc.h:10481:25: note: insert '_Nonnull' if the pointer should never be null
 10481 |     void FillAllocation(VmaAllocation hAllocation, uint8_t pattern);
       |                         ^
       |                                       _Nonnull
../subprojects/VulkanMemoryAllocator/include/vk_mem_alloc.h:10499:5: warning: pointer is missing a nullability type specifier (_Nonnull, _Nullable, or _Null_unspecified) [-Wnullability-completeness]
 10499 |     VkPhysicalDevice m_PhysicalDevice;
       |     ^
../subprojects/VulkanMemoryAllocator/include/vk_mem_alloc.h:10499:5: note: insert '_Nullable' if the pointer may be null
 10499 |     VkPhysicalDevice m_PhysicalDevice;
       |     ^
       |                      _Nullable
../subprojects/VulkanMemoryAllocator/include/vk_mem_alloc.h:10499:5: note: insert '_Nonnull' if the pointer should never be null
 10499 |     VkPhysicalDevice m_PhysicalDevice;
       |     ^
       |                      _Nonnull
../subprojects/VulkanMemoryAllocator/include/vk_mem_alloc.h:10517:56: warning: pointer is missing a nullability type specifier (_Nonnull, _Nullable, or _Null_unspecified) [-Wnullability-completeness]
 10517 |     void ImportVulkanFunctions(const VmaVulkanFunctions* pVulkanFunctions);
       |                                                        ^
../subprojects/VulkanMemoryAllocator/include/vk_mem_alloc.h:10517:56: note: insert '_Nullable' if the pointer may be null
 10517 |     void ImportVulkanFunctions(const VmaVulkanFunctions* pVulkanFunctions);
       |                                                        ^
       |                                                          _Nullable
../subprojects/VulkanMemoryAllocator/include/vk_mem_alloc.h:10517:56: note: insert '_Nonnull' if the pointer should never be null
 10517 |     void ImportVulkanFunctions(const VmaVulkanFunctions* pVulkanFunctions);
       |                                                        ^
       |                                                          _Nonnull
../subprojects/VulkanMemoryAllocator/include/vk_mem_alloc.h:10523:63: warning: pointer is missing a nullability type specifier (_Nonnull, _Nullable, or _Null_unspecified) [-Wnullability-completeness]
 10523 |     void ImportVulkanFunctions_Custom(const VmaVulkanFunctions* pVulkanFunctions);
       |                                                               ^
../subprojects/VulkanMemoryAllocator/include/vk_mem_alloc.h:10523:63: note: insert '_Nullable' if the pointer may be null
 10523 |     void ImportVulkanFunctions_Custom(const VmaVulkanFunctions* pVulkanFunctions);
       |                                                               ^
       |                                                                 _Nullable
../subprojects/VulkanMemoryAllocator/include/vk_mem_alloc.h:10523:63: note: insert '_Nonnull' if the pointer should never be null
 10523 |     void ImportVulkanFunctions_Custom(const VmaVulkanFunctions* pVulkanFunctions);
       |                                                               ^
       |                                                                 _Nonnull
../subprojects/VulkanMemoryAllocator/include/vk_mem_alloc.h:10534:9: warning: pointer is missing a nullability type specifier (_Nonnull, _Nullable, or _Null_unspecified) [-Wnullability-completeness]
 10534 |         VmaPool pool,
       |         ^
../subprojects/VulkanMemoryAllocator/include/vk_mem_alloc.h:10534:9: note: insert '_Nullable' if the pointer may be null
 10534 |         VmaPool pool,
       |         ^
       |                 _Nullable
../subprojects/VulkanMemoryAllocator/include/vk_mem_alloc.h:10534:9: note: insert '_Nonnull' if the pointer should never be null
 10534 |         VmaPool pool,
       |         ^
       |                 _Nonnull
../subprojects/VulkanMemoryAllocator/include/vk_mem_alloc.h:10538:9: warning: pointer is missing a nullability type specifier (_Nonnull, _Nullable, or _Null_unspecified) [-Wnullability-completeness]
 10538 |         VkBuffer dedicatedBuffer,
       |         ^
../subprojects/VulkanMemoryAllocator/include/vk_mem_alloc.h:10538:9: note: insert '_Nullable' if the pointer may be null
 10538 |         VkBuffer dedicatedBuffer,
       |         ^
       |                  _Nullable
../subprojects/VulkanMemoryAllocator/include/vk_mem_alloc.h:10538:9: note: insert '_Nonnull' if the pointer should never be null
 10538 |         VkBuffer dedicatedBuffer,
       |         ^
       |                  _Nonnull
../subprojects/VulkanMemoryAllocator/include/vk_mem_alloc.h:10539:9: warning: pointer is missing a nullability type specifier (_Nonnull, _Nullable, or _Null_unspecified) [-Wnullability-completeness]
 10539 |         VkImage dedicatedImage,
       |         ^
../subprojects/VulkanMemoryAllocator/include/vk_mem_alloc.h:10539:9: note: insert '_Nullable' if the pointer may be null
 10539 |         VkImage dedicatedImage,
       |         ^
       |                 _Nullable
../subprojects/VulkanMemoryAllocator/include/vk_mem_alloc.h:10539:9: note: insert '_Nonnull' if the pointer should never be null
 10539 |         VkImage dedicatedImage,
       |         ^
       |                 _Nonnull
../subprojects/VulkanMemoryAllocator/include/vk_mem_alloc.h:10547:9: warning: pointer is missing a nullability type specifier (_Nonnull, _Nullable, or _Null_unspecified) [-Wnullability-completeness]
 10547 |         VmaAllocation* pAllocations);
       |         ^
../subprojects/VulkanMemoryAllocator/include/vk_mem_alloc.h:10547:9: note: insert '_Nullable' if the pointer may be null
 10547 |         VmaAllocation* pAllocations);
       |         ^            
       |                       _Nullable 
../subprojects/VulkanMemoryAllocator/include/vk_mem_alloc.h:10547:9: note: insert '_Nonnull' if the pointer should never be null
 10547 |         VmaAllocation* pAllocations);
       |         ^            
       |                       _Nonnull 
../subprojects/VulkanMemoryAllocator/include/vk_mem_alloc.h:10547:22: warning: pointer is missing a nullability type specifier (_Nonnull, _Nullable, or _Null_unspecified) [-Wnullability-completeness]
 10547 |         VmaAllocation* pAllocations);
       |                      ^
../subprojects/VulkanMemoryAllocator/include/vk_mem_alloc.h:10547:22: note: insert '_Nullable' if the pointer may be null
 10547 |         VmaAllocation* pAllocations);
       |                      ^
       |                        _Nullable
../subprojects/VulkanMemoryAllocator/include/vk_mem_alloc.h:10547:22: note: insert '_Nonnull' if the pointer should never be null
 10547 |         VmaAllocation* pAllocations);
       |                      ^
       |                        _Nonnull
../subprojects/VulkanMemoryAllocator/include/vk_mem_alloc.h:10551:9: warning: pointer is missing a nullability type specifier (_Nonnull, _Nullable, or _Null_unspecified) [-Wnullability-completeness]
 10551 |         VmaPool pool,
       |         ^
../subprojects/VulkanMemoryAllocator/include/vk_mem_alloc.h:10551:9: note: insert '_Nullable' if the pointer may be null
 10551 |         VmaPool pool,
       |         ^
       |                 _Nullable
../subprojects/VulkanMemoryAllocator/include/vk_mem_alloc.h:10551:9: note: insert '_Nonnull' if the pointer should never be null
 10551 |         VmaPool pool,
       |         ^
       |                 _Nonnull
../subprojects/VulkanMemoryAllocator/include/vk_mem_alloc.h:10559:13: warning: pointer is missing a nullability type specifier (_Nonnull, _Nullable, or _Null_unspecified) [-Wnullability-completeness]
 10559 |         void* pUserData,
       |             ^
../subprojects/VulkanMemoryAllocator/include/vk_mem_alloc.h:10559:13: note: insert '_Nullable' if the pointer may be null
 10559 |         void* pUserData,
       |             ^
       |               _Nullable
../subprojects/VulkanMemoryAllocator/include/vk_mem_alloc.h:10559:13: note: insert '_Nonnull' if the pointer should never be null
 10559 |         void* pUserData,
       |             ^
       |               _Nonnull
../subprojects/VulkanMemoryAllocator/include/vk_mem_alloc.h:10560:9: warning: pointer is missing a nullability type specifier (_Nonnull, _Nullable, or _Null_unspecified) [-Wnullability-completeness]
 10560 |         VmaAllocation* pAllocation);
       |         ^
../subprojects/VulkanMemoryAllocator/include/vk_mem_alloc.h:10560:9: note: insert '_Nullable' if the pointer may be null
 10560 |         VmaAllocation* pAllocation);
       |         ^            
       |                       _Nullable 
../subprojects/VulkanMemoryAllocator/include/vk_mem_alloc.h:10560:9: note: insert '_Nonnull' if the pointer should never be null
 10560 |         VmaAllocation* pAllocation);
       |         ^            
       |                       _Nonnull 
../subprojects/VulkanMemoryAllocator/include/vk_mem_alloc.h:10560:22: warning: pointer is missing a nullability type specifier (_Nonnull, _Nullable, or _Null_unspecified) [-Wnullability-completeness]
 10560 |         VmaAllocation* pAllocation);
       |                      ^
../subprojects/VulkanMemoryAllocator/include/vk_mem_alloc.h:10560:22: note: insert '_Nullable' if the pointer may be null
 10560 |         VmaAllocation* pAllocation);
       |                      ^
       |                        _Nullable
../subprojects/VulkanMemoryAllocator/include/vk_mem_alloc.h:10560:22: note: insert '_Nonnull' if the pointer should never be null
 10560 |         VmaAllocation* pAllocation);
       |                      ^
       |                        _Nonnull
../subprojects/VulkanMemoryAllocator/include/vk_mem_alloc.h:10564:9: warning: pointer is missing a nullability type specifier (_Nonnull, _Nullable, or _Null_unspecified) [-Wnullability-completeness]
 10564 |         VmaPool pool,
       |         ^
../subprojects/VulkanMemoryAllocator/include/vk_mem_alloc.h:10564:9: note: insert '_Nullable' if the pointer may be null
 10564 |         VmaPool pool,
       |         ^
       |                 _Nullable
../subprojects/VulkanMemoryAllocator/include/vk_mem_alloc.h:10564:9: note: insert '_Nonnull' if the pointer should never be null
 10564 |         VmaPool pool,
       |         ^
       |                 _Nonnull
../subprojects/VulkanMemoryAllocator/include/vk_mem_alloc.h:10573:13: warning: pointer is missing a nullability type specifier (_Nonnull, _Nullable, or _Null_unspecified) [-Wnullability-completeness]
 10573 |         void* pUserData,
       |             ^
../subprojects/VulkanMemoryAllocator/include/vk_mem_alloc.h:10573:13: note: insert '_Nullable' if the pointer may be null
 10573 |         void* pUserData,
       |             ^
       |               _Nullable
../subprojects/VulkanMemoryAllocator/include/vk_mem_alloc.h:10573:13: note: insert '_Nonnull' if the pointer should never be null
 10573 |         void* pUserData,
       |             ^
       |               _Nonnull
../subprojects/VulkanMemoryAllocator/include/vk_mem_alloc.h:10575:9: warning: pointer is missing a nullability type specifier (_Nonnull, _Nullable, or _Null_unspecified) [-Wnullability-completeness]
 10575 |         VkBuffer dedicatedBuffer,
       |         ^
../subprojects/VulkanMemoryAllocator/include/vk_mem_alloc.h:10575:9: note: insert '_Nullable' if the pointer may be null
 10575 |         VkBuffer dedicatedBuffer,
       |         ^
       |                  _Nullable
../subprojects/VulkanMemoryAllocator/include/vk_mem_alloc.h:10575:9: note: insert '_Nonnull' if the pointer should never be null
 10575 |         VkBuffer dedicatedBuffer,
       |         ^
       |                  _Nonnull
../subprojects/VulkanMemoryAllocator/include/vk_mem_alloc.h:10576:9: warning: pointer is missing a nullability type specifier (_Nonnull, _Nullable, or _Null_unspecified) [-Wnullability-completeness]
 10576 |         VkImage dedicatedImage,
       |         ^
../subprojects/VulkanMemoryAllocator/include/vk_mem_alloc.h:10576:9: note: insert '_Nullable' if the pointer may be null
 10576 |         VkImage dedicatedImage,
       |         ^
       |                 _Nullable
../subprojects/VulkanMemoryAllocator/include/vk_mem_alloc.h:10576:9: note: insert '_Nonnull' if the pointer should never be null
 10576 |         VkImage dedicatedImage,
       |         ^
       |                 _Nonnull
../subprojects/VulkanMemoryAllocator/include/vk_mem_alloc.h:10579:9: warning: pointer is missing a nullability type specifier (_Nonnull, _Nullable, or _Null_unspecified) [-Wnullability-completeness]
 10579 |         VmaAllocation* pAllocations,
       |         ^
../subprojects/VulkanMemoryAllocator/include/vk_mem_alloc.h:10579:9: note: insert '_Nullable' if the pointer may be null
 10579 |         VmaAllocation* pAllocations,
       |         ^            
       |                       _Nullable 
../subprojects/VulkanMemoryAllocator/include/vk_mem_alloc.h:10579:9: note: insert '_Nonnull' if the pointer should never be null
 10579 |         VmaAllocation* pAllocations,
       |         ^            
       |                       _Nonnull 
../subprojects/VulkanMemoryAllocator/include/vk_mem_alloc.h:10579:22: warning: pointer is missing a nullability type specifier (_Nonnull, _Nullable, or _Null_unspecified) [-Wnullability-completeness]
 10579 |         VmaAllocation* pAllocations,
       |                      ^
../subprojects/VulkanMemoryAllocator/include/vk_mem_alloc.h:10579:22: note: insert '_Nullable' if the pointer may be null
 10579 |         VmaAllocation* pAllocations,
       |                      ^
       |                        _Nullable
../subprojects/VulkanMemoryAllocator/include/vk_mem_alloc.h:10579:22: note: insert '_Nonnull' if the pointer should never be null
 10579 |         VmaAllocation* pAllocations,
       |                      ^
       |                        _Nonnull
../subprojects/VulkanMemoryAllocator/include/vk_mem_alloc.h:10580:19: warning: pointer is missing a nullability type specifier (_Nonnull, _Nullable, or _Null_unspecified) [-Wnullability-completeness]
 10580 |         const void* pNextChain = VMA_NULL);
       |                   ^
../subprojects/VulkanMemoryAllocator/include/vk_mem_alloc.h:10580:19: note: insert '_Nullable' if the pointer may be null
 10580 |         const void* pNextChain = VMA_NULL);
       |                   ^
       |                     _Nullable
../subprojects/VulkanMemoryAllocator/include/vk_mem_alloc.h:10580:19: note: insert '_Nonnull' if the pointer should never be null
 10580 |         const void* pNextChain = VMA_NULL);
       |                   ^
       |                     _Nonnull
../subprojects/VulkanMemoryAllocator/include/vk_mem_alloc.h:10582:30: warning: pointer is missing a nullability type specifier (_Nonnull, _Nullable, or _Null_unspecified) [-Wnullability-completeness]
 10582 |     void FreeDedicatedMemory(VmaAllocation allocation);
       |                              ^
../subprojects/VulkanMemoryAllocator/include/vk_mem_alloc.h:10582:30: note: insert '_Nullable' if the pointer may be null
 10582 |     void FreeDedicatedMemory(VmaAllocation allocation);
       |                              ^
       |                                            _Nullable
../subprojects/VulkanMemoryAllocator/include/vk_mem_alloc.h:10582:30: note: insert '_Nonnull' if the pointer should never be null
 10582 |     void FreeDedicatedMemory(VmaAllocation allocation);
       |                              ^
       |                                            _Nonnull
../subprojects/VulkanMemoryAllocator/include/vk_mem_alloc.h:10601:9: warning: pointer is missing a nullability type specifier (_Nonnull, _Nullable, or _Null_unspecified) [-Wnullability-completeness]
 10601 |         VmaAllocation allocation,
       |         ^
../subprojects/VulkanMemoryAllocator/include/vk_mem_alloc.h:10601:9: note: insert '_Nullable' if the pointer may be null
 10601 |         VmaAllocation allocation,
       |         ^
       |                       _Nullable
../subprojects/VulkanMemoryAllocator/include/vk_mem_alloc.h:10601:9: note: insert '_Nonnull' if the pointer should never be null
 10601 |         VmaAllocation allocation,
       |         ^
       |                       _Nonnull
../subprojects/VulkanMemoryAllocator/include/vk_mem_alloc.h:10612:24: warning: pointer is missing a nullability type specifier (_Nonnull, _Nullable, or _Null_unspecified) [-Wnullability-completeness]
 10612 | static void* VmaMalloc(VmaAllocator hAllocator, size_t size, size_t alignment)
       |                        ^
../subprojects/VulkanMemoryAllocator/include/vk_mem_alloc.h:10612:24: note: insert '_Nullable' if the pointer may be null
 10612 | static void* VmaMalloc(VmaAllocator hAllocator, size_t size, size_t alignment)
       |                        ^
       |                                     _Nullable
../subprojects/VulkanMemoryAllocator/include/vk_mem_alloc.h:10612:24: note: insert '_Nonnull' if the pointer should never be null
 10612 | static void* VmaMalloc(VmaAllocator hAllocator, size_t size, size_t alignment)
       |                        ^
       |                                     _Nonnull
../subprojects/VulkanMemoryAllocator/include/vk_mem_alloc.h:10612:12: warning: pointer is missing a nullability type specifier (_Nonnull, _Nullable, or _Null_unspecified) [-Wnullability-completeness]
 10612 | static void* VmaMalloc(VmaAllocator hAllocator, size_t size, size_t alignment)
       |            ^
../subprojects/VulkanMemoryAllocator/include/vk_mem_alloc.h:10612:12: note: insert '_Nullable' if the pointer may be null
 10612 | static void* VmaMalloc(VmaAllocator hAllocator, size_t size, size_t alignment)
       |            ^
       |              _Nullable
../subprojects/VulkanMemoryAllocator/include/vk_mem_alloc.h:10612:12: note: insert '_Nonnull' if the pointer should never be null
 10612 | static void* VmaMalloc(VmaAllocator hAllocator, size_t size, size_t alignment)
       |            ^
       |              _Nonnull
../subprojects/VulkanMemoryAllocator/include/vk_mem_alloc.h:10617:21: warning: pointer is missing a nullability type specifier (_Nonnull, _Nullable, or _Null_unspecified) [-Wnullability-completeness]
 10617 | static void VmaFree(VmaAllocator hAllocator, void* ptr)
       |                     ^
../subprojects/VulkanMemoryAllocator/include/vk_mem_alloc.h:10617:21: note: insert '_Nullable' if the pointer may be null
 10617 | static void VmaFree(VmaAllocator hAllocator, void* ptr)
       |                     ^
       |                                  _Nullable
../subprojects/VulkanMemoryAllocator/include/vk_mem_alloc.h:10617:21: note: insert '_Nonnull' if the pointer should never be null
 10617 | static void VmaFree(VmaAllocator hAllocator, void* ptr)
       |                     ^
       |                                  _Nonnull
../subprojects/VulkanMemoryAllocator/include/vk_mem_alloc.h:10617:50: warning: pointer is missing a nullability type specifier (_Nonnull, _Nullable, or _Null_unspecified) [-Wnullability-completeness]
 10617 | static void VmaFree(VmaAllocator hAllocator, void* ptr)
       |                                                  ^
../subprojects/VulkanMemoryAllocator/include/vk_mem_alloc.h:10617:50: note: insert '_Nullable' if the pointer may be null
 10617 | static void VmaFree(VmaAllocator hAllocator, void* ptr)
       |                                                  ^
       |                                                    _Nullable
../subprojects/VulkanMemoryAllocator/include/vk_mem_alloc.h:10617:50: note: insert '_Nonnull' if the pointer should never be null
 10617 | static void VmaFree(VmaAllocator hAllocator, void* ptr)
       |                                                  ^
       |                                                    _Nonnull
../subprojects/VulkanMemoryAllocator/include/vk_mem_alloc.h:10623:23: warning: pointer is missing a nullability type specifier (_Nonnull, _Nullable, or _Null_unspecified) [-Wnullability-completeness]
 10623 | static T* VmaAllocate(VmaAllocator hAllocator)
       |                       ^
../subprojects/VulkanMemoryAllocator/include/vk_mem_alloc.h:10623:23: note: insert '_Nullable' if the pointer may be null
 10623 | static T* VmaAllocate(VmaAllocator hAllocator)
       |                       ^
       |                                    _Nullable
../subprojects/VulkanMemoryAllocator/include/vk_mem_alloc.h:10623:23: note: insert '_Nonnull' if the pointer should never be null
 10623 | static T* VmaAllocate(VmaAllocator hAllocator)
       |                       ^
       |                                    _Nonnull
../subprojects/VulkanMemoryAllocator/include/vk_mem_alloc.h:10623:9: warning: pointer is missing a nullability type specifier (_Nonnull, _Nullable, or _Null_unspecified) [-Wnullability-completeness]
 10623 | static T* VmaAllocate(VmaAllocator hAllocator)
       |         ^
../subprojects/VulkanMemoryAllocator/include/vk_mem_alloc.h:10623:9: note: insert '_Nullable' if the pointer may be null
 10623 | static T* VmaAllocate(VmaAllocator hAllocator)
       |         ^
       |           _Nullable
../subprojects/VulkanMemoryAllocator/include/vk_mem_alloc.h:10623:9: note: insert '_Nonnull' if the pointer should never be null
 10623 | static T* VmaAllocate(VmaAllocator hAllocator)
       |         ^
       |           _Nonnull
../subprojects/VulkanMemoryAllocator/include/vk_mem_alloc.h:10629:28: warning: pointer is missing a nullability type specifier (_Nonnull, _Nullable, or _Null_unspecified) [-Wnullability-completeness]
 10629 | static T* VmaAllocateArray(VmaAllocator hAllocator, size_t count)
       |                            ^
../subprojects/VulkanMemoryAllocator/include/vk_mem_alloc.h:10629:28: note: insert '_Nullable' if the pointer may be null
 10629 | static T* VmaAllocateArray(VmaAllocator hAllocator, size_t count)
       |                            ^
       |                                         _Nullable
../subprojects/VulkanMemoryAllocator/include/vk_mem_alloc.h:10629:28: note: insert '_Nonnull' if the pointer should never be null
 10629 | static T* VmaAllocateArray(VmaAllocator hAllocator, size_t count)
       |                            ^
       |                                         _Nonnull
../subprojects/VulkanMemoryAllocator/include/vk_mem_alloc.h:10629:9: warning: pointer is missing a nullability type specifier (_Nonnull, _Nullable, or _Null_unspecified) [-Wnullability-completeness]
 10629 | static T* VmaAllocateArray(VmaAllocator hAllocator, size_t count)
       |         ^
../subprojects/VulkanMemoryAllocator/include/vk_mem_alloc.h:10629:9: note: insert '_Nullable' if the pointer may be null
 10629 | static T* VmaAllocateArray(VmaAllocator hAllocator, size_t count)
       |         ^
       |           _Nullable
../subprojects/VulkanMemoryAllocator/include/vk_mem_alloc.h:10629:9: note: insert '_Nonnull' if the pointer should never be null
 10629 | static T* VmaAllocateArray(VmaAllocator hAllocator, size_t count)
       |         ^
       |           _Nonnull
../subprojects/VulkanMemoryAllocator/include/vk_mem_alloc.h:10635:24: warning: pointer is missing a nullability type specifier (_Nonnull, _Nullable, or _Null_unspecified) [-Wnullability-completeness]
 10635 | static void vma_delete(VmaAllocator hAllocator, T* ptr)
       |                        ^
../subprojects/VulkanMemoryAllocator/include/vk_mem_alloc.h:10635:24: note: insert '_Nullable' if the pointer may be null
 10635 | static void vma_delete(VmaAllocator hAllocator, T* ptr)
       |                        ^
       |                                     _Nullable
../subprojects/VulkanMemoryAllocator/include/vk_mem_alloc.h:10635:24: note: insert '_Nonnull' if the pointer should never be null
 10635 | static void vma_delete(VmaAllocator hAllocator, T* ptr)
       |                        ^
       |                                     _Nonnull
../subprojects/VulkanMemoryAllocator/include/vk_mem_alloc.h:10635:50: warning: pointer is missing a nullability type specifier (_Nonnull, _Nullable, or _Null_unspecified) [-Wnullability-completeness]
 10635 | static void vma_delete(VmaAllocator hAllocator, T* ptr)
       |                                                  ^
../subprojects/VulkanMemoryAllocator/include/vk_mem_alloc.h:10635:50: note: insert '_Nullable' if the pointer may be null
 10635 | static void vma_delete(VmaAllocator hAllocator, T* ptr)
       |                                                  ^
       |                                                    _Nullable
../subprojects/VulkanMemoryAllocator/include/vk_mem_alloc.h:10635:50: note: insert '_Nonnull' if the pointer should never be null
 10635 | static void vma_delete(VmaAllocator hAllocator, T* ptr)
       |                                                  ^
       |                                                    _Nonnull
../subprojects/VulkanMemoryAllocator/include/vk_mem_alloc.h:10645:30: warning: pointer is missing a nullability type specifier (_Nonnull, _Nullable, or _Null_unspecified) [-Wnullability-completeness]
 10645 | static void vma_delete_array(VmaAllocator hAllocator, T* ptr, size_t count)
       |                              ^
../subprojects/VulkanMemoryAllocator/include/vk_mem_alloc.h:10645:30: note: insert '_Nullable' if the pointer may be null
 10645 | static void vma_delete_array(VmaAllocator hAllocator, T* ptr, size_t count)
       |                              ^
       |                                           _Nullable
../subprojects/VulkanMemoryAllocator/include/vk_mem_alloc.h:10645:30: note: insert '_Nonnull' if the pointer should never be null
 10645 | static void vma_delete_array(VmaAllocator hAllocator, T* ptr, size_t count)
       |                              ^
       |                                           _Nonnull
../subprojects/VulkanMemoryAllocator/include/vk_mem_alloc.h:10645:56: warning: pointer is missing a nullability type specifier (_Nonnull, _Nullable, or _Null_unspecified) [-Wnullability-completeness]
 10645 | static void vma_delete_array(VmaAllocator hAllocator, T* ptr, size_t count)
       |                                                        ^
../subprojects/VulkanMemoryAllocator/include/vk_mem_alloc.h:10645:56: note: insert '_Nullable' if the pointer may be null
 10645 | static void vma_delete_array(VmaAllocator hAllocator, T* ptr, size_t count)
       |                                                        ^
       |                                                          _Nullable
../subprojects/VulkanMemoryAllocator/include/vk_mem_alloc.h:10645:56: note: insert '_Nonnull' if the pointer should never be null
 10645 | static void vma_delete_array(VmaAllocator hAllocator, T* ptr, size_t count)
       |                                                        ^
       |                                                          _Nonnull
../subprojects/VulkanMemoryAllocator/include/vk_mem_alloc.h:10657:44: warning: pointer is missing a nullability type specifier (_Nonnull, _Nullable, or _Null_unspecified) [-Wnullability-completeness]
 10657 | VmaDeviceMemoryBlock::VmaDeviceMemoryBlock(VmaAllocator hAllocator)
       |                                            ^
../subprojects/VulkanMemoryAllocator/include/vk_mem_alloc.h:10657:44: note: insert '_Nullable' if the pointer may be null
 10657 | VmaDeviceMemoryBlock::VmaDeviceMemoryBlock(VmaAllocator hAllocator)
       |                                            ^
       |                                                         _Nullable
../subprojects/VulkanMemoryAllocator/include/vk_mem_alloc.h:10657:44: note: insert '_Nonnull' if the pointer should never be null
 10657 | VmaDeviceMemoryBlock::VmaDeviceMemoryBlock(VmaAllocator hAllocator)
       |                                            ^
       |                                                         _Nonnull
../subprojects/VulkanMemoryAllocator/include/vk_mem_alloc.h:10673:5: warning: pointer is missing a nullability type specifier (_Nonnull, _Nullable, or _Null_unspecified) [-Wnullability-completeness]
 10673 |     VmaAllocator hAllocator,
       |     ^
../subprojects/VulkanMemoryAllocator/include/vk_mem_alloc.h:10673:5: note: insert '_Nullable' if the pointer may be null
 10673 |     VmaAllocator hAllocator,
       |     ^
       |                  _Nullable
../subprojects/VulkanMemoryAllocator/include/vk_mem_alloc.h:10673:5: note: insert '_Nonnull' if the pointer should never be null
 10673 |     VmaAllocator hAllocator,
       |     ^
       |                  _Nonnull
../subprojects/VulkanMemoryAllocator/include/vk_mem_alloc.h:10674:5: warning: pointer is missing a nullability type specifier (_Nonnull, _Nullable, or _Null_unspecified) [-Wnullability-completeness]
 10674 |     VmaPool hParentPool,
       |     ^
../subprojects/VulkanMemoryAllocator/include/vk_mem_alloc.h:10674:5: note: insert '_Nullable' if the pointer may be null
 10674 |     VmaPool hParentPool,
       |     ^
       |             _Nullable
../subprojects/VulkanMemoryAllocator/include/vk_mem_alloc.h:10674:5: note: insert '_Nonnull' if the pointer should never be null
 10674 |     VmaPool hParentPool,
       |     ^
       |             _Nonnull
../subprojects/VulkanMemoryAllocator/include/vk_mem_alloc.h:10676:5: warning: pointer is missing a nullability type specifier (_Nonnull, _Nullable, or _Null_unspecified) [-Wnullability-completeness]
 10676 |     VkDeviceMemory newMemory,
       |     ^
../subprojects/VulkanMemoryAllocator/include/vk_mem_alloc.h:10676:5: note: insert '_Nullable' if the pointer may be null
 10676 |     VkDeviceMemory newMemory,
       |     ^
       |                    _Nullable
../subprojects/VulkanMemoryAllocator/include/vk_mem_alloc.h:10676:5: note: insert '_Nonnull' if the pointer should never be null
 10676 |     VkDeviceMemory newMemory,
       |     ^
       |                    _Nonnull
../subprojects/VulkanMemoryAllocator/include/vk_mem_alloc.h:10707:36: warning: pointer is missing a nullability type specifier (_Nonnull, _Nullable, or _Null_unspecified) [-Wnullability-completeness]
 10707 | void VmaDeviceMemoryBlock::Destroy(VmaAllocator allocator)
       |                                    ^
../subprojects/VulkanMemoryAllocator/include/vk_mem_alloc.h:10707:36: note: insert '_Nullable' if the pointer may be null
 10707 | void VmaDeviceMemoryBlock::Destroy(VmaAllocator allocator)
       |                                    ^
       |                                                 _Nullable
../subprojects/VulkanMemoryAllocator/include/vk_mem_alloc.h:10707:36: note: insert '_Nonnull' if the pointer should never be null
 10707 | void VmaDeviceMemoryBlock::Destroy(VmaAllocator allocator)
       |                                    ^
       |                                                 _Nonnull
../subprojects/VulkanMemoryAllocator/include/vk_mem_alloc.h:10725:38: warning: pointer is missing a nullability type specifier (_Nonnull, _Nullable, or _Null_unspecified) [-Wnullability-completeness]
 10725 | void VmaDeviceMemoryBlock::PostAlloc(VmaAllocator hAllocator)
       |                                      ^
../subprojects/VulkanMemoryAllocator/include/vk_mem_alloc.h:10725:38: note: insert '_Nullable' if the pointer may be null
 10725 | void VmaDeviceMemoryBlock::PostAlloc(VmaAllocator hAllocator)
       |                                      ^
       |                                                   _Nullable
../subprojects/VulkanMemoryAllocator/include/vk_mem_alloc.h:10725:38: note: insert '_Nonnull' if the pointer should never be null
 10725 | void VmaDeviceMemoryBlock::PostAlloc(VmaAllocator hAllocator)
       |                                      ^
       |                                                   _Nonnull
../subprojects/VulkanMemoryAllocator/include/vk_mem_alloc.h:10731:37: warning: pointer is missing a nullability type specifier (_Nonnull, _Nullable, or _Null_unspecified) [-Wnullability-completeness]
 10731 | void VmaDeviceMemoryBlock::PostFree(VmaAllocator hAllocator)
       |                                     ^
../subprojects/VulkanMemoryAllocator/include/vk_mem_alloc.h:10731:37: note: insert '_Nullable' if the pointer may be null
 10731 | void VmaDeviceMemoryBlock::PostFree(VmaAllocator hAllocator)
       |                                     ^
       |                                                  _Nullable
../subprojects/VulkanMemoryAllocator/include/vk_mem_alloc.h:10731:37: note: insert '_Nonnull' if the pointer should never be null
 10731 | void VmaDeviceMemoryBlock::PostFree(VmaAllocator hAllocator)
       |                                     ^
       |                                                  _Nonnull
../subprojects/VulkanMemoryAllocator/include/vk_mem_alloc.h:10753:48: warning: pointer is missing a nullability type specifier (_Nonnull, _Nullable, or _Null_unspecified) [-Wnullability-completeness]
 10753 | VkResult VmaDeviceMemoryBlock::CheckCorruption(VmaAllocator hAllocator)
       |                                                ^
../subprojects/VulkanMemoryAllocator/include/vk_mem_alloc.h:10753:48: note: insert '_Nullable' if the pointer may be null
 10753 | VkResult VmaDeviceMemoryBlock::CheckCorruption(VmaAllocator hAllocator)
       |                                                ^
       |                                                             _Nullable
../subprojects/VulkanMemoryAllocator/include/vk_mem_alloc.h:10753:48: note: insert '_Nonnull' if the pointer should never be null
 10753 | VkResult VmaDeviceMemoryBlock::CheckCorruption(VmaAllocator hAllocator)
       |                                                ^
       |                                                             _Nonnull
../subprojects/VulkanMemoryAllocator/include/vk_mem_alloc.h:10769:36: warning: pointer is missing a nullability type specifier (_Nonnull, _Nullable, or _Null_unspecified) [-Wnullability-completeness]
 10769 | VkResult VmaDeviceMemoryBlock::Map(VmaAllocator hAllocator, uint32_t count, void** ppData)
       |                                    ^
../subprojects/VulkanMemoryAllocator/include/vk_mem_alloc.h:10769:36: note: insert '_Nullable' if the pointer may be null
 10769 | VkResult VmaDeviceMemoryBlock::Map(VmaAllocator hAllocator, uint32_t count, void** ppData)
       |                                    ^
       |                                                 _Nullable
../subprojects/VulkanMemoryAllocator/include/vk_mem_alloc.h:10769:36: note: insert '_Nonnull' if the pointer should never be null
 10769 | VkResult VmaDeviceMemoryBlock::Map(VmaAllocator hAllocator, uint32_t count, void** ppData)
       |                                    ^
       |                                                 _Nonnull
../subprojects/VulkanMemoryAllocator/include/vk_mem_alloc.h:10769:81: warning: pointer is missing a nullability type specifier (_Nonnull, _Nullable, or _Null_unspecified) [-Wnullability-completeness]
 10769 | VkResult VmaDeviceMemoryBlock::Map(VmaAllocator hAllocator, uint32_t count, void** ppData)
       |                                                                                 ^
../subprojects/VulkanMemoryAllocator/include/vk_mem_alloc.h:10769:81: note: insert '_Nullable' if the pointer may be null
 10769 | VkResult VmaDeviceMemoryBlock::Map(VmaAllocator hAllocator, uint32_t count, void** ppData)
       |                                                                                 ^
       |                                                                                  _Nullable
../subprojects/VulkanMemoryAllocator/include/vk_mem_alloc.h:10769:81: note: insert '_Nonnull' if the pointer should never be null
 10769 | VkResult VmaDeviceMemoryBlock::Map(VmaAllocator hAllocator, uint32_t count, void** ppData)
       |                                                                                 ^
       |                                                                                  _Nonnull
../subprojects/VulkanMemoryAllocator/include/vk_mem_alloc.h:10769:82: warning: pointer is missing a nullability type specifier (_Nonnull, _Nullable, or _Null_unspecified) [-Wnullability-completeness]
 10769 | VkResult VmaDeviceMemoryBlock::Map(VmaAllocator hAllocator, uint32_t count, void** ppData)
       |                                                                                  ^
../subprojects/VulkanMemoryAllocator/include/vk_mem_alloc.h:10769:82: note: insert '_Nullable' if the pointer may be null
 10769 | VkResult VmaDeviceMemoryBlock::Map(VmaAllocator hAllocator, uint32_t count, void** ppData)
       |                                                                                  ^
       |                                                                                    _Nullable
../subprojects/VulkanMemoryAllocator/include/vk_mem_alloc.h:10769:82: note: insert '_Nonnull' if the pointer should never be null
 10769 | VkResult VmaDeviceMemoryBlock::Map(VmaAllocator hAllocator, uint32_t count, void** ppData)
       |                                                                                  ^
       |                                                                                    _Nonnull
../subprojects/VulkanMemoryAllocator/include/vk_mem_alloc.h:10810:34: warning: pointer is missing a nullability type specifier (_Nonnull, _Nullable, or _Null_unspecified) [-Wnullability-completeness]
 10810 | void VmaDeviceMemoryBlock::Unmap(VmaAllocator hAllocator, uint32_t count)
       |                                  ^
../subprojects/VulkanMemoryAllocator/include/vk_mem_alloc.h:10810:34: note: insert '_Nullable' if the pointer may be null
 10810 | void VmaDeviceMemoryBlock::Unmap(VmaAllocator hAllocator, uint32_t count)
       |                                  ^
       |                                               _Nullable
../subprojects/VulkanMemoryAllocator/include/vk_mem_alloc.h:10810:34: note: insert '_Nonnull' if the pointer should never be null
 10810 | void VmaDeviceMemoryBlock::Unmap(VmaAllocator hAllocator, uint32_t count)
       |                                  ^
       |                                               _Nonnull
../subprojects/VulkanMemoryAllocator/include/vk_mem_alloc.h:10835:63: warning: pointer is missing a nullability type specifier (_Nonnull, _Nullable, or _Null_unspecified) [-Wnullability-completeness]
 10835 | VkResult VmaDeviceMemoryBlock::WriteMagicValueAfterAllocation(VmaAllocator hAllocator, VkDeviceSize allocOffset, VkDeviceSize allocSize)
       |                                                               ^
../subprojects/VulkanMemoryAllocator/include/vk_mem_alloc.h:10835:63: note: insert '_Nullable' if the pointer may be null
 10835 | VkResult VmaDeviceMemoryBlock::WriteMagicValueAfterAllocation(VmaAllocator hAllocator, VkDeviceSize allocOffset, VkDeviceSize allocSize)
       |                                                               ^
       |                                                                            _Nullable
../subprojects/VulkanMemoryAllocator/include/vk_mem_alloc.h:10835:63: note: insert '_Nonnull' if the pointer should never be null
 10835 | VkResult VmaDeviceMemoryBlock::WriteMagicValueAfterAllocation(VmaAllocator hAllocator, VkDeviceSize allocOffset, VkDeviceSize allocSize)
       |                                                               ^
       |                                                                            _Nonnull
../subprojects/VulkanMemoryAllocator/include/vk_mem_alloc.h:10852:66: warning: pointer is missing a nullability type specifier (_Nonnull, _Nullable, or _Null_unspecified) [-Wnullability-completeness]
 10852 | VkResult VmaDeviceMemoryBlock::ValidateMagicValueAfterAllocation(VmaAllocator hAllocator, VkDeviceSize allocOffset, VkDeviceSize allocSize)
       |                                                                  ^
../subprojects/VulkanMemoryAllocator/include/vk_mem_alloc.h:10852:66: note: insert '_Nullable' if the pointer may be null
 10852 | VkResult VmaDeviceMemoryBlock::ValidateMagicValueAfterAllocation(VmaAllocator hAllocator, VkDeviceSize allocOffset, VkDeviceSize allocSize)
       |                                                                  ^
       |                                                                               _Nullable
../subprojects/VulkanMemoryAllocator/include/vk_mem_alloc.h:10852:66: note: insert '_Nonnull' if the pointer should never be null
 10852 | VkResult VmaDeviceMemoryBlock::ValidateMagicValueAfterAllocation(VmaAllocator hAllocator, VkDeviceSize allocOffset, VkDeviceSize allocSize)
       |                                                                  ^
       |                                                                               _Nonnull
../subprojects/VulkanMemoryAllocator/include/vk_mem_alloc.h:10873:5: warning: pointer is missing a nullability type specifier (_Nonnull, _Nullable, or _Null_unspecified) [-Wnullability-completeness]
 10873 |     VmaAllocator hAllocator,
       |     ^
../subprojects/VulkanMemoryAllocator/include/vk_mem_alloc.h:10873:5: note: insert '_Nullable' if the pointer may be null
 10873 |     VmaAllocator hAllocator,
       |     ^
       |                  _Nullable
../subprojects/VulkanMemoryAllocator/include/vk_mem_alloc.h:10873:5: note: insert '_Nonnull' if the pointer should never be null
 10873 |     VmaAllocator hAllocator,
       |     ^
       |                  _Nonnull
../subprojects/VulkanMemoryAllocator/include/vk_mem_alloc.h:10874:5: warning: pointer is missing a nullability type specifier (_Nonnull, _Nullable, or _Null_unspecified) [-Wnullability-completeness]
 10874 |     VmaAllocation hAllocation,
       |     ^
../subprojects/VulkanMemoryAllocator/include/vk_mem_alloc.h:10874:5: note: insert '_Nullable' if the pointer may be null
 10874 |     VmaAllocation hAllocation,
       |     ^
       |                   _Nullable
../subprojects/VulkanMemoryAllocator/include/vk_mem_alloc.h:10874:5: note: insert '_Nonnull' if the pointer should never be null
 10874 |     VmaAllocation hAllocation,
       |     ^
       |                   _Nonnull
../subprojects/VulkanMemoryAllocator/include/vk_mem_alloc.h:10876:5: warning: pointer is missing a nullability type specifier (_Nonnull, _Nullable, or _Null_unspecified) [-Wnullability-completeness]
 10876 |     VkBuffer hBuffer,
       |     ^
../subprojects/VulkanMemoryAllocator/include/vk_mem_alloc.h:10876:5: note: insert '_Nullable' if the pointer may be null
 10876 |     VkBuffer hBuffer,
       |     ^
       |              _Nullable
../subprojects/VulkanMemoryAllocator/include/vk_mem_alloc.h:10876:5: note: insert '_Nonnull' if the pointer should never be null
 10876 |     VkBuffer hBuffer,
       |     ^
       |              _Nonnull
../subprojects/VulkanMemoryAllocator/include/vk_mem_alloc.h:10877:15: warning: pointer is missing a nullability type specifier (_Nonnull, _Nullable, or _Null_unspecified) [-Wnullability-completeness]
 10877 |     const void* pNext)
       |               ^
../subprojects/VulkanMemoryAllocator/include/vk_mem_alloc.h:10877:15: note: insert '_Nullable' if the pointer may be null
 10877 |     const void* pNext)
       |               ^
       |                 _Nullable
../subprojects/VulkanMemoryAllocator/include/vk_mem_alloc.h:10877:15: note: insert '_Nonnull' if the pointer should never be null
 10877 |     const void* pNext)
       |               ^
       |                 _Nonnull
../subprojects/VulkanMemoryAllocator/include/vk_mem_alloc.h:10890:5: warning: pointer is missing a nullability type specifier (_Nonnull, _Nullable, or _Null_unspecified) [-Wnullability-completeness]
 10890 |     VmaAllocator hAllocator,
       |     ^
../subprojects/VulkanMemoryAllocator/include/vk_mem_alloc.h:10890:5: note: insert '_Nullable' if the pointer may be null
 10890 |     VmaAllocator hAllocator,
       |     ^
       |                  _Nullable
../subprojects/VulkanMemoryAllocator/include/vk_mem_alloc.h:10890:5: note: insert '_Nonnull' if the pointer should never be null
 10890 |     VmaAllocator hAllocator,
       |     ^
       |                  _Nonnull
../subprojects/VulkanMemoryAllocator/include/vk_mem_alloc.h:10891:5: warning: pointer is missing a nullability type specifier (_Nonnull, _Nullable, or _Null_unspecified) [-Wnullability-completeness]
 10891 |     VmaAllocation hAllocation,
       |     ^
../subprojects/VulkanMemoryAllocator/include/vk_mem_alloc.h:10891:5: note: insert '_Nullable' if the pointer may be null
 10891 |     VmaAllocation hAllocation,
       |     ^
       |                   _Nullable
../subprojects/VulkanMemoryAllocator/include/vk_mem_alloc.h:10891:5: note: insert '_Nonnull' if the pointer should never be null
 10891 |     VmaAllocation hAllocation,
       |     ^
       |                   _Nonnull
../subprojects/VulkanMemoryAllocator/include/vk_mem_alloc.h:10893:5: warning: pointer is missing a nullability type specifier (_Nonnull, _Nullable, or _Null_unspecified) [-Wnullability-completeness]
 10893 |     VkImage hImage,
       |     ^
../subprojects/VulkanMemoryAllocator/include/vk_mem_alloc.h:10893:5: note: insert '_Nullable' if the pointer may be null
 10893 |     VkImage hImage,
       |     ^
       |             _Nullable
../subprojects/VulkanMemoryAllocator/include/vk_mem_alloc.h:10893:5: note: insert '_Nonnull' if the pointer should never be null
 10893 |     VkImage hImage,
       |     ^
       |             _Nonnull
../subprojects/VulkanMemoryAllocator/include/vk_mem_alloc.h:10894:15: warning: pointer is missing a nullability type specifier (_Nonnull, _Nullable, or _Null_unspecified) [-Wnullability-completeness]
 10894 |     const void* pNext)
       |               ^
../subprojects/VulkanMemoryAllocator/include/vk_mem_alloc.h:10894:15: note: insert '_Nullable' if the pointer may be null
 10894 |     const void* pNext)
       |               ^
       |                 _Nullable
../subprojects/VulkanMemoryAllocator/include/vk_mem_alloc.h:10894:15: note: insert '_Nonnull' if the pointer should never be null
 10894 |     const void* pNext)
       |               ^
       |                 _Nonnull
../subprojects/VulkanMemoryAllocator/include/vk_mem_alloc.h:10907:56: warning: pointer is missing a nullability type specifier (_Nonnull, _Nullable, or _Null_unspecified) [-Wnullability-completeness]
 10907 | VkResult VmaDeviceMemoryBlock::CreateWin32Handle(const VmaAllocator hAllocator, PFN_vkGetMemoryWin32HandleKHR pvkGetMemoryWin32HandleKHR, HANDLE hTargetProcess, HANDLE* pHandle) noexcept
       |                                                        ^
../subprojects/VulkanMemoryAllocator/include/vk_mem_alloc.h:10907:56: note: insert '_Nullable' if the pointer may be null
 10907 | VkResult VmaDeviceMemoryBlock::CreateWin32Handle(const VmaAllocator hAllocator, PFN_vkGetMemoryWin32HandleKHR pvkGetMemoryWin32HandleKHR, HANDLE hTargetProcess, HANDLE* pHandle) noexcept
       |                                                        ^
       |                                                                     _Nullable
../subprojects/VulkanMemoryAllocator/include/vk_mem_alloc.h:10907:56: note: insert '_Nonnull' if the pointer should never be null
 10907 | VkResult VmaDeviceMemoryBlock::CreateWin32Handle(const VmaAllocator hAllocator, PFN_vkGetMemoryWin32HandleKHR pvkGetMemoryWin32HandleKHR, HANDLE hTargetProcess, HANDLE* pHandle) noexcept
       |                                                        ^
       |                                                                     _Nonnull
../subprojects/VulkanMemoryAllocator/include/vk_mem_alloc.h:10907:81: warning: pointer is missing a nullability type specifier (_Nonnull, _Nullable, or _Null_unspecified) [-Wnullability-completeness]
 10907 | VkResult VmaDeviceMemoryBlock::CreateWin32Handle(const VmaAllocator hAllocator, PFN_vkGetMemoryWin32HandleKHR pvkGetMemoryWin32HandleKHR, HANDLE hTargetProcess, HANDLE* pHandle) noexcept
       |                                                                                 ^
../subprojects/VulkanMemoryAllocator/include/vk_mem_alloc.h:10907:81: note: insert '_Nullable' if the pointer may be null
 10907 | VkResult VmaDeviceMemoryBlock::CreateWin32Handle(const VmaAllocator hAllocator, PFN_vkGetMemoryWin32HandleKHR pvkGetMemoryWin32HandleKHR, HANDLE hTargetProcess, HANDLE* pHandle) noexcept
       |                                                                                 ^
       |                                                                                                               _Nullable
../subprojects/VulkanMemoryAllocator/include/vk_mem_alloc.h:10907:81: note: insert '_Nonnull' if the pointer should never be null
 10907 | VkResult VmaDeviceMemoryBlock::CreateWin32Handle(const VmaAllocator hAllocator, PFN_vkGetMemoryWin32HandleKHR pvkGetMemoryWin32HandleKHR, HANDLE hTargetProcess, HANDLE* pHandle) noexcept
       |                                                                                 ^
       |                                                                                                               _Nonnull
../subprojects/VulkanMemoryAllocator/include/vk_mem_alloc.h:10907:139: warning: pointer is missing a nullability type specifier (_Nonnull, _Nullable, or _Null_unspecified) [-Wnullability-completeness]
 10907 | VkResult VmaDeviceMemoryBlock::CreateWin32Handle(const VmaAllocator hAllocator, PFN_vkGetMemoryWin32HandleKHR pvkGetMemoryWin32HandleKHR, HANDLE hTargetProcess, HANDLE* pHandle) noexcept
       |                                                                                                                                           ^
../subprojects/VulkanMemoryAllocator/include/vk_mem_alloc.h:10907:139: note: insert '_Nullable' if the pointer may be null
 10907 | VkResult VmaDeviceMemoryBlock::CreateWin32Handle(const VmaAllocator hAllocator, PFN_vkGetMemoryWin32HandleKHR pvkGetMemoryWin32HandleKHR, HANDLE hTargetProcess, HANDLE* pHandle) noexcept
       |                                                                                                                                           ^
       |                                                                                                                                                  _Nullable
../subprojects/VulkanMemoryAllocator/include/vk_mem_alloc.h:10907:139: note: insert '_Nonnull' if the pointer should never be null
 10907 | VkResult VmaDeviceMemoryBlock::CreateWin32Handle(const VmaAllocator hAllocator, PFN_vkGetMemoryWin32HandleKHR pvkGetMemoryWin32HandleKHR, HANDLE hTargetProcess, HANDLE* pHandle) noexcept
       |                                                                                                                                           ^
       |                                                                                                                                                  _Nonnull
../subprojects/VulkanMemoryAllocator/include/vk_mem_alloc.h:10907:162: warning: pointer is missing a nullability type specifier (_Nonnull, _Nullable, or _Null_unspecified) [-Wnullability-completeness]
 10907 | VkResult VmaDeviceMemoryBlock::CreateWin32Handle(const VmaAllocator hAllocator, PFN_vkGetMemoryWin32HandleKHR pvkGetMemoryWin32HandleKHR, HANDLE hTargetProcess, HANDLE* pHandle) noexcept
       |                                                                                                                                                                  ^
../subprojects/VulkanMemoryAllocator/include/vk_mem_alloc.h:10907:162: note: insert '_Nullable' if the pointer may be null
 10907 | VkResult VmaDeviceMemoryBlock::CreateWin32Handle(const VmaAllocator hAllocator, PFN_vkGetMemoryWin32HandleKHR pvkGetMemoryWin32HandleKHR, HANDLE hTargetProcess, HANDLE* pHandle) noexcept
       |                                                                                                                                                                  ^     
       |                                                                                                                                                                         _Nullable 
../subprojects/VulkanMemoryAllocator/include/vk_mem_alloc.h:10907:162: note: insert '_Nonnull' if the pointer should never be null
 10907 | VkResult VmaDeviceMemoryBlock::CreateWin32Handle(const VmaAllocator hAllocator, PFN_vkGetMemoryWin32HandleKHR pvkGetMemoryWin32HandleKHR, HANDLE hTargetProcess, HANDLE* pHandle) noexcept
       |                                                                                                                                                                  ^     
       |                                                                                                                                                                         _Nonnull 
../subprojects/VulkanMemoryAllocator/include/vk_mem_alloc.h:10907:168: warning: pointer is missing a nullability type specifier (_Nonnull, _Nullable, or _Null_unspecified) [-Wnullability-completeness]
 10907 | VkResult VmaDeviceMemoryBlock::CreateWin32Handle(const VmaAllocator hAllocator, PFN_vkGetMemoryWin32HandleKHR pvkGetMemoryWin32HandleKHR, HANDLE hTargetProcess, HANDLE* pHandle) noexcept
       |                                                                                                                                                                        ^
../subprojects/VulkanMemoryAllocator/include/vk_mem_alloc.h:10907:168: note: insert '_Nullable' if the pointer may be null
 10907 | VkResult VmaDeviceMemoryBlock::CreateWin32Handle(const VmaAllocator hAllocator, PFN_vkGetMemoryWin32HandleKHR pvkGetMemoryWin32HandleKHR, HANDLE hTargetProcess, HANDLE* pHandle) noexcept
       |                                                                                                                                                                        ^
       |                                                                                                                                                                          _Nullable
../subprojects/VulkanMemoryAllocator/include/vk_mem_alloc.h:10907:168: note: insert '_Nonnull' if the pointer should never be null
 10907 | VkResult VmaDeviceMemoryBlock::CreateWin32Handle(const VmaAllocator hAllocator, PFN_vkGetMemoryWin32HandleKHR pvkGetMemoryWin32HandleKHR, HANDLE hTargetProcess, HANDLE* pHandle) noexcept
       |                                                                                                                                                                        ^
       |                                                                                                                                                                          _Nonnull
../subprojects/VulkanMemoryAllocator/include/vk_mem_alloc.h:10940:25: warning: pointer is missing a nullability type specifier (_Nonnull, _Nullable, or _Null_unspecified) [-Wnullability-completeness]
 10940 |     VmaDeviceMemoryBlock* block,
       |                         ^
../subprojects/VulkanMemoryAllocator/include/vk_mem_alloc.h:10940:25: note: insert '_Nullable' if the pointer may be null
 10940 |     VmaDeviceMemoryBlock* block,
       |                         ^
       |                           _Nullable
../subprojects/VulkanMemoryAllocator/include/vk_mem_alloc.h:10940:25: note: insert '_Nonnull' if the pointer should never be null
 10940 |     VmaDeviceMemoryBlock* block,
       |                         ^
       |                           _Nonnull
../subprojects/VulkanMemoryAllocator/include/vk_mem_alloc.h:10941:5: warning: pointer is missing a nullability type specifier (_Nonnull, _Nullable, or _Null_unspecified) [-Wnullability-completeness]
 10941 |     VmaAllocHandle allocHandle,
       |     ^
../subprojects/VulkanMemoryAllocator/include/vk_mem_alloc.h:10941:5: note: insert '_Nullable' if the pointer may be null
 10941 |     VmaAllocHandle allocHandle,
       |     ^
       |                    _Nullable
../subprojects/VulkanMemoryAllocator/include/vk_mem_alloc.h:10941:5: note: insert '_Nonnull' if the pointer should never be null
 10941 |     VmaAllocHandle allocHandle,
       |     ^
       |                    _Nonnull
../subprojects/VulkanMemoryAllocator/include/vk_mem_alloc.h:10965:5: warning: pointer is missing a nullability type specifier (_Nonnull, _Nullable, or _Null_unspecified) [-Wnullability-completeness]
 10965 |     VmaAllocator allocator,
       |     ^
../subprojects/VulkanMemoryAllocator/include/vk_mem_alloc.h:10965:5: note: insert '_Nullable' if the pointer may be null
 10965 |     VmaAllocator allocator,
       |     ^
       |                  _Nullable
../subprojects/VulkanMemoryAllocator/include/vk_mem_alloc.h:10965:5: note: insert '_Nonnull' if the pointer should never be null
 10965 |     VmaAllocator allocator,
       |     ^
       |                  _Nonnull
../subprojects/VulkanMemoryAllocator/include/vk_mem_alloc.h:10966:5: warning: pointer is missing a nullability type specifier (_Nonnull, _Nullable, or _Null_unspecified) [-Wnullability-completeness]
 10966 |     VmaPool hParentPool,
       |     ^
../subprojects/VulkanMemoryAllocator/include/vk_mem_alloc.h:10966:5: note: insert '_Nullable' if the pointer may be null
 10966 |     VmaPool hParentPool,
       |     ^
       |             _Nullable
../subprojects/VulkanMemoryAllocator/include/vk_mem_alloc.h:10966:5: note: insert '_Nonnull' if the pointer should never be null
 10966 |     VmaPool hParentPool,
       |     ^
       |             _Nonnull
../subprojects/VulkanMemoryAllocator/include/vk_mem_alloc.h:10968:5: warning: pointer is missing a nullability type specifier (_Nonnull, _Nullable, or _Null_unspecified) [-Wnullability-completeness]
 10968 |     VkDeviceMemory hMemory,
       |     ^
../subprojects/VulkanMemoryAllocator/include/vk_mem_alloc.h:10968:5: note: insert '_Nullable' if the pointer may be null
 10968 |     VkDeviceMemory hMemory,
       |     ^
       |                    _Nullable
../subprojects/VulkanMemoryAllocator/include/vk_mem_alloc.h:10968:5: note: insert '_Nonnull' if the pointer should never be null
 10968 |     VkDeviceMemory hMemory,
       |     ^
       |                    _Nonnull
../subprojects/VulkanMemoryAllocator/include/vk_mem_alloc.h:10970:9: warning: pointer is missing a nullability type specifier (_Nonnull, _Nullable, or _Null_unspecified) [-Wnullability-completeness]
 10970 |     void* pMappedData,
       |         ^
../subprojects/VulkanMemoryAllocator/include/vk_mem_alloc.h:10970:9: note: insert '_Nullable' if the pointer may be null
 10970 |     void* pMappedData,
       |         ^
       |           _Nullable
../subprojects/VulkanMemoryAllocator/include/vk_mem_alloc.h:10970:9: note: insert '_Nonnull' if the pointer should never be null
 10970 |     void* pMappedData,
       |         ^
       |           _Nonnull
../subprojects/VulkanMemoryAllocator/include/vk_mem_alloc.h:10995:31: warning: pointer is missing a nullability type specifier (_Nonnull, _Nullable, or _Null_unspecified) [-Wnullability-completeness]
 10995 | void VmaAllocation_T::Destroy(VmaAllocator allocator)
       |                               ^
../subprojects/VulkanMemoryAllocator/include/vk_mem_alloc.h:10995:31: note: insert '_Nullable' if the pointer may be null
 10995 | void VmaAllocation_T::Destroy(VmaAllocator allocator)
       |                               ^
       |                                            _Nullable
../subprojects/VulkanMemoryAllocator/include/vk_mem_alloc.h:10995:31: note: insert '_Nonnull' if the pointer should never be null
 10995 | void VmaAllocation_T::Destroy(VmaAllocator allocator)
       |                               ^
       |                                            _Nonnull
../subprojects/VulkanMemoryAllocator/include/vk_mem_alloc.h:11005:31: warning: pointer is missing a nullability type specifier (_Nonnull, _Nullable, or _Null_unspecified) [-Wnullability-completeness]
 11005 | void VmaAllocation_T::SetName(VmaAllocator hAllocator, const char* pName)
       |                               ^
../subprojects/VulkanMemoryAllocator/include/vk_mem_alloc.h:11005:31: note: insert '_Nullable' if the pointer may be null
 11005 | void VmaAllocation_T::SetName(VmaAllocator hAllocator, const char* pName)
       |                               ^
       |                                            _Nullable
../subprojects/VulkanMemoryAllocator/include/vk_mem_alloc.h:11005:31: note: insert '_Nonnull' if the pointer should never be null
 11005 | void VmaAllocation_T::SetName(VmaAllocator hAllocator, const char* pName)
       |                               ^
       |                                            _Nonnull
../subprojects/VulkanMemoryAllocator/include/vk_mem_alloc.h:11005:66: warning: pointer is missing a nullability type specifier (_Nonnull, _Nullable, or _Null_unspecified) [-Wnullability-completeness]
 11005 | void VmaAllocation_T::SetName(VmaAllocator hAllocator, const char* pName)
       |                                                                  ^
../subprojects/VulkanMemoryAllocator/include/vk_mem_alloc.h:11005:66: note: insert '_Nullable' if the pointer may be null
 11005 | void VmaAllocation_T::SetName(VmaAllocator hAllocator, const char* pName)
       |                                                                  ^
       |                                                                    _Nullable
../subprojects/VulkanMemoryAllocator/include/vk_mem_alloc.h:11005:66: note: insert '_Nonnull' if the pointer should never be null
 11005 | void VmaAllocation_T::SetName(VmaAllocator hAllocator, const char* pName)
       |                                                                  ^
       |                                                                    _Nonnull
../subprojects/VulkanMemoryAllocator/include/vk_mem_alloc.h:11015:46: warning: pointer is missing a nullability type specifier (_Nonnull, _Nullable, or _Null_unspecified) [-Wnullability-completeness]
 11015 | uint8_t VmaAllocation_T::SwapBlockAllocation(VmaAllocator hAllocator, VmaAllocation allocation)
       |                                              ^
../subprojects/VulkanMemoryAllocator/include/vk_mem_alloc.h:11015:46: note: insert '_Nullable' if the pointer may be null
 11015 | uint8_t VmaAllocation_T::SwapBlockAllocation(VmaAllocator hAllocator, VmaAllocation allocation)
       |                                              ^
       |                                                           _Nullable
../subprojects/VulkanMemoryAllocator/include/vk_mem_alloc.h:11015:46: note: insert '_Nonnull' if the pointer should never be null
 11015 | uint8_t VmaAllocation_T::SwapBlockAllocation(VmaAllocator hAllocator, VmaAllocation allocation)
       |                                              ^
       |                                                           _Nonnull
../subprojects/VulkanMemoryAllocator/include/vk_mem_alloc.h:11015:71: warning: pointer is missing a nullability type specifier (_Nonnull, _Nullable, or _Null_unspecified) [-Wnullability-completeness]
 11015 | uint8_t VmaAllocation_T::SwapBlockAllocation(VmaAllocator hAllocator, VmaAllocation allocation)
       |                                                                       ^
../subprojects/VulkanMemoryAllocator/include/vk_mem_alloc.h:11015:71: note: insert '_Nullable' if the pointer may be null
 11015 | uint8_t VmaAllocation_T::SwapBlockAllocation(VmaAllocator hAllocator, VmaAllocation allocation)
       |                                                                       ^
       |                                                                                     _Nullable
../subprojects/VulkanMemoryAllocator/include/vk_mem_alloc.h:11015:71: note: insert '_Nonnull' if the pointer should never be null
 11015 | uint8_t VmaAllocation_T::SwapBlockAllocation(VmaAllocator hAllocator, VmaAllocation allocation)
       |                                                                       ^
       |                                                                                     _Nonnull
../subprojects/VulkanMemoryAllocator/include/vk_mem_alloc.h:11034:1: warning: pointer is missing a nullability type specifier (_Nonnull, _Nullable, or _Null_unspecified) [-Wnullability-completeness]
 11034 | VmaAllocHandle VmaAllocation_T::GetAllocHandle() const
       | ^
../subprojects/VulkanMemoryAllocator/include/vk_mem_alloc.h:11034:1: note: insert '_Nullable' if the pointer may be null
 11034 | VmaAllocHandle VmaAllocation_T::GetAllocHandle() const
       | ^
       |                _Nullable
../subprojects/VulkanMemoryAllocator/include/vk_mem_alloc.h:11034:1: note: insert '_Nonnull' if the pointer should never be null
 11034 | VmaAllocHandle VmaAllocation_T::GetAllocHandle() const
       | ^
       |                _Nonnull
../subprojects/VulkanMemoryAllocator/include/vk_mem_alloc.h:11062:1: warning: pointer is missing a nullability type specifier (_Nonnull, _Nullable, or _Null_unspecified) [-Wnullability-completeness]
 11062 | VmaPool VmaAllocation_T::GetParentPool() const
       | ^
../subprojects/VulkanMemoryAllocator/include/vk_mem_alloc.h:11062:1: note: insert '_Nullable' if the pointer may be null
 11062 | VmaPool VmaAllocation_T::GetParentPool() const
       | ^
       |         _Nullable
../subprojects/VulkanMemoryAllocator/include/vk_mem_alloc.h:11062:1: note: insert '_Nonnull' if the pointer should never be null
 11062 | VmaPool VmaAllocation_T::GetParentPool() const
       | ^
       |         _Nonnull
../subprojects/VulkanMemoryAllocator/include/vk_mem_alloc.h:11076:1: warning: pointer is missing a nullability type specifier (_Nonnull, _Nullable, or _Null_unspecified) [-Wnullability-completeness]
 11076 | VkDeviceMemory VmaAllocation_T::GetMemory() const
       | ^
../subprojects/VulkanMemoryAllocator/include/vk_mem_alloc.h:11076:1: note: insert '_Nullable' if the pointer may be null
 11076 | VkDeviceMemory VmaAllocation_T::GetMemory() const
       | ^
       |                _Nullable
../subprojects/VulkanMemoryAllocator/include/vk_mem_alloc.h:11076:1: note: insert '_Nonnull' if the pointer should never be null
 11076 | VkDeviceMemory VmaAllocation_T::GetMemory() const
       | ^
       |                _Nonnull
../subprojects/VulkanMemoryAllocator/include/vk_mem_alloc.h:11090:5: warning: pointer is missing a nullability type specifier (_Nonnull, _Nullable, or _Null_unspecified) [-Wnullability-completeness]
 11090 | void* VmaAllocation_T::GetMappedData() const
       |     ^
../subprojects/VulkanMemoryAllocator/include/vk_mem_alloc.h:11090:5: note: insert '_Nullable' if the pointer may be null
 11090 | void* VmaAllocation_T::GetMappedData() const
       |     ^
       |       _Nullable
../subprojects/VulkanMemoryAllocator/include/vk_mem_alloc.h:11090:5: note: insert '_Nonnull' if the pointer should never be null
 11090 | void* VmaAllocation_T::GetMappedData() const
       |     ^
       |       _Nonnull
../subprojects/VulkanMemoryAllocator/include/vk_mem_alloc.h:11145:45: warning: pointer is missing a nullability type specifier (_Nonnull, _Nullable, or _Null_unspecified) [-Wnullability-completeness]
 11145 | VkResult VmaAllocation_T::DedicatedAllocMap(VmaAllocator hAllocator, void** ppData)
       |                                             ^
../subprojects/VulkanMemoryAllocator/include/vk_mem_alloc.h:11145:45: note: insert '_Nullable' if the pointer may be null
 11145 | VkResult VmaAllocation_T::DedicatedAllocMap(VmaAllocator hAllocator, void** ppData)
       |                                             ^
       |                                                          _Nullable
../subprojects/VulkanMemoryAllocator/include/vk_mem_alloc.h:11145:45: note: insert '_Nonnull' if the pointer should never be null
 11145 | VkResult VmaAllocation_T::DedicatedAllocMap(VmaAllocator hAllocator, void** ppData)
       |                                             ^
       |                                                          _Nonnull
../subprojects/VulkanMemoryAllocator/include/vk_mem_alloc.h:11145:74: warning: pointer is missing a nullability type specifier (_Nonnull, _Nullable, or _Null_unspecified) [-Wnullability-completeness]
 11145 | VkResult VmaAllocation_T::DedicatedAllocMap(VmaAllocator hAllocator, void** ppData)
       |                                                                          ^
../subprojects/VulkanMemoryAllocator/include/vk_mem_alloc.h:11145:74: note: insert '_Nullable' if the pointer may be null
 11145 | VkResult VmaAllocation_T::DedicatedAllocMap(VmaAllocator hAllocator, void** ppData)
       |                                                                          ^
       |                                                                           _Nullable
../subprojects/VulkanMemoryAllocator/include/vk_mem_alloc.h:11145:74: note: insert '_Nonnull' if the pointer should never be null
 11145 | VkResult VmaAllocation_T::DedicatedAllocMap(VmaAllocator hAllocator, void** ppData)
       |                                                                          ^
       |                                                                           _Nonnull
../subprojects/VulkanMemoryAllocator/include/vk_mem_alloc.h:11145:75: warning: pointer is missing a nullability type specifier (_Nonnull, _Nullable, or _Null_unspecified) [-Wnullability-completeness]
 11145 | VkResult VmaAllocation_T::DedicatedAllocMap(VmaAllocator hAllocator, void** ppData)
       |                                                                           ^
../subprojects/VulkanMemoryAllocator/include/vk_mem_alloc.h:11145:75: note: insert '_Nullable' if the pointer may be null
 11145 | VkResult VmaAllocation_T::DedicatedAllocMap(VmaAllocator hAllocator, void** ppData)
       |                                                                           ^
       |                                                                             _Nullable
../subprojects/VulkanMemoryAllocator/include/vk_mem_alloc.h:11145:75: note: insert '_Nonnull' if the pointer should never be null
 11145 | VkResult VmaAllocation_T::DedicatedAllocMap(VmaAllocator hAllocator, void** ppData)
       |                                                                           ^
       |                                                                             _Nonnull
../subprojects/VulkanMemoryAllocator/include/vk_mem_alloc.h:11181:43: warning: pointer is missing a nullability type specifier (_Nonnull, _Nullable, or _Null_unspecified) [-Wnullability-completeness]
 11181 | void VmaAllocation_T::DedicatedAllocUnmap(VmaAllocator hAllocator)
       |                                           ^
../subprojects/VulkanMemoryAllocator/include/vk_mem_alloc.h:11181:43: note: insert '_Nullable' if the pointer may be null
 11181 | void VmaAllocation_T::DedicatedAllocUnmap(VmaAllocator hAllocator)
       |                                           ^
       |                                                        _Nullable
../subprojects/VulkanMemoryAllocator/include/vk_mem_alloc.h:11181:43: note: insert '_Nonnull' if the pointer should never be null
 11181 | void VmaAllocation_T::DedicatedAllocUnmap(VmaAllocator hAllocator)
       |                                           ^
       |                                                        _Nonnull
../subprojects/VulkanMemoryAllocator/include/vk_mem_alloc.h:11228:42: warning: pointer is missing a nullability type specifier (_Nonnull, _Nullable, or _Null_unspecified) [-Wnullability-completeness]
 11228 | VkResult VmaAllocation_T::GetWin32Handle(VmaAllocator hAllocator, HANDLE hTargetProcess, HANDLE* pHandle) noexcept
       |                                          ^
../subprojects/VulkanMemoryAllocator/include/vk_mem_alloc.h:11228:42: note: insert '_Nullable' if the pointer may be null
 11228 | VkResult VmaAllocation_T::GetWin32Handle(VmaAllocator hAllocator, HANDLE hTargetProcess, HANDLE* pHandle) noexcept
       |                                          ^
       |                                                       _Nullable
../subprojects/VulkanMemoryAllocator/include/vk_mem_alloc.h:11228:42: note: insert '_Nonnull' if the pointer should never be null
 11228 | VkResult VmaAllocation_T::GetWin32Handle(VmaAllocator hAllocator, HANDLE hTargetProcess, HANDLE* pHandle) noexcept
       |                                          ^
       |                                                       _Nonnull
../subprojects/VulkanMemoryAllocator/include/vk_mem_alloc.h:11228:67: warning: pointer is missing a nullability type specifier (_Nonnull, _Nullable, or _Null_unspecified) [-Wnullability-completeness]
 11228 | VkResult VmaAllocation_T::GetWin32Handle(VmaAllocator hAllocator, HANDLE hTargetProcess, HANDLE* pHandle) noexcept
       |                                                                   ^
../subprojects/VulkanMemoryAllocator/include/vk_mem_alloc.h:11228:67: note: insert '_Nullable' if the pointer may be null
 11228 | VkResult VmaAllocation_T::GetWin32Handle(VmaAllocator hAllocator, HANDLE hTargetProcess, HANDLE* pHandle) noexcept
       |                                                                   ^
       |                                                                          _Nullable
../subprojects/VulkanMemoryAllocator/include/vk_mem_alloc.h:11228:67: note: insert '_Nonnull' if the pointer should never be null
 11228 | VkResult VmaAllocation_T::GetWin32Handle(VmaAllocator hAllocator, HANDLE hTargetProcess, HANDLE* pHandle) noexcept
       |                                                                   ^
       |                                                                          _Nonnull
../subprojects/VulkanMemoryAllocator/include/vk_mem_alloc.h:11228:90: warning: pointer is missing a nullability type specifier (_Nonnull, _Nullable, or _Null_unspecified) [-Wnullability-completeness]
 11228 | VkResult VmaAllocation_T::GetWin32Handle(VmaAllocator hAllocator, HANDLE hTargetProcess, HANDLE* pHandle) noexcept
       |                                                                                          ^
../subprojects/VulkanMemoryAllocator/include/vk_mem_alloc.h:11228:90: note: insert '_Nullable' if the pointer may be null
 11228 | VkResult VmaAllocation_T::GetWin32Handle(VmaAllocator hAllocator, HANDLE hTargetProcess, HANDLE* pHandle) noexcept
       |                                                                                          ^     
       |                                                                                                 _Nullable 
../subprojects/VulkanMemoryAllocator/include/vk_mem_alloc.h:11228:90: note: insert '_Nonnull' if the pointer should never be null
 11228 | VkResult VmaAllocation_T::GetWin32Handle(VmaAllocator hAllocator, HANDLE hTargetProcess, HANDLE* pHandle) noexcept
       |                                                                                          ^     
       |                                                                                                 _Nonnull 
../subprojects/VulkanMemoryAllocator/include/vk_mem_alloc.h:11228:96: warning: pointer is missing a nullability type specifier (_Nonnull, _Nullable, or _Null_unspecified) [-Wnullability-completeness]
 11228 | VkResult VmaAllocation_T::GetWin32Handle(VmaAllocator hAllocator, HANDLE hTargetProcess, HANDLE* pHandle) noexcept
       |                                                                                                ^
../subprojects/VulkanMemoryAllocator/include/vk_mem_alloc.h:11228:96: note: insert '_Nullable' if the pointer may be null
 11228 | VkResult VmaAllocation_T::GetWin32Handle(VmaAllocator hAllocator, HANDLE hTargetProcess, HANDLE* pHandle) noexcept
       |                                                                                                ^
       |                                                                                                  _Nullable
../subprojects/VulkanMemoryAllocator/include/vk_mem_alloc.h:11228:96: note: insert '_Nonnull' if the pointer should never be null
 11228 | VkResult VmaAllocation_T::GetWin32Handle(VmaAllocator hAllocator, HANDLE hTargetProcess, HANDLE* pHandle) noexcept
       |                                                                                                ^
       |                                                                                                  _Nonnull
../subprojects/VulkanMemoryAllocator/include/vk_mem_alloc.h:11246:39: warning: pointer is missing a nullability type specifier (_Nonnull, _Nullable, or _Null_unspecified) [-Wnullability-completeness]
 11246 | void VmaAllocation_T::EnsureExtraData(VmaAllocator hAllocator)
       |                                       ^
../subprojects/VulkanMemoryAllocator/include/vk_mem_alloc.h:11246:39: note: insert '_Nullable' if the pointer may be null
 11246 | void VmaAllocation_T::EnsureExtraData(VmaAllocator hAllocator)
       |                                       ^
       |                                                    _Nullable
../subprojects/VulkanMemoryAllocator/include/vk_mem_alloc.h:11246:39: note: insert '_Nonnull' if the pointer should never be null
 11246 | void VmaAllocation_T::EnsureExtraData(VmaAllocator hAllocator)
       |                                       ^
       |                                                    _Nonnull
../subprojects/VulkanMemoryAllocator/include/vk_mem_alloc.h:11254:32: warning: pointer is missing a nullability type specifier (_Nonnull, _Nullable, or _Null_unspecified) [-Wnullability-completeness]
 11254 | void VmaAllocation_T::FreeName(VmaAllocator hAllocator)
       |                                ^
../subprojects/VulkanMemoryAllocator/include/vk_mem_alloc.h:11254:32: note: insert '_Nullable' if the pointer may be null
 11254 | void VmaAllocation_T::FreeName(VmaAllocator hAllocator)
       |                                ^
       |                                             _Nullable
../subprojects/VulkanMemoryAllocator/include/vk_mem_alloc.h:11254:32: note: insert '_Nonnull' if the pointer should never be null
 11254 | void VmaAllocation_T::FreeName(VmaAllocator hAllocator)
       |                                ^
       |                                             _Nonnull
../subprojects/VulkanMemoryAllocator/include/vk_mem_alloc.h:11266:5: warning: pointer is missing a nullability type specifier (_Nonnull, _Nullable, or _Null_unspecified) [-Wnullability-completeness]
 11266 |     VmaAllocator hAllocator,
       |     ^
../subprojects/VulkanMemoryAllocator/include/vk_mem_alloc.h:11266:5: note: insert '_Nullable' if the pointer may be null
 11266 |     VmaAllocator hAllocator,
       |     ^
       |                  _Nullable
../subprojects/VulkanMemoryAllocator/include/vk_mem_alloc.h:11266:5: note: insert '_Nonnull' if the pointer should never be null
 11266 |     VmaAllocator hAllocator,
       |     ^
       |                  _Nonnull
../subprojects/VulkanMemoryAllocator/include/vk_mem_alloc.h:11267:5: warning: pointer is missing a nullability type specifier (_Nonnull, _Nullable, or _Null_unspecified) [-Wnullability-completeness]
 11267 |     VmaPool hParentPool,
       |     ^
../subprojects/VulkanMemoryAllocator/include/vk_mem_alloc.h:11267:5: note: insert '_Nullable' if the pointer may be null
 11267 |     VmaPool hParentPool,
       |     ^
       |             _Nullable
../subprojects/VulkanMemoryAllocator/include/vk_mem_alloc.h:11267:5: note: insert '_Nonnull' if the pointer should never be null
 11267 |     VmaPool hParentPool,
       |     ^
       |             _Nonnull
../subprojects/VulkanMemoryAllocator/include/vk_mem_alloc.h:11277:9: warning: pointer is missing a nullability type specifier (_Nonnull, _Nullable, or _Null_unspecified) [-Wnullability-completeness]
 11277 |     void* pMemoryAllocateNext)
       |         ^
../subprojects/VulkanMemoryAllocator/include/vk_mem_alloc.h:11277:9: note: insert '_Nullable' if the pointer may be null
 11277 |     void* pMemoryAllocateNext)
       |         ^
       |           _Nullable
../subprojects/VulkanMemoryAllocator/include/vk_mem_alloc.h:11277:9: note: insert '_Nonnull' if the pointer should never be null
 11277 |     void* pMemoryAllocateNext)
       |         ^
       |           _Nonnull
../subprojects/VulkanMemoryAllocator/include/vk_mem_alloc.h:11364:5: warning: pointer is missing a nullability type specifier (_Nonnull, _Nullable, or _Null_unspecified) [-Wnullability-completeness]
 11364 |     VmaAllocation* pAllocations)
       |     ^
../subprojects/VulkanMemoryAllocator/include/vk_mem_alloc.h:11364:5: note: insert '_Nullable' if the pointer may be null
 11364 |     VmaAllocation* pAllocations)
       |     ^            
       |                   _Nullable 
../subprojects/VulkanMemoryAllocator/include/vk_mem_alloc.h:11364:5: note: insert '_Nonnull' if the pointer should never be null
 11364 |     VmaAllocation* pAllocations)
       |     ^            
       |                   _Nonnull 
../subprojects/VulkanMemoryAllocator/include/vk_mem_alloc.h:11364:18: warning: pointer is missing a nullability type specifier (_Nonnull, _Nullable, or _Null_unspecified) [-Wnullability-completeness]
 11364 |     VmaAllocation* pAllocations)
       |                  ^
../subprojects/VulkanMemoryAllocator/include/vk_mem_alloc.h:11364:18: note: insert '_Nullable' if the pointer may be null
 11364 |     VmaAllocation* pAllocations)
       |                  ^
       |                    _Nullable
../subprojects/VulkanMemoryAllocator/include/vk_mem_alloc.h:11364:18: note: insert '_Nonnull' if the pointer should never be null
 11364 |     VmaAllocation* pAllocations)
       |                  ^
       |                    _Nonnull
../subprojects/VulkanMemoryAllocator/include/vk_mem_alloc.h:11410:5: warning: pointer is missing a nullability type specifier (_Nonnull, _Nullable, or _Null_unspecified) [-Wnullability-completeness]
 11410 |     VmaAllocation* pAllocation)
       |     ^
../subprojects/VulkanMemoryAllocator/include/vk_mem_alloc.h:11410:5: note: insert '_Nullable' if the pointer may be null
 11410 |     VmaAllocation* pAllocation)
       |     ^            
       |                   _Nullable 
../subprojects/VulkanMemoryAllocator/include/vk_mem_alloc.h:11410:5: note: insert '_Nonnull' if the pointer should never be null
 11410 |     VmaAllocation* pAllocation)
       |     ^            
       |                   _Nonnull 
../subprojects/VulkanMemoryAllocator/include/vk_mem_alloc.h:11410:18: warning: pointer is missing a nullability type specifier (_Nonnull, _Nullable, or _Null_unspecified) [-Wnullability-completeness]
 11410 |     VmaAllocation* pAllocation)
       |                  ^
../subprojects/VulkanMemoryAllocator/include/vk_mem_alloc.h:11410:18: note: insert '_Nullable' if the pointer may be null
 11410 |     VmaAllocation* pAllocation)
       |                  ^
       |                    _Nullable
../subprojects/VulkanMemoryAllocator/include/vk_mem_alloc.h:11410:18: note: insert '_Nonnull' if the pointer should never be null
 11410 |     VmaAllocation* pAllocation)
       |                  ^
       |                    _Nonnull
../subprojects/VulkanMemoryAllocator/include/vk_mem_alloc.h:11607:27: warning: pointer is missing a nullability type specifier (_Nonnull, _Nullable, or _Null_unspecified) [-Wnullability-completeness]
 11607 | void VmaBlockVector::Free(VmaAllocation hAllocation)
       |                           ^
../subprojects/VulkanMemoryAllocator/include/vk_mem_alloc.h:11607:27: note: insert '_Nullable' if the pointer may be null
 11607 | void VmaBlockVector::Free(VmaAllocation hAllocation)
       |                           ^
       |                                         _Nullable
../subprojects/VulkanMemoryAllocator/include/vk_mem_alloc.h:11607:27: note: insert '_Nonnull' if the pointer should never be null
 11607 | void VmaBlockVector::Free(VmaAllocation hAllocation)
       |                           ^
       |                                         _Nonnull
../subprojects/VulkanMemoryAllocator/include/vk_mem_alloc.h:11698:49: warning: pointer is missing a nullability type specifier (_Nonnull, _Nullable, or _Null_unspecified) [-Wnullability-completeness]
 11698 | void VmaBlockVector::Remove(VmaDeviceMemoryBlock* pBlock)
       |                                                 ^
../subprojects/VulkanMemoryAllocator/include/vk_mem_alloc.h:11698:49: note: insert '_Nullable' if the pointer may be null
 11698 | void VmaBlockVector::Remove(VmaDeviceMemoryBlock* pBlock)
       |                                                 ^
       |                                                   _Nullable
../subprojects/VulkanMemoryAllocator/include/vk_mem_alloc.h:11698:49: note: insert '_Nonnull' if the pointer should never be null
 11698 | void VmaBlockVector::Remove(VmaDeviceMemoryBlock* pBlock)
       |                                                 ^
       |                                                   _Nonnull
../subprojects/VulkanMemoryAllocator/include/vk_mem_alloc.h:11739:25: warning: pointer is missing a nullability type specifier (_Nonnull, _Nullable, or _Null_unspecified) [-Wnullability-completeness]
 11739 |     VmaDeviceMemoryBlock* pBlock,
       |                         ^
../subprojects/VulkanMemoryAllocator/include/vk_mem_alloc.h:11739:25: note: insert '_Nullable' if the pointer may be null
 11739 |     VmaDeviceMemoryBlock* pBlock,
       |                         ^
       |                           _Nullable
../subprojects/VulkanMemoryAllocator/include/vk_mem_alloc.h:11739:25: note: insert '_Nonnull' if the pointer should never be null
 11739 |     VmaDeviceMemoryBlock* pBlock,
       |                         ^
       |                           _Nonnull
../subprojects/VulkanMemoryAllocator/include/vk_mem_alloc.h:11743:9: warning: pointer is missing a nullability type specifier (_Nonnull, _Nullable, or _Null_unspecified) [-Wnullability-completeness]
 11743 |     void* pUserData,
       |         ^
../subprojects/VulkanMemoryAllocator/include/vk_mem_alloc.h:11743:9: note: insert '_Nullable' if the pointer may be null
 11743 |     void* pUserData,
       |         ^
       |           _Nullable
../subprojects/VulkanMemoryAllocator/include/vk_mem_alloc.h:11743:9: note: insert '_Nonnull' if the pointer should never be null
 11743 |     void* pUserData,
       |         ^
       |           _Nonnull
../subprojects/VulkanMemoryAllocator/include/vk_mem_alloc.h:11746:5: warning: pointer is missing a nullability type specifier (_Nonnull, _Nullable, or _Null_unspecified) [-Wnullability-completeness]
 11746 |     VmaAllocation* pAllocation)
       |     ^
../subprojects/VulkanMemoryAllocator/include/vk_mem_alloc.h:11746:5: note: insert '_Nullable' if the pointer may be null
 11746 |     VmaAllocation* pAllocation)
       |     ^            
       |                   _Nullable 
../subprojects/VulkanMemoryAllocator/include/vk_mem_alloc.h:11746:5: note: insert '_Nonnull' if the pointer should never be null
 11746 |     VmaAllocation* pAllocation)
       |     ^            
       |                   _Nonnull 
../subprojects/VulkanMemoryAllocator/include/vk_mem_alloc.h:11746:18: warning: pointer is missing a nullability type specifier (_Nonnull, _Nullable, or _Null_unspecified) [-Wnullability-completeness]
 11746 |     VmaAllocation* pAllocation)
       |                  ^
../subprojects/VulkanMemoryAllocator/include/vk_mem_alloc.h:11746:18: note: insert '_Nullable' if the pointer may be null
 11746 |     VmaAllocation* pAllocation)
       |                  ^
       |                    _Nullable
../subprojects/VulkanMemoryAllocator/include/vk_mem_alloc.h:11746:18: note: insert '_Nonnull' if the pointer should never be null
 11746 |     VmaAllocation* pAllocation)
       |                  ^
       |                    _Nonnull
../subprojects/VulkanMemoryAllocator/include/vk_mem_alloc.h:11766:25: warning: pointer is missing a nullability type specifier (_Nonnull, _Nullable, or _Null_unspecified) [-Wnullability-completeness]
 11766 |     VmaDeviceMemoryBlock* pBlock,
       |                         ^
../subprojects/VulkanMemoryAllocator/include/vk_mem_alloc.h:11766:25: note: insert '_Nullable' if the pointer may be null
 11766 |     VmaDeviceMemoryBlock* pBlock,
       |                         ^
       |                           _Nullable
../subprojects/VulkanMemoryAllocator/include/vk_mem_alloc.h:11766:25: note: insert '_Nonnull' if the pointer should never be null
 11766 |     VmaDeviceMemoryBlock* pBlock,
       |                         ^
       |                           _Nonnull
../subprojects/VulkanMemoryAllocator/include/vk_mem_alloc.h:11769:9: warning: pointer is missing a nullability type specifier (_Nonnull, _Nullable, or _Null_unspecified) [-Wnullability-completeness]
 11769 |     void* pUserData,
       |         ^
../subprojects/VulkanMemoryAllocator/include/vk_mem_alloc.h:11769:9: note: insert '_Nullable' if the pointer may be null
 11769 |     void* pUserData,
       |         ^
       |           _Nullable
../subprojects/VulkanMemoryAllocator/include/vk_mem_alloc.h:11769:9: note: insert '_Nonnull' if the pointer should never be null
 11769 |     void* pUserData,
       |         ^
       |           _Nonnull
../subprojects/VulkanMemoryAllocator/include/vk_mem_alloc.h:11771:5: warning: pointer is missing a nullability type specifier (_Nonnull, _Nullable, or _Null_unspecified) [-Wnullability-completeness]
 11771 |     VmaAllocation* pAllocation)
       |     ^
../subprojects/VulkanMemoryAllocator/include/vk_mem_alloc.h:11771:5: note: insert '_Nullable' if the pointer may be null
 11771 |     VmaAllocation* pAllocation)
       |     ^            
       |                   _Nullable 
../subprojects/VulkanMemoryAllocator/include/vk_mem_alloc.h:11771:5: note: insert '_Nonnull' if the pointer should never be null
 11771 |     VmaAllocation* pAllocation)
       |     ^            
       |                   _Nonnull 
../subprojects/VulkanMemoryAllocator/include/vk_mem_alloc.h:11771:18: warning: pointer is missing a nullability type specifier (_Nonnull, _Nullable, or _Null_unspecified) [-Wnullability-completeness]
 11771 |     VmaAllocation* pAllocation)
       |                  ^
../subprojects/VulkanMemoryAllocator/include/vk_mem_alloc.h:11771:18: note: insert '_Nullable' if the pointer may be null
 11771 |     VmaAllocation* pAllocation)
       |                  ^
       |                    _Nullable
../subprojects/VulkanMemoryAllocator/include/vk_mem_alloc.h:11771:18: note: insert '_Nonnull' if the pointer should never be null
 11771 |     VmaAllocation* pAllocation)
       |                  ^
       |                    _Nonnull
../subprojects/VulkanMemoryAllocator/include/vk_mem_alloc.h:11817:68: warning: pointer is missing a nullability type specifier (_Nonnull, _Nullable, or _Null_unspecified) [-Wnullability-completeness]
 11817 | VkResult VmaBlockVector::CreateBlock(VkDeviceSize blockSize, size_t* pNewBlockIndex)
       |                                                                    ^
../subprojects/VulkanMemoryAllocator/include/vk_mem_alloc.h:11817:68: note: insert '_Nullable' if the pointer may be null
 11817 | VkResult VmaBlockVector::CreateBlock(VkDeviceSize blockSize, size_t* pNewBlockIndex)
       |                                                                    ^
       |                                                                      _Nullable
../subprojects/VulkanMemoryAllocator/include/vk_mem_alloc.h:11817:68: note: insert '_Nonnull' if the pointer should never be null
 11817 | VkResult VmaBlockVector::CreateBlock(VkDeviceSize blockSize, size_t* pNewBlockIndex)
       |                                                                    ^
       |                                                                      _Nonnull
../subprojects/VulkanMemoryAllocator/include/vk_mem_alloc.h:11946:5: warning: pointer is missing a nullability type specifier (_Nonnull, _Nullable, or _Null_unspecified) [-Wnullability-completeness]
 11946 |     VmaAllocator hAllocator,
       |     ^
../subprojects/VulkanMemoryAllocator/include/vk_mem_alloc.h:11946:5: note: insert '_Nullable' if the pointer may be null
 11946 |     VmaAllocator hAllocator,
       |     ^
       |                  _Nullable
../subprojects/VulkanMemoryAllocator/include/vk_mem_alloc.h:11946:5: note: insert '_Nonnull' if the pointer should never be null
 11946 |     VmaAllocator hAllocator,
       |     ^
       |                  _Nonnull
../subprojects/VulkanMemoryAllocator/include/vk_mem_alloc.h:12329:5: warning: pointer is missing a nullability type specifier (_Nonnull, _Nullable, or _Null_unspecified) [-Wnullability-completeness]
 12329 |     VmaAllocHandle handle, VmaBlockMetadata* metadata)
       |     ^
../subprojects/VulkanMemoryAllocator/include/vk_mem_alloc.h:12329:5: note: insert '_Nullable' if the pointer may be null
 12329 |     VmaAllocHandle handle, VmaBlockMetadata* metadata)
       |     ^
       |                    _Nullable
../subprojects/VulkanMemoryAllocator/include/vk_mem_alloc.h:12329:5: note: insert '_Nonnull' if the pointer should never be null
 12329 |     VmaAllocHandle handle, VmaBlockMetadata* metadata)
       |     ^
       |                    _Nonnull
../subprojects/VulkanMemoryAllocator/include/vk_mem_alloc.h:12329:44: warning: pointer is missing a nullability type specifier (_Nonnull, _Nullable, or _Null_unspecified) [-Wnullability-completeness]
 12329 |     VmaAllocHandle handle, VmaBlockMetadata* metadata)
       |                                            ^
../subprojects/VulkanMemoryAllocator/include/vk_mem_alloc.h:12329:44: note: insert '_Nullable' if the pointer may be null
 12329 |     VmaAllocHandle handle, VmaBlockMetadata* metadata)
       |                                            ^
       |                                              _Nullable
../subprojects/VulkanMemoryAllocator/include/vk_mem_alloc.h:12329:44: note: insert '_Nonnull' if the pointer should never be null
 12329 |     VmaAllocHandle handle, VmaBlockMetadata* metadata)
       |                                            ^
       |                                              _Nonnull
../subprojects/VulkanMemoryAllocator/include/vk_mem_alloc.h:12377:98: warning: pointer is missing a nullability type specifier (_Nonnull, _Nullable, or _Null_unspecified) [-Wnullability-completeness]
 12377 | bool VmaDefragmentationContext_T::ReallocWithinBlock(VmaBlockVector& vector, VmaDeviceMemoryBlock* block)
       |                                                                                                  ^
../subprojects/VulkanMemoryAllocator/include/vk_mem_alloc.h:12377:98: note: insert '_Nullable' if the pointer may be null
 12377 | bool VmaDefragmentationContext_T::ReallocWithinBlock(VmaBlockVector& vector, VmaDeviceMemoryBlock* block)
       |                                                                                                  ^
       |                                                                                                    _Nullable
../subprojects/VulkanMemoryAllocator/include/vk_mem_alloc.h:12377:98: note: insert '_Nonnull' if the pointer should never be null
 12377 | bool VmaDefragmentationContext_T::ReallocWithinBlock(VmaBlockVector& vector, VmaDeviceMemoryBlock* block)
       |                                                                                                  ^
       |                                                                                                    _Nonnull
../subprojects/VulkanMemoryAllocator/include/vk_mem_alloc.h:12928:5: warning: pointer is missing a nullability type specifier (_Nonnull, _Nullable, or _Null_unspecified) [-Wnullability-completeness]
 12928 |     VmaAllocator hAllocator,
       |     ^
../subprojects/VulkanMemoryAllocator/include/vk_mem_alloc.h:12928:5: note: insert '_Nullable' if the pointer may be null
 12928 |     VmaAllocator hAllocator,
       |     ^
       |                  _Nullable
../subprojects/VulkanMemoryAllocator/include/vk_mem_alloc.h:12928:5: note: insert '_Nonnull' if the pointer should never be null
 12928 |     VmaAllocator hAllocator,
       |     ^
       |                  _Nonnull
../subprojects/VulkanMemoryAllocator/include/vk_mem_alloc.h:12955:35: warning: pointer is missing a nullability type specifier (_Nonnull, _Nullable, or _Null_unspecified) [-Wnullability-completeness]
 12955 | void VmaPool_T::SetName(const char* pName)
       |                                   ^
../subprojects/VulkanMemoryAllocator/include/vk_mem_alloc.h:12955:35: note: insert '_Nullable' if the pointer may be null
 12955 | void VmaPool_T::SetName(const char* pName)
       |                                   ^
       |                                     _Nullable
../subprojects/VulkanMemoryAllocator/include/vk_mem_alloc.h:12955:35: note: insert '_Nonnull' if the pointer should never be null
 12955 | void VmaPool_T::SetName(const char* pName)
       |                                   ^
       |                                     _Nonnull
../subprojects/VulkanMemoryAllocator/include/vk_mem_alloc.h:12972:60: warning: pointer is missing a nullability type specifier (_Nonnull, _Nullable, or _Null_unspecified) [-Wnullability-completeness]
 12972 | VmaAllocator_T::VmaAllocator_T(const VmaAllocatorCreateInfo* pCreateInfo) :
       |                                                            ^
../subprojects/VulkanMemoryAllocator/include/vk_mem_alloc.h:12972:60: note: insert '_Nullable' if the pointer may be null
 12972 | VmaAllocator_T::VmaAllocator_T(const VmaAllocatorCreateInfo* pCreateInfo) :
       |                                                            ^
       |                                                              _Nullable
../subprojects/VulkanMemoryAllocator/include/vk_mem_alloc.h:12972:60: note: insert '_Nonnull' if the pointer should never be null
 12972 | VmaAllocator_T::VmaAllocator_T(const VmaAllocatorCreateInfo* pCreateInfo) :
       |                                                            ^
       |                                                              _Nonnull
../subprojects/VulkanMemoryAllocator/include/vk_mem_alloc.h:13165:59: warning: pointer is missing a nullability type specifier (_Nonnull, _Nullable, or _Null_unspecified) [-Wnullability-completeness]
 13165 | VkResult VmaAllocator_T::Init(const VmaAllocatorCreateInfo* pCreateInfo)
       |                                                           ^
../subprojects/VulkanMemoryAllocator/include/vk_mem_alloc.h:13165:59: note: insert '_Nullable' if the pointer may be null
 13165 | VkResult VmaAllocator_T::Init(const VmaAllocatorCreateInfo* pCreateInfo)
       |                                                           ^
       |                                                             _Nullable
../subprojects/VulkanMemoryAllocator/include/vk_mem_alloc.h:13165:59: note: insert '_Nonnull' if the pointer should never be null
 13165 | VkResult VmaAllocator_T::Init(const VmaAllocatorCreateInfo* pCreateInfo)
       |                                                           ^
       |                                                             _Nonnull
../subprojects/VulkanMemoryAllocator/include/vk_mem_alloc.h:13189:68: warning: pointer is missing a nullability type specifier (_Nonnull, _Nullable, or _Null_unspecified) [-Wnullability-completeness]
 13189 | void VmaAllocator_T::ImportVulkanFunctions(const VmaVulkanFunctions* pVulkanFunctions)
       |                                                                    ^
../subprojects/VulkanMemoryAllocator/include/vk_mem_alloc.h:13189:68: note: insert '_Nullable' if the pointer may be null
 13189 | void VmaAllocator_T::ImportVulkanFunctions(const VmaVulkanFunctions* pVulkanFunctions)
       |                                                                    ^
       |                                                                      _Nullable
../subprojects/VulkanMemoryAllocator/include/vk_mem_alloc.h:13189:68: note: insert '_Nonnull' if the pointer should never be null
 13189 | void VmaAllocator_T::ImportVulkanFunctions(const VmaVulkanFunctions* pVulkanFunctions)
       |                                                                    ^
       |                                                                      _Nonnull
../subprojects/VulkanMemoryAllocator/include/vk_mem_alloc.h:13261:75: warning: pointer is missing a nullability type specifier (_Nonnull, _Nullable, or _Null_unspecified) [-Wnullability-completeness]
 13261 | void VmaAllocator_T::ImportVulkanFunctions_Custom(const VmaVulkanFunctions* pVulkanFunctions)
       |                                                                           ^
../subprojects/VulkanMemoryAllocator/include/vk_mem_alloc.h:13261:75: note: insert '_Nullable' if the pointer may be null
 13261 | void VmaAllocator_T::ImportVulkanFunctions_Custom(const VmaVulkanFunctions* pVulkanFunctions)
       |                                                                           ^
       |                                                                             _Nullable
../subprojects/VulkanMemoryAllocator/include/vk_mem_alloc.h:13261:75: note: insert '_Nonnull' if the pointer should never be null
 13261 | void VmaAllocator_T::ImportVulkanFunctions_Custom(const VmaVulkanFunctions* pVulkanFunctions)
       |                                                                           ^
       |                                                                             _Nonnull
../subprojects/VulkanMemoryAllocator/include/vk_mem_alloc.h:13492:5: warning: pointer is missing a nullability type specifier (_Nonnull, _Nullable, or _Null_unspecified) [-Wnullability-completeness]
 13492 |     VmaPool pool,
       |     ^
../subprojects/VulkanMemoryAllocator/include/vk_mem_alloc.h:13492:5: note: insert '_Nullable' if the pointer may be null
 13492 |     VmaPool pool,
       |     ^
       |             _Nullable
../subprojects/VulkanMemoryAllocator/include/vk_mem_alloc.h:13492:5: note: insert '_Nonnull' if the pointer should never be null
 13492 |     VmaPool pool,
       |     ^
       |             _Nonnull
../subprojects/VulkanMemoryAllocator/include/vk_mem_alloc.h:13496:5: warning: pointer is missing a nullability type specifier (_Nonnull, _Nullable, or _Null_unspecified) [-Wnullability-completeness]
 13496 |     VkBuffer dedicatedBuffer,
       |     ^
../subprojects/VulkanMemoryAllocator/include/vk_mem_alloc.h:13496:5: note: insert '_Nullable' if the pointer may be null
 13496 |     VkBuffer dedicatedBuffer,
       |     ^
       |              _Nullable
../subprojects/VulkanMemoryAllocator/include/vk_mem_alloc.h:13496:5: note: insert '_Nonnull' if the pointer should never be null
 13496 |     VkBuffer dedicatedBuffer,
       |     ^
       |              _Nonnull
../subprojects/VulkanMemoryAllocator/include/vk_mem_alloc.h:13497:5: warning: pointer is missing a nullability type specifier (_Nonnull, _Nullable, or _Null_unspecified) [-Wnullability-completeness]
 13497 |     VkImage dedicatedImage,
       |     ^
../subprojects/VulkanMemoryAllocator/include/vk_mem_alloc.h:13497:5: note: insert '_Nullable' if the pointer may be null
 13497 |     VkImage dedicatedImage,
       |     ^
       |             _Nullable
../subprojects/VulkanMemoryAllocator/include/vk_mem_alloc.h:13497:5: note: insert '_Nonnull' if the pointer should never be null
 13497 |     VkImage dedicatedImage,
       |     ^
       |             _Nonnull
../subprojects/VulkanMemoryAllocator/include/vk_mem_alloc.h:13505:5: warning: pointer is missing a nullability type specifier (_Nonnull, _Nullable, or _Null_unspecified) [-Wnullability-completeness]
 13505 |     VmaAllocation* pAllocations)
       |     ^
../subprojects/VulkanMemoryAllocator/include/vk_mem_alloc.h:13505:5: note: insert '_Nullable' if the pointer may be null
 13505 |     VmaAllocation* pAllocations)
       |     ^            
       |                   _Nullable 
../subprojects/VulkanMemoryAllocator/include/vk_mem_alloc.h:13505:5: note: insert '_Nonnull' if the pointer should never be null
 13505 |     VmaAllocation* pAllocations)
       |     ^            
       |                   _Nonnull 
../subprojects/VulkanMemoryAllocator/include/vk_mem_alloc.h:13505:18: warning: pointer is missing a nullability type specifier (_Nonnull, _Nullable, or _Null_unspecified) [-Wnullability-completeness]
 13505 |     VmaAllocation* pAllocations)
       |                  ^
../subprojects/VulkanMemoryAllocator/include/vk_mem_alloc.h:13505:18: note: insert '_Nullable' if the pointer may be null
 13505 |     VmaAllocation* pAllocations)
       |                  ^
       |                    _Nullable
../subprojects/VulkanMemoryAllocator/include/vk_mem_alloc.h:13505:18: note: insert '_Nonnull' if the pointer should never be null
 13505 |     VmaAllocation* pAllocations)
       |                  ^
       |                    _Nonnull
../subprojects/VulkanMemoryAllocator/include/vk_mem_alloc.h:13637:5: warning: pointer is missing a nullability type specifier (_Nonnull, _Nullable, or _Null_unspecified) [-Wnullability-completeness]
 13637 |     VmaPool pool,
       |     ^
../subprojects/VulkanMemoryAllocator/include/vk_mem_alloc.h:13637:5: note: insert '_Nullable' if the pointer may be null
 13637 |     VmaPool pool,
       |     ^
       |             _Nullable
../subprojects/VulkanMemoryAllocator/include/vk_mem_alloc.h:13637:5: note: insert '_Nonnull' if the pointer should never be null
 13637 |     VmaPool pool,
       |     ^
       |             _Nonnull
../subprojects/VulkanMemoryAllocator/include/vk_mem_alloc.h:13646:9: warning: pointer is missing a nullability type specifier (_Nonnull, _Nullable, or _Null_unspecified) [-Wnullability-completeness]
 13646 |     void* pUserData,
       |         ^
../subprojects/VulkanMemoryAllocator/include/vk_mem_alloc.h:13646:9: note: insert '_Nullable' if the pointer may be null
 13646 |     void* pUserData,
       |         ^
       |           _Nullable
../subprojects/VulkanMemoryAllocator/include/vk_mem_alloc.h:13646:9: note: insert '_Nonnull' if the pointer should never be null
 13646 |     void* pUserData,
       |         ^
       |           _Nonnull
../subprojects/VulkanMemoryAllocator/include/vk_mem_alloc.h:13648:5: warning: pointer is missing a nullability type specifier (_Nonnull, _Nullable, or _Null_unspecified) [-Wnullability-completeness]
 13648 |     VkBuffer dedicatedBuffer,
       |     ^
../subprojects/VulkanMemoryAllocator/include/vk_mem_alloc.h:13648:5: note: insert '_Nullable' if the pointer may be null
 13648 |     VkBuffer dedicatedBuffer,
       |     ^
       |              _Nullable
../subprojects/VulkanMemoryAllocator/include/vk_mem_alloc.h:13648:5: note: insert '_Nonnull' if the pointer should never be null
 13648 |     VkBuffer dedicatedBuffer,
       |     ^
       |              _Nonnull
../subprojects/VulkanMemoryAllocator/include/vk_mem_alloc.h:13649:5: warning: pointer is missing a nullability type specifier (_Nonnull, _Nullable, or _Null_unspecified) [-Wnullability-completeness]
 13649 |     VkImage dedicatedImage,
       |     ^
../subprojects/VulkanMemoryAllocator/include/vk_mem_alloc.h:13649:5: note: insert '_Nullable' if the pointer may be null
 13649 |     VkImage dedicatedImage,
       |     ^
       |             _Nullable
../subprojects/VulkanMemoryAllocator/include/vk_mem_alloc.h:13649:5: note: insert '_Nonnull' if the pointer should never be null
 13649 |     VkImage dedicatedImage,
       |     ^
       |             _Nonnull
../subprojects/VulkanMemoryAllocator/include/vk_mem_alloc.h:13652:5: warning: pointer is missing a nullability type specifier (_Nonnull, _Nullable, or _Null_unspecified) [-Wnullability-completeness]
 13652 |     VmaAllocation* pAllocations,
       |     ^
../subprojects/VulkanMemoryAllocator/include/vk_mem_alloc.h:13652:5: note: insert '_Nullable' if the pointer may be null
 13652 |     VmaAllocation* pAllocations,
       |     ^            
       |                   _Nullable 
../subprojects/VulkanMemoryAllocator/include/vk_mem_alloc.h:13652:5: note: insert '_Nonnull' if the pointer should never be null
 13652 |     VmaAllocation* pAllocations,
       |     ^            
       |                   _Nonnull 
../subprojects/VulkanMemoryAllocator/include/vk_mem_alloc.h:13652:18: warning: pointer is missing a nullability type specifier (_Nonnull, _Nullable, or _Null_unspecified) [-Wnullability-completeness]
 13652 |     VmaAllocation* pAllocations,
       |                  ^
../subprojects/VulkanMemoryAllocator/include/vk_mem_alloc.h:13652:18: note: insert '_Nullable' if the pointer may be null
 13652 |     VmaAllocation* pAllocations,
       |                  ^
       |                    _Nullable
../subprojects/VulkanMemoryAllocator/include/vk_mem_alloc.h:13652:18: note: insert '_Nonnull' if the pointer should never be null
 13652 |     VmaAllocation* pAllocations,
       |                  ^
       |                    _Nonnull
../subprojects/VulkanMemoryAllocator/include/vk_mem_alloc.h:13653:15: warning: pointer is missing a nullability type specifier (_Nonnull, _Nullable, or _Null_unspecified) [-Wnullability-completeness]
 13653 |     const void* pNextChain)
       |               ^
../subprojects/VulkanMemoryAllocator/include/vk_mem_alloc.h:13653:15: note: insert '_Nullable' if the pointer may be null
 13653 |     const void* pNextChain)
       |               ^
       |                 _Nullable
../subprojects/VulkanMemoryAllocator/include/vk_mem_alloc.h:13653:15: note: insert '_Nonnull' if the pointer should never be null
 13653 |     const void* pNextChain)
       |               ^
       |                 _Nonnull
../subprojects/VulkanMemoryAllocator/include/vk_mem_alloc.h:13784:5: warning: pointer is missing a nullability type specifier (_Nonnull, _Nullable, or _Null_unspecified) [-Wnullability-completeness]
 13784 |     VmaPool pool,
       |     ^
../subprojects/VulkanMemoryAllocator/include/vk_mem_alloc.h:13784:5: note: insert '_Nullable' if the pointer may be null
 13784 |     VmaPool pool,
       |     ^
       |             _Nullable
../subprojects/VulkanMemoryAllocator/include/vk_mem_alloc.h:13784:5: note: insert '_Nonnull' if the pointer should never be null
 13784 |     VmaPool pool,
       |     ^
       |             _Nonnull
../subprojects/VulkanMemoryAllocator/include/vk_mem_alloc.h:13792:9: warning: pointer is missing a nullability type specifier (_Nonnull, _Nullable, or _Null_unspecified) [-Wnullability-completeness]
 13792 |     void* pUserData,
       |         ^
../subprojects/VulkanMemoryAllocator/include/vk_mem_alloc.h:13792:9: note: insert '_Nullable' if the pointer may be null
 13792 |     void* pUserData,
       |         ^
       |           _Nullable
../subprojects/VulkanMemoryAllocator/include/vk_mem_alloc.h:13792:9: note: insert '_Nonnull' if the pointer should never be null
 13792 |     void* pUserData,
       |         ^
       |           _Nonnull
../subprojects/VulkanMemoryAllocator/include/vk_mem_alloc.h:13793:5: warning: pointer is missing a nullability type specifier (_Nonnull, _Nullable, or _Null_unspecified) [-Wnullability-completeness]
 13793 |     VmaAllocation* pAllocation)
       |     ^
../subprojects/VulkanMemoryAllocator/include/vk_mem_alloc.h:13793:5: note: insert '_Nullable' if the pointer may be null
 13793 |     VmaAllocation* pAllocation)
       |     ^            
       |                   _Nullable 
../subprojects/VulkanMemoryAllocator/include/vk_mem_alloc.h:13793:5: note: insert '_Nonnull' if the pointer should never be null
 13793 |     VmaAllocation* pAllocation)
       |     ^            
       |                   _Nonnull 
../subprojects/VulkanMemoryAllocator/include/vk_mem_alloc.h:13793:18: warning: pointer is missing a nullability type specifier (_Nonnull, _Nullable, or _Null_unspecified) [-Wnullability-completeness]
 13793 |     VmaAllocation* pAllocation)
       |                  ^
../subprojects/VulkanMemoryAllocator/include/vk_mem_alloc.h:13793:18: note: insert '_Nullable' if the pointer may be null
 13793 |     VmaAllocation* pAllocation)
       |                  ^
       |                    _Nullable
../subprojects/VulkanMemoryAllocator/include/vk_mem_alloc.h:13793:18: note: insert '_Nonnull' if the pointer should never be null
 13793 |     VmaAllocation* pAllocation)
       |                  ^
       |                    _Nonnull
../subprojects/VulkanMemoryAllocator/include/vk_mem_alloc.h:13837:5: warning: pointer is missing a nullability type specifier (_Nonnull, _Nullable, or _Null_unspecified) [-Wnullability-completeness]
 13837 |     VkBuffer hBuffer,
       |     ^
../subprojects/VulkanMemoryAllocator/include/vk_mem_alloc.h:13837:5: note: insert '_Nullable' if the pointer may be null
 13837 |     VkBuffer hBuffer,
       |     ^
       |              _Nullable
../subprojects/VulkanMemoryAllocator/include/vk_mem_alloc.h:13837:5: note: insert '_Nonnull' if the pointer should never be null
 13837 |     VkBuffer hBuffer,
       |     ^
       |              _Nonnull
../subprojects/VulkanMemoryAllocator/include/vk_mem_alloc.h:13869:5: warning: pointer is missing a nullability type specifier (_Nonnull, _Nullable, or _Null_unspecified) [-Wnullability-completeness]
 13869 |     VkImage hImage,
       |     ^
../subprojects/VulkanMemoryAllocator/include/vk_mem_alloc.h:13869:5: note: insert '_Nullable' if the pointer may be null
 13869 |     VkImage hImage,
       |     ^
       |             _Nullable
../subprojects/VulkanMemoryAllocator/include/vk_mem_alloc.h:13869:5: note: insert '_Nonnull' if the pointer should never be null
 13869 |     VkImage hImage,
       |     ^
       |             _Nonnull
../subprojects/VulkanMemoryAllocator/include/vk_mem_alloc.h:13902:34: warning: pointer is missing a nullability type specifier (_Nonnull, _Nullable, or _Null_unspecified) [-Wnullability-completeness]
 13902 |     const VmaAllocationCreateInfo* pAllocationCreateInfo,
       |                                  ^
../subprojects/VulkanMemoryAllocator/include/vk_mem_alloc.h:13902:34: note: insert '_Nullable' if the pointer may be null
 13902 |     const VmaAllocationCreateInfo* pAllocationCreateInfo,
       |                                  ^
       |                                    _Nullable
../subprojects/VulkanMemoryAllocator/include/vk_mem_alloc.h:13902:34: note: insert '_Nonnull' if the pointer should never be null
 13902 |     const VmaAllocationCreateInfo* pAllocationCreateInfo,
       |                                  ^
       |                                    _Nonnull
../subprojects/VulkanMemoryAllocator/include/vk_mem_alloc.h:13904:13: warning: pointer is missing a nullability type specifier (_Nonnull, _Nullable, or _Null_unspecified) [-Wnullability-completeness]
 13904 |     uint32_t* pMemoryTypeIndex) const
       |             ^
../subprojects/VulkanMemoryAllocator/include/vk_mem_alloc.h:13904:13: note: insert '_Nullable' if the pointer may be null
 13904 |     uint32_t* pMemoryTypeIndex) const
       |             ^
       |               _Nullable
../subprojects/VulkanMemoryAllocator/include/vk_mem_alloc.h:13904:13: note: insert '_Nonnull' if the pointer should never be null
 13904 |     uint32_t* pMemoryTypeIndex) const
       |             ^
       |               _Nonnull
../subprojects/VulkanMemoryAllocator/include/vk_mem_alloc.h:14057:5: warning: pointer is missing a nullability type specifier (_Nonnull, _Nullable, or _Null_unspecified) [-Wnullability-completeness]
 14057 |     VkBuffer dedicatedBuffer,
       |     ^
../subprojects/VulkanMemoryAllocator/include/vk_mem_alloc.h:14057:5: note: insert '_Nullable' if the pointer may be null
 14057 |     VkBuffer dedicatedBuffer,
       |     ^
       |              _Nullable
../subprojects/VulkanMemoryAllocator/include/vk_mem_alloc.h:14057:5: note: insert '_Nonnull' if the pointer should never be null
 14057 |     VkBuffer dedicatedBuffer,
       |     ^
       |              _Nonnull
../subprojects/VulkanMemoryAllocator/include/vk_mem_alloc.h:14058:5: warning: pointer is missing a nullability type specifier (_Nonnull, _Nullable, or _Null_unspecified) [-Wnullability-completeness]
 14058 |     VkImage dedicatedImage,
       |     ^
../subprojects/VulkanMemoryAllocator/include/vk_mem_alloc.h:14058:5: note: insert '_Nullable' if the pointer may be null
 14058 |     VkImage dedicatedImage,
       |     ^
       |             _Nullable
../subprojects/VulkanMemoryAllocator/include/vk_mem_alloc.h:14058:5: note: insert '_Nonnull' if the pointer should never be null
 14058 |     VkImage dedicatedImage,
       |     ^
       |             _Nonnull
../subprojects/VulkanMemoryAllocator/include/vk_mem_alloc.h:14063:5: warning: pointer is missing a nullability type specifier (_Nonnull, _Nullable, or _Null_unspecified) [-Wnullability-completeness]
 14063 |     VmaAllocation* pAllocations)
       |     ^
../subprojects/VulkanMemoryAllocator/include/vk_mem_alloc.h:14063:5: note: insert '_Nullable' if the pointer may be null
 14063 |     VmaAllocation* pAllocations)
       |     ^            
       |                   _Nullable 
../subprojects/VulkanMemoryAllocator/include/vk_mem_alloc.h:14063:5: note: insert '_Nonnull' if the pointer should never be null
 14063 |     VmaAllocation* pAllocations)
       |     ^            
       |                   _Nonnull 
../subprojects/VulkanMemoryAllocator/include/vk_mem_alloc.h:14063:18: warning: pointer is missing a nullability type specifier (_Nonnull, _Nullable, or _Null_unspecified) [-Wnullability-completeness]
 14063 |     VmaAllocation* pAllocations)
       |                  ^
../subprojects/VulkanMemoryAllocator/include/vk_mem_alloc.h:14063:18: note: insert '_Nullable' if the pointer may be null
 14063 |     VmaAllocation* pAllocations)
       |                  ^
       |                    _Nullable
../subprojects/VulkanMemoryAllocator/include/vk_mem_alloc.h:14063:18: note: insert '_Nonnull' if the pointer should never be null
 14063 |     VmaAllocation* pAllocations)
       |                  ^
       |                    _Nonnull
../subprojects/VulkanMemoryAllocator/include/vk_mem_alloc.h:14143:11: warning: pointer is missing a nullability type specifier (_Nonnull, _Nullable, or _Null_unspecified) [-Wnullability-completeness]
 14143 |     const VmaAllocation* pAllocations)
       |           ^
../subprojects/VulkanMemoryAllocator/include/vk_mem_alloc.h:14143:11: note: insert '_Nullable' if the pointer may be null
 14143 |     const VmaAllocation* pAllocations)
       |           ^            
       |                         _Nullable 
../subprojects/VulkanMemoryAllocator/include/vk_mem_alloc.h:14143:11: note: insert '_Nonnull' if the pointer should never be null
 14143 |     const VmaAllocation* pAllocations)
       |           ^            
       |                         _Nonnull 
../subprojects/VulkanMemoryAllocator/include/vk_mem_alloc.h:14143:24: warning: pointer is missing a nullability type specifier (_Nonnull, _Nullable, or _Null_unspecified) [-Wnullability-completeness]
 14143 |     const VmaAllocation* pAllocations)
       |                        ^
../subprojects/VulkanMemoryAllocator/include/vk_mem_alloc.h:14143:24: note: insert '_Nullable' if the pointer may be null
 14143 |     const VmaAllocation* pAllocations)
       |                        ^
       |                          _Nullable
../subprojects/VulkanMemoryAllocator/include/vk_mem_alloc.h:14143:24: note: insert '_Nonnull' if the pointer should never be null
 14143 |     const VmaAllocation* pAllocations)
       |                        ^
       |                          _Nonnull
../subprojects/VulkanMemoryAllocator/include/vk_mem_alloc.h:14187:60: warning: pointer is missing a nullability type specifier (_Nonnull, _Nullable, or _Null_unspecified) [-Wnullability-completeness]
 14187 | void VmaAllocator_T::CalculateStatistics(VmaTotalStatistics* pStats)
       |                                                            ^
../subprojects/VulkanMemoryAllocator/include/vk_mem_alloc.h:14187:60: note: insert '_Nullable' if the pointer may be null
 14187 | void VmaAllocator_T::CalculateStatistics(VmaTotalStatistics* pStats)
       |                                                            ^
       |                                                              _Nullable
../subprojects/VulkanMemoryAllocator/include/vk_mem_alloc.h:14187:60: note: insert '_Nonnull' if the pointer should never be null
 14187 | void VmaAllocator_T::CalculateStatistics(VmaTotalStatistics* pStats)
       |                                                            ^
       |                                                              _Nonnull
../subprojects/VulkanMemoryAllocator/include/vk_mem_alloc.h:14239:46: warning: pointer is missing a nullability type specifier (_Nonnull, _Nullable, or _Null_unspecified) [-Wnullability-completeness]
 14239 | void VmaAllocator_T::GetHeapBudgets(VmaBudget* outBudgets, uint32_t firstHeap, uint32_t heapCount)
       |                                              ^
../subprojects/VulkanMemoryAllocator/include/vk_mem_alloc.h:14239:46: note: insert '_Nullable' if the pointer may be null
 14239 | void VmaAllocator_T::GetHeapBudgets(VmaBudget* outBudgets, uint32_t firstHeap, uint32_t heapCount)
       |                                              ^
       |                                                _Nullable
../subprojects/VulkanMemoryAllocator/include/vk_mem_alloc.h:14239:46: note: insert '_Nonnull' if the pointer should never be null
 14239 | void VmaAllocator_T::GetHeapBudgets(VmaBudget* outBudgets, uint32_t firstHeap, uint32_t heapCount)
       |                                              ^
       |                                                _Nonnull
../subprojects/VulkanMemoryAllocator/include/vk_mem_alloc.h:14295:40: warning: pointer is missing a nullability type specifier (_Nonnull, _Nullable, or _Null_unspecified) [-Wnullability-completeness]
 14295 | void VmaAllocator_T::GetAllocationInfo(VmaAllocation hAllocation, VmaAllocationInfo* pAllocationInfo)
       |                                        ^
../subprojects/VulkanMemoryAllocator/include/vk_mem_alloc.h:14295:40: note: insert '_Nullable' if the pointer may be null
 14295 | void VmaAllocator_T::GetAllocationInfo(VmaAllocation hAllocation, VmaAllocationInfo* pAllocationInfo)
       |                                        ^
       |                                                      _Nullable
../subprojects/VulkanMemoryAllocator/include/vk_mem_alloc.h:14295:40: note: insert '_Nonnull' if the pointer should never be null
 14295 | void VmaAllocator_T::GetAllocationInfo(VmaAllocation hAllocation, VmaAllocationInfo* pAllocationInfo)
       |                                        ^
       |                                                      _Nonnull
../subprojects/VulkanMemoryAllocator/include/vk_mem_alloc.h:14295:84: warning: pointer is missing a nullability type specifier (_Nonnull, _Nullable, or _Null_unspecified) [-Wnullability-completeness]
 14295 | void VmaAllocator_T::GetAllocationInfo(VmaAllocation hAllocation, VmaAllocationInfo* pAllocationInfo)
       |                                                                                    ^
../subprojects/VulkanMemoryAllocator/include/vk_mem_alloc.h:14295:84: note: insert '_Nullable' if the pointer may be null
 14295 | void VmaAllocator_T::GetAllocationInfo(VmaAllocation hAllocation, VmaAllocationInfo* pAllocationInfo)
       |                                                                                    ^
       |                                                                                      _Nullable
../subprojects/VulkanMemoryAllocator/include/vk_mem_alloc.h:14295:84: note: insert '_Nonnull' if the pointer should never be null
 14295 | void VmaAllocator_T::GetAllocationInfo(VmaAllocation hAllocation, VmaAllocationInfo* pAllocationInfo)
       |                                                                                    ^
       |                                                                                      _Nonnull
../subprojects/VulkanMemoryAllocator/include/vk_mem_alloc.h:14306:41: warning: pointer is missing a nullability type specifier (_Nonnull, _Nullable, or _Null_unspecified) [-Wnullability-completeness]
 14306 | void VmaAllocator_T::GetAllocationInfo2(VmaAllocation hAllocation, VmaAllocationInfo2* pAllocationInfo)
       |                                         ^
../subprojects/VulkanMemoryAllocator/include/vk_mem_alloc.h:14306:41: note: insert '_Nullable' if the pointer may be null
 14306 | void VmaAllocator_T::GetAllocationInfo2(VmaAllocation hAllocation, VmaAllocationInfo2* pAllocationInfo)
       |                                         ^
       |                                                       _Nullable
../subprojects/VulkanMemoryAllocator/include/vk_mem_alloc.h:14306:41: note: insert '_Nonnull' if the pointer should never be null
 14306 | void VmaAllocator_T::GetAllocationInfo2(VmaAllocation hAllocation, VmaAllocationInfo2* pAllocationInfo)
       |                                         ^
       |                                                       _Nonnull
../subprojects/VulkanMemoryAllocator/include/vk_mem_alloc.h:14306:86: warning: pointer is missing a nullability type specifier (_Nonnull, _Nullable, or _Null_unspecified) [-Wnullability-completeness]
 14306 | void VmaAllocator_T::GetAllocationInfo2(VmaAllocation hAllocation, VmaAllocationInfo2* pAllocationInfo)
       |                                                                                      ^
../subprojects/VulkanMemoryAllocator/include/vk_mem_alloc.h:14306:86: note: insert '_Nullable' if the pointer may be null
 14306 | void VmaAllocator_T::GetAllocationInfo2(VmaAllocation hAllocation, VmaAllocationInfo2* pAllocationInfo)
       |                                                                                      ^
       |                                                                                        _Nullable
../subprojects/VulkanMemoryAllocator/include/vk_mem_alloc.h:14306:86: note: insert '_Nonnull' if the pointer should never be null
 14306 | void VmaAllocator_T::GetAllocationInfo2(VmaAllocation hAllocation, VmaAllocationInfo2* pAllocationInfo)
       |                                                                                      ^
       |                                                                                        _Nonnull
../subprojects/VulkanMemoryAllocator/include/vk_mem_alloc.h:14325:60: warning: pointer is missing a nullability type specifier (_Nonnull, _Nullable, or _Null_unspecified) [-Wnullability-completeness]
 14325 | VkResult VmaAllocator_T::CreatePool(const VmaPoolCreateInfo* pCreateInfo, VmaPool* pPool)
       |                                                            ^
../subprojects/VulkanMemoryAllocator/include/vk_mem_alloc.h:14325:60: note: insert '_Nullable' if the pointer may be null
 14325 | VkResult VmaAllocator_T::CreatePool(const VmaPoolCreateInfo* pCreateInfo, VmaPool* pPool)
       |                                                            ^
       |                                                              _Nullable
../subprojects/VulkanMemoryAllocator/include/vk_mem_alloc.h:14325:60: note: insert '_Nonnull' if the pointer should never be null
 14325 | VkResult VmaAllocator_T::CreatePool(const VmaPoolCreateInfo* pCreateInfo, VmaPool* pPool)
       |                                                            ^
       |                                                              _Nonnull
../subprojects/VulkanMemoryAllocator/include/vk_mem_alloc.h:14325:75: warning: pointer is missing a nullability type specifier (_Nonnull, _Nullable, or _Null_unspecified) [-Wnullability-completeness]
 14325 | VkResult VmaAllocator_T::CreatePool(const VmaPoolCreateInfo* pCreateInfo, VmaPool* pPool)
       |                                                                           ^
../subprojects/VulkanMemoryAllocator/include/vk_mem_alloc.h:14325:75: note: insert '_Nullable' if the pointer may be null
 14325 | VkResult VmaAllocator_T::CreatePool(const VmaPoolCreateInfo* pCreateInfo, VmaPool* pPool)
       |                                                                           ^      
       |                                                                                   _Nullable 
../subprojects/VulkanMemoryAllocator/include/vk_mem_alloc.h:14325:75: note: insert '_Nonnull' if the pointer should never be null
 14325 | VkResult VmaAllocator_T::CreatePool(const VmaPoolCreateInfo* pCreateInfo, VmaPool* pPool)
       |                                                                           ^      
       |                                                                                   _Nonnull 
../subprojects/VulkanMemoryAllocator/include/vk_mem_alloc.h:14325:82: warning: pointer is missing a nullability type specifier (_Nonnull, _Nullable, or _Null_unspecified) [-Wnullability-completeness]
 14325 | VkResult VmaAllocator_T::CreatePool(const VmaPoolCreateInfo* pCreateInfo, VmaPool* pPool)
       |                                                                                  ^
../subprojects/VulkanMemoryAllocator/include/vk_mem_alloc.h:14325:82: note: insert '_Nullable' if the pointer may be null
 14325 | VkResult VmaAllocator_T::CreatePool(const VmaPoolCreateInfo* pCreateInfo, VmaPool* pPool)
       |                                                                                  ^
       |                                                                                    _Nullable
../subprojects/VulkanMemoryAllocator/include/vk_mem_alloc.h:14325:82: note: insert '_Nonnull' if the pointer should never be null
 14325 | VkResult VmaAllocator_T::CreatePool(const VmaPoolCreateInfo* pCreateInfo, VmaPool* pPool)
       |                                                                                  ^
       |                                                                                    _Nonnull
../subprojects/VulkanMemoryAllocator/include/vk_mem_alloc.h:14378:34: warning: pointer is missing a nullability type specifier (_Nonnull, _Nullable, or _Null_unspecified) [-Wnullability-completeness]
 14378 | void VmaAllocator_T::DestroyPool(VmaPool pool)
       |                                  ^
../subprojects/VulkanMemoryAllocator/include/vk_mem_alloc.h:14378:34: note: insert '_Nullable' if the pointer may be null
 14378 | void VmaAllocator_T::DestroyPool(VmaPool pool)
       |                                  ^
       |                                          _Nullable
../subprojects/VulkanMemoryAllocator/include/vk_mem_alloc.h:14378:34: note: insert '_Nonnull' if the pointer should never be null
 14378 | void VmaAllocator_T::DestroyPool(VmaPool pool)
       |                                  ^
       |                                          _Nonnull
../subprojects/VulkanMemoryAllocator/include/vk_mem_alloc.h:14389:40: warning: pointer is missing a nullability type specifier (_Nonnull, _Nullable, or _Null_unspecified) [-Wnullability-completeness]
 14389 | void VmaAllocator_T::GetPoolStatistics(VmaPool pool, VmaStatistics* pPoolStats)
       |                                        ^
../subprojects/VulkanMemoryAllocator/include/vk_mem_alloc.h:14389:40: note: insert '_Nullable' if the pointer may be null
 14389 | void VmaAllocator_T::GetPoolStatistics(VmaPool pool, VmaStatistics* pPoolStats)
       |                                        ^
       |                                                _Nullable
../subprojects/VulkanMemoryAllocator/include/vk_mem_alloc.h:14389:40: note: insert '_Nonnull' if the pointer should never be null
 14389 | void VmaAllocator_T::GetPoolStatistics(VmaPool pool, VmaStatistics* pPoolStats)
       |                                        ^
       |                                                _Nonnull
../subprojects/VulkanMemoryAllocator/include/vk_mem_alloc.h:14389:67: warning: pointer is missing a nullability type specifier (_Nonnull, _Nullable, or _Null_unspecified) [-Wnullability-completeness]
 14389 | void VmaAllocator_T::GetPoolStatistics(VmaPool pool, VmaStatistics* pPoolStats)
       |                                                                   ^
../subprojects/VulkanMemoryAllocator/include/vk_mem_alloc.h:14389:67: note: insert '_Nullable' if the pointer may be null
 14389 | void VmaAllocator_T::GetPoolStatistics(VmaPool pool, VmaStatistics* pPoolStats)
       |                                                                   ^
       |                                                                     _Nullable
../subprojects/VulkanMemoryAllocator/include/vk_mem_alloc.h:14389:67: note: insert '_Nonnull' if the pointer should never be null
 14389 | void VmaAllocator_T::GetPoolStatistics(VmaPool pool, VmaStatistics* pPoolStats)
       |                                                                   ^
       |                                                                     _Nonnull
../subprojects/VulkanMemoryAllocator/include/vk_mem_alloc.h:14396:46: warning: pointer is missing a nullability type specifier (_Nonnull, _Nullable, or _Null_unspecified) [-Wnullability-completeness]
 14396 | void VmaAllocator_T::CalculatePoolStatistics(VmaPool pool, VmaDetailedStatistics* pPoolStats)
       |                                              ^
../subprojects/VulkanMemoryAllocator/include/vk_mem_alloc.h:14396:46: note: insert '_Nullable' if the pointer may be null
 14396 | void VmaAllocator_T::CalculatePoolStatistics(VmaPool pool, VmaDetailedStatistics* pPoolStats)
       |                                              ^
       |                                                      _Nullable
../subprojects/VulkanMemoryAllocator/include/vk_mem_alloc.h:14396:46: note: insert '_Nonnull' if the pointer should never be null
 14396 | void VmaAllocator_T::CalculatePoolStatistics(VmaPool pool, VmaDetailedStatistics* pPoolStats)
       |                                              ^
       |                                                      _Nonnull
../subprojects/VulkanMemoryAllocator/include/vk_mem_alloc.h:14396:81: warning: pointer is missing a nullability type specifier (_Nonnull, _Nullable, or _Null_unspecified) [-Wnullability-completeness]
 14396 | void VmaAllocator_T::CalculatePoolStatistics(VmaPool pool, VmaDetailedStatistics* pPoolStats)
       |                                                                                 ^
../subprojects/VulkanMemoryAllocator/include/vk_mem_alloc.h:14396:81: note: insert '_Nullable' if the pointer may be null
 14396 | void VmaAllocator_T::CalculatePoolStatistics(VmaPool pool, VmaDetailedStatistics* pPoolStats)
       |                                                                                 ^
       |                                                                                   _Nullable
../subprojects/VulkanMemoryAllocator/include/vk_mem_alloc.h:14396:81: note: insert '_Nonnull' if the pointer should never be null
 14396 | void VmaAllocator_T::CalculatePoolStatistics(VmaPool pool, VmaDetailedStatistics* pPoolStats)
       |                                                                                 ^
       |                                                                                   _Nonnull
../subprojects/VulkanMemoryAllocator/include/vk_mem_alloc.h:14415:46: warning: pointer is missing a nullability type specifier (_Nonnull, _Nullable, or _Null_unspecified) [-Wnullability-completeness]
 14415 | VkResult VmaAllocator_T::CheckPoolCorruption(VmaPool hPool)
       |                                              ^
../subprojects/VulkanMemoryAllocator/include/vk_mem_alloc.h:14415:46: note: insert '_Nullable' if the pointer may be null
 14415 | VkResult VmaAllocator_T::CheckPoolCorruption(VmaPool hPool)
       |                                              ^
       |                                                      _Nullable
../subprojects/VulkanMemoryAllocator/include/vk_mem_alloc.h:14415:46: note: insert '_Nonnull' if the pointer should never be null
 14415 | VkResult VmaAllocator_T::CheckPoolCorruption(VmaPool hPool)
       |                                              ^
       |                                                      _Nonnull
../subprojects/VulkanMemoryAllocator/include/vk_mem_alloc.h:14469:73: warning: pointer is missing a nullability type specifier (_Nonnull, _Nullable, or _Null_unspecified) [-Wnullability-completeness]
 14469 | VkResult VmaAllocator_T::AllocateVulkanMemory(const VkMemoryAllocateInfo* pAllocateInfo, VkDeviceMemory* pMemory)
       |                                                                         ^
../subprojects/VulkanMemoryAllocator/include/vk_mem_alloc.h:14469:73: note: insert '_Nullable' if the pointer may be null
 14469 | VkResult VmaAllocator_T::AllocateVulkanMemory(const VkMemoryAllocateInfo* pAllocateInfo, VkDeviceMemory* pMemory)
       |                                                                         ^
       |                                                                           _Nullable
../subprojects/VulkanMemoryAllocator/include/vk_mem_alloc.h:14469:73: note: insert '_Nonnull' if the pointer should never be null
 14469 | VkResult VmaAllocator_T::AllocateVulkanMemory(const VkMemoryAllocateInfo* pAllocateInfo, VkDeviceMemory* pMemory)
       |                                                                         ^
       |                                                                           _Nonnull
../subprojects/VulkanMemoryAllocator/include/vk_mem_alloc.h:14469:90: warning: pointer is missing a nullability type specifier (_Nonnull, _Nullable, or _Null_unspecified) [-Wnullability-completeness]
 14469 | VkResult VmaAllocator_T::AllocateVulkanMemory(const VkMemoryAllocateInfo* pAllocateInfo, VkDeviceMemory* pMemory)
       |                                                                                          ^
../subprojects/VulkanMemoryAllocator/include/vk_mem_alloc.h:14469:90: note: insert '_Nullable' if the pointer may be null
 14469 | VkResult VmaAllocator_T::AllocateVulkanMemory(const VkMemoryAllocateInfo* pAllocateInfo, VkDeviceMemory* pMemory)
       |                                                                                          ^             
       |                                                                                                         _Nullable 
../subprojects/VulkanMemoryAllocator/include/vk_mem_alloc.h:14469:90: note: insert '_Nonnull' if the pointer should never be null
 14469 | VkResult VmaAllocator_T::AllocateVulkanMemory(const VkMemoryAllocateInfo* pAllocateInfo, VkDeviceMemory* pMemory)
       |                                                                                          ^             
       |                                                                                                         _Nonnull 
../subprojects/VulkanMemoryAllocator/include/vk_mem_alloc.h:14469:104: warning: pointer is missing a nullability type specifier (_Nonnull, _Nullable, or _Null_unspecified) [-Wnullability-completeness]
 14469 | VkResult VmaAllocator_T::AllocateVulkanMemory(const VkMemoryAllocateInfo* pAllocateInfo, VkDeviceMemory* pMemory)
       |                                                                                                        ^
../subprojects/VulkanMemoryAllocator/include/vk_mem_alloc.h:14469:104: note: insert '_Nullable' if the pointer may be null
 14469 | VkResult VmaAllocator_T::AllocateVulkanMemory(const VkMemoryAllocateInfo* pAllocateInfo, VkDeviceMemory* pMemory)
       |                                                                                                        ^
       |                                                                                                          _Nullable
../subprojects/VulkanMemoryAllocator/include/vk_mem_alloc.h:14469:104: note: insert '_Nonnull' if the pointer should never be null
 14469 | VkResult VmaAllocator_T::AllocateVulkanMemory(const VkMemoryAllocateInfo* pAllocateInfo, VkDeviceMemory* pMemory)
       |                                                                                                        ^
       |                                                                                                          _Nonnull
../subprojects/VulkanMemoryAllocator/include/vk_mem_alloc.h:14539:79: warning: pointer is missing a nullability type specifier (_Nonnull, _Nullable, or _Null_unspecified) [-Wnullability-completeness]
 14539 | void VmaAllocator_T::FreeVulkanMemory(uint32_t memoryType, VkDeviceSize size, VkDeviceMemory hMemory)
       |                                                                               ^
../subprojects/VulkanMemoryAllocator/include/vk_mem_alloc.h:14539:79: note: insert '_Nullable' if the pointer may be null
 14539 | void VmaAllocator_T::FreeVulkanMemory(uint32_t memoryType, VkDeviceSize size, VkDeviceMemory hMemory)
       |                                                                               ^
       |                                                                                              _Nullable
../subprojects/VulkanMemoryAllocator/include/vk_mem_alloc.h:14539:79: note: insert '_Nonnull' if the pointer should never be null
 14539 | void VmaAllocator_T::FreeVulkanMemory(uint32_t memoryType, VkDeviceSize size, VkDeviceMemory hMemory)
       |                                                                               ^
       |                                                                                              _Nonnull
../subprojects/VulkanMemoryAllocator/include/vk_mem_alloc.h:14558:5: warning: pointer is missing a nullability type specifier (_Nonnull, _Nullable, or _Null_unspecified) [-Wnullability-completeness]
 14558 |     VkDeviceMemory memory,
       |     ^
../subprojects/VulkanMemoryAllocator/include/vk_mem_alloc.h:14558:5: note: insert '_Nullable' if the pointer may be null
 14558 |     VkDeviceMemory memory,
       |     ^
       |                    _Nullable
../subprojects/VulkanMemoryAllocator/include/vk_mem_alloc.h:14558:5: note: insert '_Nonnull' if the pointer should never be null
 14558 |     VkDeviceMemory memory,
       |     ^
       |                    _Nonnull
../subprojects/VulkanMemoryAllocator/include/vk_mem_alloc.h:14560:5: warning: pointer is missing a nullability type specifier (_Nonnull, _Nullable, or _Null_unspecified) [-Wnullability-completeness]
 14560 |     VkBuffer buffer,
       |     ^
../subprojects/VulkanMemoryAllocator/include/vk_mem_alloc.h:14560:5: note: insert '_Nullable' if the pointer may be null
 14560 |     VkBuffer buffer,
       |     ^
       |              _Nullable
../subprojects/VulkanMemoryAllocator/include/vk_mem_alloc.h:14560:5: note: insert '_Nonnull' if the pointer should never be null
 14560 |     VkBuffer buffer,
       |     ^
       |              _Nonnull
../subprojects/VulkanMemoryAllocator/include/vk_mem_alloc.h:14561:15: warning: pointer is missing a nullability type specifier (_Nonnull, _Nullable, or _Null_unspecified) [-Wnullability-completeness]
 14561 |     const void* pNext) const
       |               ^
../subprojects/VulkanMemoryAllocator/include/vk_mem_alloc.h:14561:15: note: insert '_Nullable' if the pointer may be null
 14561 |     const void* pNext) const
       |               ^
       |                 _Nullable
../subprojects/VulkanMemoryAllocator/include/vk_mem_alloc.h:14561:15: note: insert '_Nonnull' if the pointer should never be null
 14561 |     const void* pNext) const
       |               ^
       |                 _Nonnull
../subprojects/VulkanMemoryAllocator/include/vk_mem_alloc.h:14587:5: warning: pointer is missing a nullability type specifier (_Nonnull, _Nullable, or _Null_unspecified) [-Wnullability-completeness]
 14587 |     VkDeviceMemory memory,
       |     ^
../subprojects/VulkanMemoryAllocator/include/vk_mem_alloc.h:14587:5: note: insert '_Nullable' if the pointer may be null
 14587 |     VkDeviceMemory memory,
       |     ^
       |                    _Nullable
../subprojects/VulkanMemoryAllocator/include/vk_mem_alloc.h:14587:5: note: insert '_Nonnull' if the pointer should never be null
 14587 |     VkDeviceMemory memory,
       |     ^
       |                    _Nonnull
../subprojects/VulkanMemoryAllocator/include/vk_mem_alloc.h:14589:5: warning: pointer is missing a nullability type specifier (_Nonnull, _Nullable, or _Null_unspecified) [-Wnullability-completeness]
 14589 |     VkImage image,
       |     ^
../subprojects/VulkanMemoryAllocator/include/vk_mem_alloc.h:14589:5: note: insert '_Nullable' if the pointer may be null
 14589 |     VkImage image,
       |     ^
       |             _Nullable
../subprojects/VulkanMemoryAllocator/include/vk_mem_alloc.h:14589:5: note: insert '_Nonnull' if the pointer should never be null
 14589 |     VkImage image,
       |     ^
       |             _Nonnull
../subprojects/VulkanMemoryAllocator/include/vk_mem_alloc.h:14590:15: warning: pointer is missing a nullability type specifier (_Nonnull, _Nullable, or _Null_unspecified) [-Wnullability-completeness]
 14590 |     const void* pNext) const
       |               ^
../subprojects/VulkanMemoryAllocator/include/vk_mem_alloc.h:14590:15: note: insert '_Nullable' if the pointer may be null
 14590 |     const void* pNext) const
       |               ^
       |                 _Nullable
../subprojects/VulkanMemoryAllocator/include/vk_mem_alloc.h:14590:15: note: insert '_Nonnull' if the pointer should never be null
 14590 |     const void* pNext) const
       |               ^
       |                 _Nonnull
../subprojects/VulkanMemoryAllocator/include/vk_mem_alloc.h:14613:30: warning: pointer is missing a nullability type specifier (_Nonnull, _Nullable, or _Null_unspecified) [-Wnullability-completeness]
 14613 | VkResult VmaAllocator_T::Map(VmaAllocation hAllocation, void** ppData)
       |                              ^
../subprojects/VulkanMemoryAllocator/include/vk_mem_alloc.h:14613:30: note: insert '_Nullable' if the pointer may be null
 14613 | VkResult VmaAllocator_T::Map(VmaAllocation hAllocation, void** ppData)
       |                              ^
       |                                            _Nullable
../subprojects/VulkanMemoryAllocator/include/vk_mem_alloc.h:14613:30: note: insert '_Nonnull' if the pointer should never be null
 14613 | VkResult VmaAllocator_T::Map(VmaAllocation hAllocation, void** ppData)
       |                              ^
       |                                            _Nonnull
../subprojects/VulkanMemoryAllocator/include/vk_mem_alloc.h:14613:61: warning: pointer is missing a nullability type specifier (_Nonnull, _Nullable, or _Null_unspecified) [-Wnullability-completeness]
 14613 | VkResult VmaAllocator_T::Map(VmaAllocation hAllocation, void** ppData)
       |                                                             ^
../subprojects/VulkanMemoryAllocator/include/vk_mem_alloc.h:14613:61: note: insert '_Nullable' if the pointer may be null
 14613 | VkResult VmaAllocator_T::Map(VmaAllocation hAllocation, void** ppData)
       |                                                             ^
       |                                                              _Nullable
../subprojects/VulkanMemoryAllocator/include/vk_mem_alloc.h:14613:61: note: insert '_Nonnull' if the pointer should never be null
 14613 | VkResult VmaAllocator_T::Map(VmaAllocation hAllocation, void** ppData)
       |                                                             ^
       |                                                              _Nonnull
../subprojects/VulkanMemoryAllocator/include/vk_mem_alloc.h:14613:62: warning: pointer is missing a nullability type specifier (_Nonnull, _Nullable, or _Null_unspecified) [-Wnullability-completeness]
 14613 | VkResult VmaAllocator_T::Map(VmaAllocation hAllocation, void** ppData)
       |                                                              ^
../subprojects/VulkanMemoryAllocator/include/vk_mem_alloc.h:14613:62: note: insert '_Nullable' if the pointer may be null
 14613 | VkResult VmaAllocator_T::Map(VmaAllocation hAllocation, void** ppData)
       |                                                              ^
       |                                                                _Nullable
../subprojects/VulkanMemoryAllocator/include/vk_mem_alloc.h:14613:62: note: insert '_Nonnull' if the pointer should never be null
 14613 | VkResult VmaAllocator_T::Map(VmaAllocation hAllocation, void** ppData)
       |                                                              ^
       |                                                                _Nonnull
../subprojects/VulkanMemoryAllocator/include/vk_mem_alloc.h:14637:28: warning: pointer is missing a nullability type specifier (_Nonnull, _Nullable, or _Null_unspecified) [-Wnullability-completeness]
 14637 | void VmaAllocator_T::Unmap(VmaAllocation hAllocation)
       |                            ^
../subprojects/VulkanMemoryAllocator/include/vk_mem_alloc.h:14637:28: note: insert '_Nullable' if the pointer may be null
 14637 | void VmaAllocator_T::Unmap(VmaAllocation hAllocation)
       |                            ^
       |                                          _Nullable
../subprojects/VulkanMemoryAllocator/include/vk_mem_alloc.h:14637:28: note: insert '_Nonnull' if the pointer should never be null
 14637 | void VmaAllocator_T::Unmap(VmaAllocation hAllocation)
       |                            ^
       |                                          _Nonnull
../subprojects/VulkanMemoryAllocator/include/vk_mem_alloc.h:14657:5: warning: pointer is missing a nullability type specifier (_Nonnull, _Nullable, or _Null_unspecified) [-Wnullability-completeness]
 14657 |     VmaAllocation hAllocation,
       |     ^
../subprojects/VulkanMemoryAllocator/include/vk_mem_alloc.h:14657:5: note: insert '_Nullable' if the pointer may be null
 14657 |     VmaAllocation hAllocation,
       |     ^
       |                   _Nullable
../subprojects/VulkanMemoryAllocator/include/vk_mem_alloc.h:14657:5: note: insert '_Nonnull' if the pointer should never be null
 14657 |     VmaAllocation hAllocation,
       |     ^
       |                   _Nonnull
../subprojects/VulkanMemoryAllocator/include/vk_mem_alloc.h:14659:5: warning: pointer is missing a nullability type specifier (_Nonnull, _Nullable, or _Null_unspecified) [-Wnullability-completeness]
 14659 |     VkBuffer hBuffer,
       |     ^
../subprojects/VulkanMemoryAllocator/include/vk_mem_alloc.h:14659:5: note: insert '_Nullable' if the pointer may be null
 14659 |     VkBuffer hBuffer,
       |     ^
       |              _Nullable
../subprojects/VulkanMemoryAllocator/include/vk_mem_alloc.h:14659:5: note: insert '_Nonnull' if the pointer should never be null
 14659 |     VkBuffer hBuffer,
       |     ^
       |              _Nonnull
../subprojects/VulkanMemoryAllocator/include/vk_mem_alloc.h:14660:15: warning: pointer is missing a nullability type specifier (_Nonnull, _Nullable, or _Null_unspecified) [-Wnullability-completeness]
 14660 |     const void* pNext)
       |               ^
../subprojects/VulkanMemoryAllocator/include/vk_mem_alloc.h:14660:15: note: insert '_Nullable' if the pointer may be null
 14660 |     const void* pNext)
       |               ^
       |                 _Nullable
../subprojects/VulkanMemoryAllocator/include/vk_mem_alloc.h:14660:15: note: insert '_Nonnull' if the pointer should never be null
 14660 |     const void* pNext)
       |               ^
       |                 _Nonnull
../subprojects/VulkanMemoryAllocator/include/vk_mem_alloc.h:14682:5: warning: pointer is missing a nullability type specifier (_Nonnull, _Nullable, or _Null_unspecified) [-Wnullability-completeness]
 14682 |     VmaAllocation hAllocation,
       |     ^
../subprojects/VulkanMemoryAllocator/include/vk_mem_alloc.h:14682:5: note: insert '_Nullable' if the pointer may be null
 14682 |     VmaAllocation hAllocation,
       |     ^
       |                   _Nullable
../subprojects/VulkanMemoryAllocator/include/vk_mem_alloc.h:14682:5: note: insert '_Nonnull' if the pointer should never be null
 14682 |     VmaAllocation hAllocation,
       |     ^
       |                   _Nonnull
../subprojects/VulkanMemoryAllocator/include/vk_mem_alloc.h:14684:5: warning: pointer is missing a nullability type specifier (_Nonnull, _Nullable, or _Null_unspecified) [-Wnullability-completeness]
 14684 |     VkImage hImage,
       |     ^
../subprojects/VulkanMemoryAllocator/include/vk_mem_alloc.h:14684:5: note: insert '_Nullable' if the pointer may be null
 14684 |     VkImage hImage,
       |     ^
       |             _Nullable
../subprojects/VulkanMemoryAllocator/include/vk_mem_alloc.h:14684:5: note: insert '_Nonnull' if the pointer should never be null
 14684 |     VkImage hImage,
       |     ^
       |             _Nonnull
../subprojects/VulkanMemoryAllocator/include/vk_mem_alloc.h:14685:15: warning: pointer is missing a nullability type specifier (_Nonnull, _Nullable, or _Null_unspecified) [-Wnullability-completeness]
 14685 |     const void* pNext)
       |               ^
../subprojects/VulkanMemoryAllocator/include/vk_mem_alloc.h:14685:15: note: insert '_Nullable' if the pointer may be null
 14685 |     const void* pNext)
       |               ^
       |                 _Nullable
../subprojects/VulkanMemoryAllocator/include/vk_mem_alloc.h:14685:15: note: insert '_Nonnull' if the pointer should never be null
 14685 |     const void* pNext)
       |               ^
       |                 _Nonnull
../subprojects/VulkanMemoryAllocator/include/vk_mem_alloc.h:14707:5: warning: pointer is missing a nullability type specifier (_Nonnull, _Nullable, or _Null_unspecified) [-Wnullability-completeness]
 14707 |     VmaAllocation hAllocation,
       |     ^
../subprojects/VulkanMemoryAllocator/include/vk_mem_alloc.h:14707:5: note: insert '_Nullable' if the pointer may be null
 14707 |     VmaAllocation hAllocation,
       |     ^
       |                   _Nullable
../subprojects/VulkanMemoryAllocator/include/vk_mem_alloc.h:14707:5: note: insert '_Nonnull' if the pointer should never be null
 14707 |     VmaAllocation hAllocation,
       |     ^
       |                   _Nonnull
../subprojects/VulkanMemoryAllocator/include/vk_mem_alloc.h:14734:11: warning: pointer is missing a nullability type specifier (_Nonnull, _Nullable, or _Null_unspecified) [-Wnullability-completeness]
 14734 |     const VmaAllocation* allocations,
       |           ^
../subprojects/VulkanMemoryAllocator/include/vk_mem_alloc.h:14734:11: note: insert '_Nullable' if the pointer may be null
 14734 |     const VmaAllocation* allocations,
       |           ^            
       |                         _Nullable 
../subprojects/VulkanMemoryAllocator/include/vk_mem_alloc.h:14734:11: note: insert '_Nonnull' if the pointer should never be null
 14734 |     const VmaAllocation* allocations,
       |           ^            
       |                         _Nonnull 
../subprojects/VulkanMemoryAllocator/include/vk_mem_alloc.h:14734:24: warning: pointer is missing a nullability type specifier (_Nonnull, _Nullable, or _Null_unspecified) [-Wnullability-completeness]
 14734 |     const VmaAllocation* allocations,
       |                        ^
../subprojects/VulkanMemoryAllocator/include/vk_mem_alloc.h:14734:24: note: insert '_Nullable' if the pointer may be null
 14734 |     const VmaAllocation* allocations,
       |                        ^
       |                          _Nullable
../subprojects/VulkanMemoryAllocator/include/vk_mem_alloc.h:14734:24: note: insert '_Nonnull' if the pointer should never be null
 14734 |     const VmaAllocation* allocations,
       |                        ^
       |                          _Nonnull
../subprojects/VulkanMemoryAllocator/include/vk_mem_alloc.h:14735:23: warning: pointer is missing a nullability type specifier (_Nonnull, _Nullable, or _Null_unspecified) [-Wnullability-completeness]
 14735 |     const VkDeviceSize* offsets, const VkDeviceSize* sizes,
       |                       ^
../subprojects/VulkanMemoryAllocator/include/vk_mem_alloc.h:14735:23: note: insert '_Nullable' if the pointer may be null
 14735 |     const VkDeviceSize* offsets, const VkDeviceSize* sizes,
       |                       ^
       |                         _Nullable
../subprojects/VulkanMemoryAllocator/include/vk_mem_alloc.h:14735:23: note: insert '_Nonnull' if the pointer should never be null
 14735 |     const VkDeviceSize* offsets, const VkDeviceSize* sizes,
       |                       ^
       |                         _Nonnull
../subprojects/VulkanMemoryAllocator/include/vk_mem_alloc.h:14735:52: warning: pointer is missing a nullability type specifier (_Nonnull, _Nullable, or _Null_unspecified) [-Wnullability-completeness]
 14735 |     const VkDeviceSize* offsets, const VkDeviceSize* sizes,
       |                                                    ^
../subprojects/VulkanMemoryAllocator/include/vk_mem_alloc.h:14735:52: note: insert '_Nullable' if the pointer may be null
 14735 |     const VkDeviceSize* offsets, const VkDeviceSize* sizes,
       |                                                    ^
       |                                                      _Nullable
../subprojects/VulkanMemoryAllocator/include/vk_mem_alloc.h:14735:52: note: insert '_Nonnull' if the pointer should never be null
 14735 |     const VkDeviceSize* offsets, const VkDeviceSize* sizes,
       |                                                    ^
       |                                                      _Nonnull
../subprojects/VulkanMemoryAllocator/include/vk_mem_alloc.h:14774:15: warning: pointer is missing a nullability type specifier (_Nonnull, _Nullable, or _Null_unspecified) [-Wnullability-completeness]
 14774 |     const void* pSrcHostPointer,
       |               ^
../subprojects/VulkanMemoryAllocator/include/vk_mem_alloc.h:14774:15: note: insert '_Nullable' if the pointer may be null
 14774 |     const void* pSrcHostPointer,
       |               ^
       |                 _Nullable
../subprojects/VulkanMemoryAllocator/include/vk_mem_alloc.h:14774:15: note: insert '_Nonnull' if the pointer should never be null
 14774 |     const void* pSrcHostPointer,
       |               ^
       |                 _Nonnull
../subprojects/VulkanMemoryAllocator/include/vk_mem_alloc.h:14775:5: warning: pointer is missing a nullability type specifier (_Nonnull, _Nullable, or _Null_unspecified) [-Wnullability-completeness]
 14775 |     VmaAllocation dstAllocation,
       |     ^
../subprojects/VulkanMemoryAllocator/include/vk_mem_alloc.h:14775:5: note: insert '_Nullable' if the pointer may be null
 14775 |     VmaAllocation dstAllocation,
       |     ^
       |                   _Nullable
../subprojects/VulkanMemoryAllocator/include/vk_mem_alloc.h:14775:5: note: insert '_Nonnull' if the pointer should never be null
 14775 |     VmaAllocation dstAllocation,
       |     ^
       |                   _Nonnull
../subprojects/VulkanMemoryAllocator/include/vk_mem_alloc.h:14791:5: warning: pointer is missing a nullability type specifier (_Nonnull, _Nullable, or _Null_unspecified) [-Wnullability-completeness]
 14791 |     VmaAllocation srcAllocation,
       |     ^
../subprojects/VulkanMemoryAllocator/include/vk_mem_alloc.h:14791:5: note: insert '_Nullable' if the pointer may be null
 14791 |     VmaAllocation srcAllocation,
       |     ^
       |                   _Nullable
../subprojects/VulkanMemoryAllocator/include/vk_mem_alloc.h:14791:5: note: insert '_Nonnull' if the pointer should never be null
 14791 |     VmaAllocation srcAllocation,
       |     ^
       |                   _Nonnull
../subprojects/VulkanMemoryAllocator/include/vk_mem_alloc.h:14793:9: warning: pointer is missing a nullability type specifier (_Nonnull, _Nullable, or _Null_unspecified) [-Wnullability-completeness]
 14793 |     void* pDstHostPointer,
       |         ^
../subprojects/VulkanMemoryAllocator/include/vk_mem_alloc.h:14793:9: note: insert '_Nullable' if the pointer may be null
 14793 |     void* pDstHostPointer,
       |         ^
       |           _Nullable
../subprojects/VulkanMemoryAllocator/include/vk_mem_alloc.h:14793:9: note: insert '_Nonnull' if the pointer should never be null
 14793 |     void* pDstHostPointer,
       |         ^
       |           _Nonnull
../subprojects/VulkanMemoryAllocator/include/vk_mem_alloc.h:14810:42: warning: pointer is missing a nullability type specifier (_Nonnull, _Nullable, or _Null_unspecified) [-Wnullability-completeness]
 14810 | void VmaAllocator_T::FreeDedicatedMemory(VmaAllocation allocation)
       |                                          ^
../subprojects/VulkanMemoryAllocator/include/vk_mem_alloc.h:14810:42: note: insert '_Nullable' if the pointer may be null
 14810 | void VmaAllocator_T::FreeDedicatedMemory(VmaAllocation allocation)
       |                                          ^
       |                                                        _Nullable
../subprojects/VulkanMemoryAllocator/include/vk_mem_alloc.h:14810:42: note: insert '_Nonnull' if the pointer should never be null
 14810 | void VmaAllocator_T::FreeDedicatedMemory(VmaAllocation allocation)
       |                                          ^
       |                                                        _Nonnull
../subprojects/VulkanMemoryAllocator/include/vk_mem_alloc.h:14896:5: warning: pointer is missing a nullability type specifier (_Nonnull, _Nullable, or _Null_unspecified) [-Wnullability-completeness]
 14896 |     VmaAllocation allocation,
       |     ^
../subprojects/VulkanMemoryAllocator/include/vk_mem_alloc.h:14896:5: note: insert '_Nullable' if the pointer may be null
 14896 |     VmaAllocation allocation,
       |     ^
       |                   _Nullable
../subprojects/VulkanMemoryAllocator/include/vk_mem_alloc.h:14896:5: note: insert '_Nonnull' if the pointer should never be null
 14896 |     VmaAllocation allocation,
       |     ^
       |                   _Nonnull
../subprojects/VulkanMemoryAllocator/include/vk_mem_alloc.h:14998:37: warning: pointer is missing a nullability type specifier (_Nonnull, _Nullable, or _Null_unspecified) [-Wnullability-completeness]
 14998 | void VmaAllocator_T::FillAllocation(VmaAllocation hAllocation, uint8_t pattern)
       |                                     ^
../subprojects/VulkanMemoryAllocator/include/vk_mem_alloc.h:14998:37: note: insert '_Nullable' if the pointer may be null
 14998 | void VmaAllocator_T::FillAllocation(VmaAllocation hAllocation, uint8_t pattern)
       |                                     ^
       |                                                   _Nullable
../subprojects/VulkanMemoryAllocator/include/vk_mem_alloc.h:14998:37: note: insert '_Nonnull' if the pointer should never be null
 14998 | void VmaAllocator_T::FillAllocation(VmaAllocation hAllocation, uint8_t pattern)
       |                                     ^
       |                                                   _Nonnull
../subprojects/VulkanMemoryAllocator/include/vk_mem_alloc.h:15221:33: warning: pointer is missing a nullability type specifier (_Nonnull, _Nullable, or _Null_unspecified) [-Wnullability-completeness]
 15221 |     const VmaAllocatorCreateInfo* pCreateInfo,
       |                                 ^
../subprojects/VulkanMemoryAllocator/include/vk_mem_alloc.h:15221:33: note: insert '_Nullable' if the pointer may be null
 15221 |     const VmaAllocatorCreateInfo* pCreateInfo,
       |                                 ^
       |                                   _Nullable
../subprojects/VulkanMemoryAllocator/include/vk_mem_alloc.h:15221:33: note: insert '_Nonnull' if the pointer should never be null
 15221 |     const VmaAllocatorCreateInfo* pCreateInfo,
       |                                 ^
       |                                   _Nonnull
../subprojects/VulkanMemoryAllocator/include/vk_mem_alloc.h:15222:5: warning: pointer is missing a nullability type specifier (_Nonnull, _Nullable, or _Null_unspecified) [-Wnullability-completeness]
 15222 |     VmaAllocator* pAllocator)
       |     ^
../subprojects/VulkanMemoryAllocator/include/vk_mem_alloc.h:15222:5: note: insert '_Nullable' if the pointer may be null
 15222 |     VmaAllocator* pAllocator)
       |     ^           
       |                  _Nullable 
../subprojects/VulkanMemoryAllocator/include/vk_mem_alloc.h:15222:5: note: insert '_Nonnull' if the pointer should never be null
 15222 |     VmaAllocator* pAllocator)
       |     ^           
       |                  _Nonnull 
../subprojects/VulkanMemoryAllocator/include/vk_mem_alloc.h:15222:17: warning: pointer is missing a nullability type specifier (_Nonnull, _Nullable, or _Null_unspecified) [-Wnullability-completeness]
 15222 |     VmaAllocator* pAllocator)
       |                 ^
../subprojects/VulkanMemoryAllocator/include/vk_mem_alloc.h:15222:17: note: insert '_Nullable' if the pointer may be null
 15222 |     VmaAllocator* pAllocator)
       |                 ^
       |                   _Nullable
../subprojects/VulkanMemoryAllocator/include/vk_mem_alloc.h:15222:17: note: insert '_Nonnull' if the pointer should never be null
 15222 |     VmaAllocator* pAllocator)
       |                 ^
       |                   _Nonnull
../subprojects/VulkanMemoryAllocator/include/vk_mem_alloc.h:15239:5: warning: pointer is missing a nullability type specifier (_Nonnull, _Nullable, or _Null_unspecified) [-Wnullability-completeness]
 15239 |     VmaAllocator allocator)
       |     ^
../subprojects/VulkanMemoryAllocator/include/vk_mem_alloc.h:15239:5: note: insert '_Nullable' if the pointer may be null
 15239 |     VmaAllocator allocator)
       |     ^
       |                  _Nullable
../subprojects/VulkanMemoryAllocator/include/vk_mem_alloc.h:15239:5: note: insert '_Nonnull' if the pointer should never be null
 15239 |     VmaAllocator allocator)
       |     ^
       |                  _Nonnull
../subprojects/VulkanMemoryAllocator/include/vk_mem_alloc.h:15249:53: warning: pointer is missing a nullability type specifier (_Nonnull, _Nullable, or _Null_unspecified) [-Wnullability-completeness]
 15249 | VMA_CALL_PRE void VMA_CALL_POST vmaGetAllocatorInfo(VmaAllocator allocator, VmaAllocatorInfo* pAllocatorInfo)
       |                                                     ^
../subprojects/VulkanMemoryAllocator/include/vk_mem_alloc.h:15249:53: note: insert '_Nullable' if the pointer may be null
 15249 | VMA_CALL_PRE void VMA_CALL_POST vmaGetAllocatorInfo(VmaAllocator allocator, VmaAllocatorInfo* pAllocatorInfo)
       |                                                     ^
       |                                                                  _Nullable
../subprojects/VulkanMemoryAllocator/include/vk_mem_alloc.h:15249:53: note: insert '_Nonnull' if the pointer should never be null
 15249 | VMA_CALL_PRE void VMA_CALL_POST vmaGetAllocatorInfo(VmaAllocator allocator, VmaAllocatorInfo* pAllocatorInfo)
       |                                                     ^
       |                                                                  _Nonnull
../subprojects/VulkanMemoryAllocator/include/vk_mem_alloc.h:15249:93: warning: pointer is missing a nullability type specifier (_Nonnull, _Nullable, or _Null_unspecified) [-Wnullability-completeness]
 15249 | VMA_CALL_PRE void VMA_CALL_POST vmaGetAllocatorInfo(VmaAllocator allocator, VmaAllocatorInfo* pAllocatorInfo)
       |                                                                                             ^
../subprojects/VulkanMemoryAllocator/include/vk_mem_alloc.h:15249:93: note: insert '_Nullable' if the pointer may be null
 15249 | VMA_CALL_PRE void VMA_CALL_POST vmaGetAllocatorInfo(VmaAllocator allocator, VmaAllocatorInfo* pAllocatorInfo)
       |                                                                                             ^
       |                                                                                               _Nullable
../subprojects/VulkanMemoryAllocator/include/vk_mem_alloc.h:15249:93: note: insert '_Nonnull' if the pointer should never be null
 15249 | VMA_CALL_PRE void VMA_CALL_POST vmaGetAllocatorInfo(VmaAllocator allocator, VmaAllocatorInfo* pAllocatorInfo)
       |                                                                                             ^
       |                                                                                               _Nonnull
../subprojects/VulkanMemoryAllocator/include/vk_mem_alloc.h:15258:5: warning: pointer is missing a nullability type specifier (_Nonnull, _Nullable, or _Null_unspecified) [-Wnullability-completeness]
 15258 |     VmaAllocator allocator,
       |     ^
../subprojects/VulkanMemoryAllocator/include/vk_mem_alloc.h:15258:5: note: insert '_Nullable' if the pointer may be null
 15258 |     VmaAllocator allocator,
       |     ^
       |                  _Nullable
../subprojects/VulkanMemoryAllocator/include/vk_mem_alloc.h:15258:5: note: insert '_Nonnull' if the pointer should never be null
 15258 |     VmaAllocator allocator,
       |     ^
       |                  _Nonnull
../subprojects/VulkanMemoryAllocator/include/vk_mem_alloc.h:15259:38: warning: pointer is missing a nullability type specifier (_Nonnull, _Nullable, or _Null_unspecified) [-Wnullability-completeness]
 15259 |     const VkPhysicalDeviceProperties **ppPhysicalDeviceProperties)
       |                                      ^
../subprojects/VulkanMemoryAllocator/include/vk_mem_alloc.h:15259:38: note: insert '_Nullable' if the pointer may be null
 15259 |     const VkPhysicalDeviceProperties **ppPhysicalDeviceProperties)
       |                                      ^
       |                                       _Nullable
../subprojects/VulkanMemoryAllocator/include/vk_mem_alloc.h:15259:38: note: insert '_Nonnull' if the pointer should never be null
 15259 |     const VkPhysicalDeviceProperties **ppPhysicalDeviceProperties)
       |                                      ^
       |                                       _Nonnull
../subprojects/VulkanMemoryAllocator/include/vk_mem_alloc.h:15259:39: warning: pointer is missing a nullability type specifier (_Nonnull, _Nullable, or _Null_unspecified) [-Wnullability-completeness]
 15259 |     const VkPhysicalDeviceProperties **ppPhysicalDeviceProperties)
       |                                       ^
../subprojects/VulkanMemoryAllocator/include/vk_mem_alloc.h:15259:39: note: insert '_Nullable' if the pointer may be null
 15259 |     const VkPhysicalDeviceProperties **ppPhysicalDeviceProperties)
       |                                       ^
       |                                         _Nullable 
../subprojects/VulkanMemoryAllocator/include/vk_mem_alloc.h:15259:39: note: insert '_Nonnull' if the pointer should never be null
 15259 |     const VkPhysicalDeviceProperties **ppPhysicalDeviceProperties)
       |                                       ^
       |                                         _Nonnull 
../subprojects/VulkanMemoryAllocator/include/vk_mem_alloc.h:15266:5: warning: pointer is missing a nullability type specifier (_Nonnull, _Nullable, or _Null_unspecified) [-Wnullability-completeness]
 15266 |     VmaAllocator allocator,
       |     ^
../subprojects/VulkanMemoryAllocator/include/vk_mem_alloc.h:15266:5: note: insert '_Nullable' if the pointer may be null
 15266 |     VmaAllocator allocator,
       |     ^
       |                  _Nullable
../subprojects/VulkanMemoryAllocator/include/vk_mem_alloc.h:15266:5: note: insert '_Nonnull' if the pointer should never be null
 15266 |     VmaAllocator allocator,
       |     ^
       |                  _Nonnull
../subprojects/VulkanMemoryAllocator/include/vk_mem_alloc.h:15267:43: warning: pointer is missing a nullability type specifier (_Nonnull, _Nullable, or _Null_unspecified) [-Wnullability-completeness]
 15267 |     const VkPhysicalDeviceMemoryProperties** ppPhysicalDeviceMemoryProperties)
       |                                           ^
../subprojects/VulkanMemoryAllocator/include/vk_mem_alloc.h:15267:43: note: insert '_Nullable' if the pointer may be null
 15267 |     const VkPhysicalDeviceMemoryProperties** ppPhysicalDeviceMemoryProperties)
       |                                           ^
       |                                            _Nullable
../subprojects/VulkanMemoryAllocator/include/vk_mem_alloc.h:15267:43: note: insert '_Nonnull' if the pointer should never be null
 15267 |     const VkPhysicalDeviceMemoryProperties** ppPhysicalDeviceMemoryProperties)
       |                                           ^
       |                                            _Nonnull
../subprojects/VulkanMemoryAllocator/include/vk_mem_alloc.h:15267:44: warning: pointer is missing a nullability type specifier (_Nonnull, _Nullable, or _Null_unspecified) [-Wnullability-completeness]
 15267 |     const VkPhysicalDeviceMemoryProperties** ppPhysicalDeviceMemoryProperties)
       |                                            ^
../subprojects/VulkanMemoryAllocator/include/vk_mem_alloc.h:15267:44: note: insert '_Nullable' if the pointer may be null
 15267 |     const VkPhysicalDeviceMemoryProperties** ppPhysicalDeviceMemoryProperties)
       |                                            ^
       |                                              _Nullable
../subprojects/VulkanMemoryAllocator/include/vk_mem_alloc.h:15267:44: note: insert '_Nonnull' if the pointer should never be null
 15267 |     const VkPhysicalDeviceMemoryProperties** ppPhysicalDeviceMemoryProperties)
       |                                            ^
       |                                              _Nonnull
../subprojects/VulkanMemoryAllocator/include/vk_mem_alloc.h:15274:5: warning: pointer is missing a nullability type specifier (_Nonnull, _Nullable, or _Null_unspecified) [-Wnullability-completeness]
 15274 |     VmaAllocator allocator,
       |     ^
../subprojects/VulkanMemoryAllocator/include/vk_mem_alloc.h:15274:5: note: insert '_Nullable' if the pointer may be null
 15274 |     VmaAllocator allocator,
       |     ^
       |                  _Nullable
../subprojects/VulkanMemoryAllocator/include/vk_mem_alloc.h:15274:5: note: insert '_Nonnull' if the pointer should never be null
 15274 |     VmaAllocator allocator,
       |     ^
       |                  _Nonnull
../subprojects/VulkanMemoryAllocator/include/vk_mem_alloc.h:15276:26: warning: pointer is missing a nullability type specifier (_Nonnull, _Nullable, or _Null_unspecified) [-Wnullability-completeness]
 15276 |     VkMemoryPropertyFlags* pFlags)
       |                          ^
../subprojects/VulkanMemoryAllocator/include/vk_mem_alloc.h:15276:26: note: insert '_Nullable' if the pointer may be null
 15276 |     VkMemoryPropertyFlags* pFlags)
       |                          ^
       |                            _Nullable
../subprojects/VulkanMemoryAllocator/include/vk_mem_alloc.h:15276:26: note: insert '_Nonnull' if the pointer should never be null
 15276 |     VkMemoryPropertyFlags* pFlags)
       |                          ^
       |                            _Nonnull
../subprojects/VulkanMemoryAllocator/include/vk_mem_alloc.h:15284:5: warning: pointer is missing a nullability type specifier (_Nonnull, _Nullable, or _Null_unspecified) [-Wnullability-completeness]
 15284 |     VmaAllocator allocator,
       |     ^
../subprojects/VulkanMemoryAllocator/include/vk_mem_alloc.h:15284:5: note: insert '_Nullable' if the pointer may be null
 15284 |     VmaAllocator allocator,
       |     ^
       |                  _Nullable
../subprojects/VulkanMemoryAllocator/include/vk_mem_alloc.h:15284:5: note: insert '_Nonnull' if the pointer should never be null
 15284 |     VmaAllocator allocator,
       |     ^
       |                  _Nonnull
../subprojects/VulkanMemoryAllocator/include/vk_mem_alloc.h:15295:5: warning: pointer is missing a nullability type specifier (_Nonnull, _Nullable, or _Null_unspecified) [-Wnullability-completeness]
 15295 |     VmaAllocator allocator,
       |     ^
../subprojects/VulkanMemoryAllocator/include/vk_mem_alloc.h:15295:5: note: insert '_Nullable' if the pointer may be null
 15295 |     VmaAllocator allocator,
       |     ^
       |                  _Nullable
../subprojects/VulkanMemoryAllocator/include/vk_mem_alloc.h:15295:5: note: insert '_Nonnull' if the pointer should never be null
 15295 |     VmaAllocator allocator,
       |     ^
       |                  _Nonnull
../subprojects/VulkanMemoryAllocator/include/vk_mem_alloc.h:15296:23: warning: pointer is missing a nullability type specifier (_Nonnull, _Nullable, or _Null_unspecified) [-Wnullability-completeness]
 15296 |     VmaTotalStatistics* pStats)
       |                       ^
../subprojects/VulkanMemoryAllocator/include/vk_mem_alloc.h:15296:23: note: insert '_Nullable' if the pointer may be null
 15296 |     VmaTotalStatistics* pStats)
       |                       ^
       |                         _Nullable
../subprojects/VulkanMemoryAllocator/include/vk_mem_alloc.h:15296:23: note: insert '_Nonnull' if the pointer should never be null
 15296 |     VmaTotalStatistics* pStats)
       |                       ^
       |                         _Nonnull
../subprojects/VulkanMemoryAllocator/include/vk_mem_alloc.h:15304:5: warning: pointer is missing a nullability type specifier (_Nonnull, _Nullable, or _Null_unspecified) [-Wnullability-completeness]
 15304 |     VmaAllocator allocator,
       |     ^
../subprojects/VulkanMemoryAllocator/include/vk_mem_alloc.h:15304:5: note: insert '_Nullable' if the pointer may be null
 15304 |     VmaAllocator allocator,
       |     ^
       |                  _Nullable
../subprojects/VulkanMemoryAllocator/include/vk_mem_alloc.h:15304:5: note: insert '_Nonnull' if the pointer should never be null
 15304 |     VmaAllocator allocator,
       |     ^
       |                  _Nonnull
../subprojects/VulkanMemoryAllocator/include/vk_mem_alloc.h:15305:14: warning: pointer is missing a nullability type specifier (_Nonnull, _Nullable, or _Null_unspecified) [-Wnullability-completeness]
 15305 |     VmaBudget* pBudgets)
       |              ^
../subprojects/VulkanMemoryAllocator/include/vk_mem_alloc.h:15305:14: note: insert '_Nullable' if the pointer may be null
 15305 |     VmaBudget* pBudgets)
       |              ^
       |                _Nullable
../subprojects/VulkanMemoryAllocator/include/vk_mem_alloc.h:15305:14: note: insert '_Nonnull' if the pointer should never be null
 15305 |     VmaBudget* pBudgets)
       |              ^
       |                _Nonnull
../subprojects/VulkanMemoryAllocator/include/vk_mem_alloc.h:15315:5: warning: pointer is missing a nullability type specifier (_Nonnull, _Nullable, or _Null_unspecified) [-Wnullability-completeness]
 15315 |     VmaAllocator allocator,
       |     ^
../subprojects/VulkanMemoryAllocator/include/vk_mem_alloc.h:15315:5: note: insert '_Nullable' if the pointer may be null
 15315 |     VmaAllocator allocator,
       |     ^
       |                  _Nullable
../subprojects/VulkanMemoryAllocator/include/vk_mem_alloc.h:15315:5: note: insert '_Nonnull' if the pointer should never be null
 15315 |     VmaAllocator allocator,
       |     ^
       |                  _Nonnull
../subprojects/VulkanMemoryAllocator/include/vk_mem_alloc.h:15316:9: warning: pointer is missing a nullability type specifier (_Nonnull, _Nullable, or _Null_unspecified) [-Wnullability-completeness]
 15316 |     char** ppStatsString,
       |         ^
../subprojects/VulkanMemoryAllocator/include/vk_mem_alloc.h:15316:9: note: insert '_Nullable' if the pointer may be null
 15316 |     char** ppStatsString,
       |         ^
       |          _Nullable
../subprojects/VulkanMemoryAllocator/include/vk_mem_alloc.h:15316:9: note: insert '_Nonnull' if the pointer should never be null
 15316 |     char** ppStatsString,
       |         ^
       |          _Nonnull
../subprojects/VulkanMemoryAllocator/include/vk_mem_alloc.h:15316:10: warning: pointer is missing a nullability type specifier (_Nonnull, _Nullable, or _Null_unspecified) [-Wnullability-completeness]
 15316 |     char** ppStatsString,
       |          ^
../subprojects/VulkanMemoryAllocator/include/vk_mem_alloc.h:15316:10: note: insert '_Nullable' if the pointer may be null
 15316 |     char** ppStatsString,
       |          ^
       |            _Nullable
../subprojects/VulkanMemoryAllocator/include/vk_mem_alloc.h:15316:10: note: insert '_Nonnull' if the pointer should never be null
 15316 |     char** ppStatsString,
       |          ^
       |            _Nonnull
../subprojects/VulkanMemoryAllocator/include/vk_mem_alloc.h:15502:5: warning: pointer is missing a nullability type specifier (_Nonnull, _Nullable, or _Null_unspecified) [-Wnullability-completeness]
 15502 |     VmaAllocator allocator,
       |     ^
../subprojects/VulkanMemoryAllocator/include/vk_mem_alloc.h:15502:5: note: insert '_Nullable' if the pointer may be null
 15502 |     VmaAllocator allocator,
       |     ^
       |                  _Nullable
../subprojects/VulkanMemoryAllocator/include/vk_mem_alloc.h:15502:5: note: insert '_Nonnull' if the pointer should never be null
 15502 |     VmaAllocator allocator,
       |     ^
       |                  _Nonnull
../subprojects/VulkanMemoryAllocator/include/vk_mem_alloc.h:15503:9: warning: pointer is missing a nullability type specifier (_Nonnull, _Nullable, or _Null_unspecified) [-Wnullability-completeness]
 15503 |     char* pStatsString)
       |         ^
../subprojects/VulkanMemoryAllocator/include/vk_mem_alloc.h:15503:9: note: insert '_Nullable' if the pointer may be null
 15503 |     char* pStatsString)
       |         ^
       |           _Nullable
../subprojects/VulkanMemoryAllocator/include/vk_mem_alloc.h:15503:9: note: insert '_Nonnull' if the pointer should never be null
 15503 |     char* pStatsString)
       |         ^
       |           _Nonnull
../subprojects/VulkanMemoryAllocator/include/vk_mem_alloc.h:15518:5: warning: pointer is missing a nullability type specifier (_Nonnull, _Nullable, or _Null_unspecified) [-Wnullability-completeness]
 15518 |     VmaAllocator allocator,
       |     ^
../subprojects/VulkanMemoryAllocator/include/vk_mem_alloc.h:15518:5: note: insert '_Nullable' if the pointer may be null
 15518 |     VmaAllocator allocator,
       |     ^
       |                  _Nullable
../subprojects/VulkanMemoryAllocator/include/vk_mem_alloc.h:15518:5: note: insert '_Nonnull' if the pointer should never be null
 15518 |     VmaAllocator allocator,
       |     ^
       |                  _Nonnull
../subprojects/VulkanMemoryAllocator/include/vk_mem_alloc.h:15520:34: warning: pointer is missing a nullability type specifier (_Nonnull, _Nullable, or _Null_unspecified) [-Wnullability-completeness]
 15520 |     const VmaAllocationCreateInfo* pAllocationCreateInfo,
       |                                  ^
../subprojects/VulkanMemoryAllocator/include/vk_mem_alloc.h:15520:34: note: insert '_Nullable' if the pointer may be null
 15520 |     const VmaAllocationCreateInfo* pAllocationCreateInfo,
       |                                  ^
       |                                    _Nullable
../subprojects/VulkanMemoryAllocator/include/vk_mem_alloc.h:15520:34: note: insert '_Nonnull' if the pointer should never be null
 15520 |     const VmaAllocationCreateInfo* pAllocationCreateInfo,
       |                                  ^
       |                                    _Nonnull
../subprojects/VulkanMemoryAllocator/include/vk_mem_alloc.h:15521:13: warning: pointer is missing a nullability type specifier (_Nonnull, _Nullable, or _Null_unspecified) [-Wnullability-completeness]
 15521 |     uint32_t* pMemoryTypeIndex)
       |             ^
../subprojects/VulkanMemoryAllocator/include/vk_mem_alloc.h:15521:13: note: insert '_Nullable' if the pointer may be null
 15521 |     uint32_t* pMemoryTypeIndex)
       |             ^
       |               _Nullable
../subprojects/VulkanMemoryAllocator/include/vk_mem_alloc.h:15521:13: note: insert '_Nonnull' if the pointer should never be null
 15521 |     uint32_t* pMemoryTypeIndex)
       |             ^
       |               _Nonnull
../subprojects/VulkanMemoryAllocator/include/vk_mem_alloc.h:15531:5: warning: pointer is missing a nullability type specifier (_Nonnull, _Nullable, or _Null_unspecified) [-Wnullability-completeness]
 15531 |     VmaAllocator allocator,
       |     ^
../subprojects/VulkanMemoryAllocator/include/vk_mem_alloc.h:15531:5: note: insert '_Nullable' if the pointer may be null
 15531 |     VmaAllocator allocator,
       |     ^
       |                  _Nullable
../subprojects/VulkanMemoryAllocator/include/vk_mem_alloc.h:15531:5: note: insert '_Nonnull' if the pointer should never be null
 15531 |     VmaAllocator allocator,
       |     ^
       |                  _Nonnull
../subprojects/VulkanMemoryAllocator/include/vk_mem_alloc.h:15532:29: warning: pointer is missing a nullability type specifier (_Nonnull, _Nullable, or _Null_unspecified) [-Wnullability-completeness]
 15532 |     const VkBufferCreateInfo* pBufferCreateInfo,
       |                             ^
../subprojects/VulkanMemoryAllocator/include/vk_mem_alloc.h:15532:29: note: insert '_Nullable' if the pointer may be null
 15532 |     const VkBufferCreateInfo* pBufferCreateInfo,
       |                             ^
       |                               _Nullable
../subprojects/VulkanMemoryAllocator/include/vk_mem_alloc.h:15532:29: note: insert '_Nonnull' if the pointer should never be null
 15532 |     const VkBufferCreateInfo* pBufferCreateInfo,
       |                             ^
       |                               _Nonnull
../subprojects/VulkanMemoryAllocator/include/vk_mem_alloc.h:15533:34: warning: pointer is missing a nullability type specifier (_Nonnull, _Nullable, or _Null_unspecified) [-Wnullability-completeness]
 15533 |     const VmaAllocationCreateInfo* pAllocationCreateInfo,
       |                                  ^
../subprojects/VulkanMemoryAllocator/include/vk_mem_alloc.h:15533:34: note: insert '_Nullable' if the pointer may be null
 15533 |     const VmaAllocationCreateInfo* pAllocationCreateInfo,
       |                                  ^
       |                                    _Nullable
../subprojects/VulkanMemoryAllocator/include/vk_mem_alloc.h:15533:34: note: insert '_Nonnull' if the pointer should never be null
 15533 |     const VmaAllocationCreateInfo* pAllocationCreateInfo,
       |                                  ^
       |                                    _Nonnull
../subprojects/VulkanMemoryAllocator/include/vk_mem_alloc.h:15534:13: warning: pointer is missing a nullability type specifier (_Nonnull, _Nullable, or _Null_unspecified) [-Wnullability-completeness]
 15534 |     uint32_t* pMemoryTypeIndex)
       |             ^
../subprojects/VulkanMemoryAllocator/include/vk_mem_alloc.h:15534:13: note: insert '_Nullable' if the pointer may be null
 15534 |     uint32_t* pMemoryTypeIndex)
       |             ^
       |               _Nullable
../subprojects/VulkanMemoryAllocator/include/vk_mem_alloc.h:15534:13: note: insert '_Nonnull' if the pointer should never be null
 15534 |     uint32_t* pMemoryTypeIndex)
       |             ^
       |               _Nonnull
../subprojects/VulkanMemoryAllocator/include/vk_mem_alloc.h:15583:5: warning: pointer is missing a nullability type specifier (_Nonnull, _Nullable, or _Null_unspecified) [-Wnullability-completeness]
 15583 |     VmaAllocator allocator,
       |     ^
../subprojects/VulkanMemoryAllocator/include/vk_mem_alloc.h:15583:5: note: insert '_Nullable' if the pointer may be null
 15583 |     VmaAllocator allocator,
       |     ^
       |                  _Nullable
../subprojects/VulkanMemoryAllocator/include/vk_mem_alloc.h:15583:5: note: insert '_Nonnull' if the pointer should never be null
 15583 |     VmaAllocator allocator,
       |     ^
       |                  _Nonnull
../subprojects/VulkanMemoryAllocator/include/vk_mem_alloc.h:15584:28: warning: pointer is missing a nullability type specifier (_Nonnull, _Nullable, or _Null_unspecified) [-Wnullability-completeness]
 15584 |     const VkImageCreateInfo* pImageCreateInfo,
       |                            ^
../subprojects/VulkanMemoryAllocator/include/vk_mem_alloc.h:15584:28: note: insert '_Nullable' if the pointer may be null
 15584 |     const VkImageCreateInfo* pImageCreateInfo,
       |                            ^
       |                              _Nullable
../subprojects/VulkanMemoryAllocator/include/vk_mem_alloc.h:15584:28: note: insert '_Nonnull' if the pointer should never be null
 15584 |     const VkImageCreateInfo* pImageCreateInfo,
       |                            ^
       |                              _Nonnull
../subprojects/VulkanMemoryAllocator/include/vk_mem_alloc.h:15585:34: warning: pointer is missing a nullability type specifier (_Nonnull, _Nullable, or _Null_unspecified) [-Wnullability-completeness]
 15585 |     const VmaAllocationCreateInfo* pAllocationCreateInfo,
       |                                  ^
../subprojects/VulkanMemoryAllocator/include/vk_mem_alloc.h:15585:34: note: insert '_Nullable' if the pointer may be null
 15585 |     const VmaAllocationCreateInfo* pAllocationCreateInfo,
       |                                  ^
       |                                    _Nullable
../subprojects/VulkanMemoryAllocator/include/vk_mem_alloc.h:15585:34: note: insert '_Nonnull' if the pointer should never be null
 15585 |     const VmaAllocationCreateInfo* pAllocationCreateInfo,
       |                                  ^
       |                                    _Nonnull
../subprojects/VulkanMemoryAllocator/include/vk_mem_alloc.h:15586:13: warning: pointer is missing a nullability type specifier (_Nonnull, _Nullable, or _Null_unspecified) [-Wnullability-completeness]
 15586 |     uint32_t* pMemoryTypeIndex)
       |             ^
../subprojects/VulkanMemoryAllocator/include/vk_mem_alloc.h:15586:13: note: insert '_Nullable' if the pointer may be null
 15586 |     uint32_t* pMemoryTypeIndex)
       |             ^
       |               _Nullable
../subprojects/VulkanMemoryAllocator/include/vk_mem_alloc.h:15586:13: note: insert '_Nonnull' if the pointer should never be null
 15586 |     uint32_t* pMemoryTypeIndex)
       |             ^
       |               _Nonnull
../subprojects/VulkanMemoryAllocator/include/vk_mem_alloc.h:15637:5: warning: pointer is missing a nullability type specifier (_Nonnull, _Nullable, or _Null_unspecified) [-Wnullability-completeness]
 15637 |     VmaAllocator allocator,
       |     ^
../subprojects/VulkanMemoryAllocator/include/vk_mem_alloc.h:15637:5: note: insert '_Nullable' if the pointer may be null
 15637 |     VmaAllocator allocator,
       |     ^
       |                  _Nullable
../subprojects/VulkanMemoryAllocator/include/vk_mem_alloc.h:15637:5: note: insert '_Nonnull' if the pointer should never be null
 15637 |     VmaAllocator allocator,
       |     ^
       |                  _Nonnull
../subprojects/VulkanMemoryAllocator/include/vk_mem_alloc.h:15638:28: warning: pointer is missing a nullability type specifier (_Nonnull, _Nullable, or _Null_unspecified) [-Wnullability-completeness]
 15638 |     const VmaPoolCreateInfo* pCreateInfo,
       |                            ^
../subprojects/VulkanMemoryAllocator/include/vk_mem_alloc.h:15638:28: note: insert '_Nullable' if the pointer may be null
 15638 |     const VmaPoolCreateInfo* pCreateInfo,
       |                            ^
       |                              _Nullable
../subprojects/VulkanMemoryAllocator/include/vk_mem_alloc.h:15638:28: note: insert '_Nonnull' if the pointer should never be null
 15638 |     const VmaPoolCreateInfo* pCreateInfo,
       |                            ^
       |                              _Nonnull
../subprojects/VulkanMemoryAllocator/include/vk_mem_alloc.h:15639:5: warning: pointer is missing a nullability type specifier (_Nonnull, _Nullable, or _Null_unspecified) [-Wnullability-completeness]
 15639 |     VmaPool* pPool)
       |     ^
../subprojects/VulkanMemoryAllocator/include/vk_mem_alloc.h:15639:5: note: insert '_Nullable' if the pointer may be null
 15639 |     VmaPool* pPool)
       |     ^      
       |             _Nullable 
../subprojects/VulkanMemoryAllocator/include/vk_mem_alloc.h:15639:5: note: insert '_Nonnull' if the pointer should never be null
 15639 |     VmaPool* pPool)
       |     ^      
       |             _Nonnull 
../subprojects/VulkanMemoryAllocator/include/vk_mem_alloc.h:15639:12: warning: pointer is missing a nullability type specifier (_Nonnull, _Nullable, or _Null_unspecified) [-Wnullability-completeness]
 15639 |     VmaPool* pPool)
       |            ^
../subprojects/VulkanMemoryAllocator/include/vk_mem_alloc.h:15639:12: note: insert '_Nullable' if the pointer may be null
 15639 |     VmaPool* pPool)
       |            ^
       |              _Nullable
../subprojects/VulkanMemoryAllocator/include/vk_mem_alloc.h:15639:12: note: insert '_Nonnull' if the pointer should never be null
 15639 |     VmaPool* pPool)
       |            ^
       |              _Nonnull
../subprojects/VulkanMemoryAllocator/include/vk_mem_alloc.h:15651:5: warning: pointer is missing a nullability type specifier (_Nonnull, _Nullable, or _Null_unspecified) [-Wnullability-completeness]
 15651 |     VmaAllocator allocator,
       |     ^
../subprojects/VulkanMemoryAllocator/include/vk_mem_alloc.h:15651:5: note: insert '_Nullable' if the pointer may be null
 15651 |     VmaAllocator allocator,
       |     ^
       |                  _Nullable
../subprojects/VulkanMemoryAllocator/include/vk_mem_alloc.h:15651:5: note: insert '_Nonnull' if the pointer should never be null
 15651 |     VmaAllocator allocator,
       |     ^
       |                  _Nonnull
../subprojects/VulkanMemoryAllocator/include/vk_mem_alloc.h:15652:5: warning: pointer is missing a nullability type specifier (_Nonnull, _Nullable, or _Null_unspecified) [-Wnullability-completeness]
 15652 |     VmaPool pool)
       |     ^
../subprojects/VulkanMemoryAllocator/include/vk_mem_alloc.h:15652:5: note: insert '_Nullable' if the pointer may be null
 15652 |     VmaPool pool)
       |     ^
       |             _Nullable
../subprojects/VulkanMemoryAllocator/include/vk_mem_alloc.h:15652:5: note: insert '_Nonnull' if the pointer should never be null
 15652 |     VmaPool pool)
       |     ^
       |             _Nonnull
../subprojects/VulkanMemoryAllocator/include/vk_mem_alloc.h:15669:5: warning: pointer is missing a nullability type specifier (_Nonnull, _Nullable, or _Null_unspecified) [-Wnullability-completeness]
 15669 |     VmaAllocator allocator,
       |     ^
../subprojects/VulkanMemoryAllocator/include/vk_mem_alloc.h:15669:5: note: insert '_Nullable' if the pointer may be null
 15669 |     VmaAllocator allocator,
       |     ^
       |                  _Nullable
../subprojects/VulkanMemoryAllocator/include/vk_mem_alloc.h:15669:5: note: insert '_Nonnull' if the pointer should never be null
 15669 |     VmaAllocator allocator,
       |     ^
       |                  _Nonnull
../subprojects/VulkanMemoryAllocator/include/vk_mem_alloc.h:15670:5: warning: pointer is missing a nullability type specifier (_Nonnull, _Nullable, or _Null_unspecified) [-Wnullability-completeness]
 15670 |     VmaPool pool,
       |     ^
../subprojects/VulkanMemoryAllocator/include/vk_mem_alloc.h:15670:5: note: insert '_Nullable' if the pointer may be null
 15670 |     VmaPool pool,
       |     ^
       |             _Nullable
../subprojects/VulkanMemoryAllocator/include/vk_mem_alloc.h:15670:5: note: insert '_Nonnull' if the pointer should never be null
 15670 |     VmaPool pool,
       |     ^
       |             _Nonnull
../subprojects/VulkanMemoryAllocator/include/vk_mem_alloc.h:15671:18: warning: pointer is missing a nullability type specifier (_Nonnull, _Nullable, or _Null_unspecified) [-Wnullability-completeness]
 15671 |     VmaStatistics* pPoolStats)
       |                  ^
../subprojects/VulkanMemoryAllocator/include/vk_mem_alloc.h:15671:18: note: insert '_Nullable' if the pointer may be null
 15671 |     VmaStatistics* pPoolStats)
       |                  ^
       |                    _Nullable
../subprojects/VulkanMemoryAllocator/include/vk_mem_alloc.h:15671:18: note: insert '_Nonnull' if the pointer should never be null
 15671 |     VmaStatistics* pPoolStats)
       |                  ^
       |                    _Nonnull
../subprojects/VulkanMemoryAllocator/include/vk_mem_alloc.h:15681:5: warning: pointer is missing a nullability type specifier (_Nonnull, _Nullable, or _Null_unspecified) [-Wnullability-completeness]
 15681 |     VmaAllocator allocator,
       |     ^
../subprojects/VulkanMemoryAllocator/include/vk_mem_alloc.h:15681:5: note: insert '_Nullable' if the pointer may be null
 15681 |     VmaAllocator allocator,
       |     ^
       |                  _Nullable
../subprojects/VulkanMemoryAllocator/include/vk_mem_alloc.h:15681:5: note: insert '_Nonnull' if the pointer should never be null
 15681 |     VmaAllocator allocator,
       |     ^
       |                  _Nonnull
../subprojects/VulkanMemoryAllocator/include/vk_mem_alloc.h:15682:5: warning: pointer is missing a nullability type specifier (_Nonnull, _Nullable, or _Null_unspecified) [-Wnullability-completeness]
 15682 |     VmaPool pool,
       |     ^
../subprojects/VulkanMemoryAllocator/include/vk_mem_alloc.h:15682:5: note: insert '_Nullable' if the pointer may be null
 15682 |     VmaPool pool,
       |     ^
       |             _Nullable
../subprojects/VulkanMemoryAllocator/include/vk_mem_alloc.h:15682:5: note: insert '_Nonnull' if the pointer should never be null
 15682 |     VmaPool pool,
       |     ^
       |             _Nonnull
../subprojects/VulkanMemoryAllocator/include/vk_mem_alloc.h:15683:26: warning: pointer is missing a nullability type specifier (_Nonnull, _Nullable, or _Null_unspecified) [-Wnullability-completeness]
 15683 |     VmaDetailedStatistics* pPoolStats)
       |                          ^
../subprojects/VulkanMemoryAllocator/include/vk_mem_alloc.h:15683:26: note: insert '_Nullable' if the pointer may be null
 15683 |     VmaDetailedStatistics* pPoolStats)
       |                          ^
       |                            _Nullable
../subprojects/VulkanMemoryAllocator/include/vk_mem_alloc.h:15683:26: note: insert '_Nonnull' if the pointer should never be null
 15683 |     VmaDetailedStatistics* pPoolStats)
       |                          ^
       |                            _Nonnull
../subprojects/VulkanMemoryAllocator/include/vk_mem_alloc.h:15692:60: warning: pointer is missing a nullability type specifier (_Nonnull, _Nullable, or _Null_unspecified) [-Wnullability-completeness]
 15692 | VMA_CALL_PRE VkResult VMA_CALL_POST vmaCheckPoolCorruption(VmaAllocator allocator, VmaPool pool)
       |                                                            ^
../subprojects/VulkanMemoryAllocator/include/vk_mem_alloc.h:15692:60: note: insert '_Nullable' if the pointer may be null
 15692 | VMA_CALL_PRE VkResult VMA_CALL_POST vmaCheckPoolCorruption(VmaAllocator allocator, VmaPool pool)
       |                                                            ^
       |                                                                         _Nullable
../subprojects/VulkanMemoryAllocator/include/vk_mem_alloc.h:15692:60: note: insert '_Nonnull' if the pointer should never be null
 15692 | VMA_CALL_PRE VkResult VMA_CALL_POST vmaCheckPoolCorruption(VmaAllocator allocator, VmaPool pool)
       |                                                            ^
       |                                                                         _Nonnull
../subprojects/VulkanMemoryAllocator/include/vk_mem_alloc.h:15692:84: warning: pointer is missing a nullability type specifier (_Nonnull, _Nullable, or _Null_unspecified) [-Wnullability-completeness]
 15692 | VMA_CALL_PRE VkResult VMA_CALL_POST vmaCheckPoolCorruption(VmaAllocator allocator, VmaPool pool)
       |                                                                                    ^
../subprojects/VulkanMemoryAllocator/include/vk_mem_alloc.h:15692:84: note: insert '_Nullable' if the pointer may be null
 15692 | VMA_CALL_PRE VkResult VMA_CALL_POST vmaCheckPoolCorruption(VmaAllocator allocator, VmaPool pool)
       |                                                                                    ^
       |                                                                                            _Nullable
../subprojects/VulkanMemoryAllocator/include/vk_mem_alloc.h:15692:84: note: insert '_Nonnull' if the pointer should never be null
 15692 | VMA_CALL_PRE VkResult VMA_CALL_POST vmaCheckPoolCorruption(VmaAllocator allocator, VmaPool pool)
       |                                                                                    ^
       |                                                                                            _Nonnull
../subprojects/VulkanMemoryAllocator/include/vk_mem_alloc.h:15704:5: warning: pointer is missing a nullability type specifier (_Nonnull, _Nullable, or _Null_unspecified) [-Wnullability-completeness]
 15704 |     VmaAllocator allocator,
       |     ^
../subprojects/VulkanMemoryAllocator/include/vk_mem_alloc.h:15704:5: note: insert '_Nullable' if the pointer may be null
 15704 |     VmaAllocator allocator,
       |     ^
       |                  _Nullable
../subprojects/VulkanMemoryAllocator/include/vk_mem_alloc.h:15704:5: note: insert '_Nonnull' if the pointer should never be null
 15704 |     VmaAllocator allocator,
       |     ^
       |                  _Nonnull
../subprojects/VulkanMemoryAllocator/include/vk_mem_alloc.h:15705:5: warning: pointer is missing a nullability type specifier (_Nonnull, _Nullable, or _Null_unspecified) [-Wnullability-completeness]
 15705 |     VmaPool pool,
       |     ^
../subprojects/VulkanMemoryAllocator/include/vk_mem_alloc.h:15705:5: note: insert '_Nullable' if the pointer may be null
 15705 |     VmaPool pool,
       |     ^
       |             _Nullable
../subprojects/VulkanMemoryAllocator/include/vk_mem_alloc.h:15705:5: note: insert '_Nonnull' if the pointer should never be null
 15705 |     VmaPool pool,
       |     ^
       |             _Nonnull
../subprojects/VulkanMemoryAllocator/include/vk_mem_alloc.h:15706:15: warning: pointer is missing a nullability type specifier (_Nonnull, _Nullable, or _Null_unspecified) [-Wnullability-completeness]
 15706 |     const char** ppName)
       |               ^
../subprojects/VulkanMemoryAllocator/include/vk_mem_alloc.h:15706:15: note: insert '_Nullable' if the pointer may be null
 15706 |     const char** ppName)
       |               ^
       |                _Nullable
../subprojects/VulkanMemoryAllocator/include/vk_mem_alloc.h:15706:15: note: insert '_Nonnull' if the pointer should never be null
 15706 |     const char** ppName)
       |               ^
       |                _Nonnull
../subprojects/VulkanMemoryAllocator/include/vk_mem_alloc.h:15706:16: warning: pointer is missing a nullability type specifier (_Nonnull, _Nullable, or _Null_unspecified) [-Wnullability-completeness]
 15706 |     const char** ppName)
       |                ^
../subprojects/VulkanMemoryAllocator/include/vk_mem_alloc.h:15706:16: note: insert '_Nullable' if the pointer may be null
 15706 |     const char** ppName)
       |                ^
       |                  _Nullable
../subprojects/VulkanMemoryAllocator/include/vk_mem_alloc.h:15706:16: note: insert '_Nonnull' if the pointer should never be null
 15706 |     const char** ppName)
       |                ^
       |                  _Nonnull
../subprojects/VulkanMemoryAllocator/include/vk_mem_alloc.h:15718:5: warning: pointer is missing a nullability type specifier (_Nonnull, _Nullable, or _Null_unspecified) [-Wnullability-completeness]
 15718 |     VmaAllocator allocator,
       |     ^
../subprojects/VulkanMemoryAllocator/include/vk_mem_alloc.h:15718:5: note: insert '_Nullable' if the pointer may be null
 15718 |     VmaAllocator allocator,
       |     ^
       |                  _Nullable
../subprojects/VulkanMemoryAllocator/include/vk_mem_alloc.h:15718:5: note: insert '_Nonnull' if the pointer should never be null
 15718 |     VmaAllocator allocator,
       |     ^
       |                  _Nonnull
../subprojects/VulkanMemoryAllocator/include/vk_mem_alloc.h:15719:5: warning: pointer is missing a nullability type specifier (_Nonnull, _Nullable, or _Null_unspecified) [-Wnullability-completeness]
 15719 |     VmaPool pool,
       |     ^
../subprojects/VulkanMemoryAllocator/include/vk_mem_alloc.h:15719:5: note: insert '_Nullable' if the pointer may be null
 15719 |     VmaPool pool,
       |     ^
       |             _Nullable
../subprojects/VulkanMemoryAllocator/include/vk_mem_alloc.h:15719:5: note: insert '_Nonnull' if the pointer should never be null
 15719 |     VmaPool pool,
       |     ^
       |             _Nonnull
../subprojects/VulkanMemoryAllocator/include/vk_mem_alloc.h:15720:15: warning: pointer is missing a nullability type specifier (_Nonnull, _Nullable, or _Null_unspecified) [-Wnullability-completeness]
 15720 |     const char* pName)
       |               ^
../subprojects/VulkanMemoryAllocator/include/vk_mem_alloc.h:15720:15: note: insert '_Nullable' if the pointer may be null
 15720 |     const char* pName)
       |               ^
       |                 _Nullable
../subprojects/VulkanMemoryAllocator/include/vk_mem_alloc.h:15720:15: note: insert '_Nonnull' if the pointer should never be null
 15720 |     const char* pName)
       |               ^
       |                 _Nonnull
../subprojects/VulkanMemoryAllocator/include/vk_mem_alloc.h:15732:5: warning: pointer is missing a nullability type specifier (_Nonnull, _Nullable, or _Null_unspecified) [-Wnullability-completeness]
 15732 |     VmaAllocator allocator,
       |     ^
../subprojects/VulkanMemoryAllocator/include/vk_mem_alloc.h:15732:5: note: insert '_Nullable' if the pointer may be null
 15732 |     VmaAllocator allocator,
       |     ^
       |                  _Nullable
../subprojects/VulkanMemoryAllocator/include/vk_mem_alloc.h:15732:5: note: insert '_Nonnull' if the pointer should never be null
 15732 |     VmaAllocator allocator,
       |     ^
       |                  _Nonnull
../subprojects/VulkanMemoryAllocator/include/vk_mem_alloc.h:15733:31: warning: pointer is missing a nullability type specifier (_Nonnull, _Nullable, or _Null_unspecified) [-Wnullability-completeness]
 15733 |     const VkMemoryRequirements* pVkMemoryRequirements,
       |                               ^
../subprojects/VulkanMemoryAllocator/include/vk_mem_alloc.h:15733:31: note: insert '_Nullable' if the pointer may be null
 15733 |     const VkMemoryRequirements* pVkMemoryRequirements,
       |                               ^
       |                                 _Nullable
../subprojects/VulkanMemoryAllocator/include/vk_mem_alloc.h:15733:31: note: insert '_Nonnull' if the pointer should never be null
 15733 |     const VkMemoryRequirements* pVkMemoryRequirements,
       |                               ^
       |                                 _Nonnull
../subprojects/VulkanMemoryAllocator/include/vk_mem_alloc.h:15734:34: warning: pointer is missing a nullability type specifier (_Nonnull, _Nullable, or _Null_unspecified) [-Wnullability-completeness]
 15734 |     const VmaAllocationCreateInfo* pCreateInfo,
       |                                  ^
../subprojects/VulkanMemoryAllocator/include/vk_mem_alloc.h:15734:34: note: insert '_Nullable' if the pointer may be null
 15734 |     const VmaAllocationCreateInfo* pCreateInfo,
       |                                  ^
       |                                    _Nullable
../subprojects/VulkanMemoryAllocator/include/vk_mem_alloc.h:15734:34: note: insert '_Nonnull' if the pointer should never be null
 15734 |     const VmaAllocationCreateInfo* pCreateInfo,
       |                                  ^
       |                                    _Nonnull
../subprojects/VulkanMemoryAllocator/include/vk_mem_alloc.h:15735:5: warning: pointer is missing a nullability type specifier (_Nonnull, _Nullable, or _Null_unspecified) [-Wnullability-completeness]
 15735 |     VmaAllocation* pAllocation,
       |     ^
../subprojects/VulkanMemoryAllocator/include/vk_mem_alloc.h:15735:5: note: insert '_Nullable' if the pointer may be null
 15735 |     VmaAllocation* pAllocation,
       |     ^            
       |                   _Nullable 
../subprojects/VulkanMemoryAllocator/include/vk_mem_alloc.h:15735:5: note: insert '_Nonnull' if the pointer should never be null
 15735 |     VmaAllocation* pAllocation,
       |     ^            
       |                   _Nonnull 
../subprojects/VulkanMemoryAllocator/include/vk_mem_alloc.h:15735:18: warning: pointer is missing a nullability type specifier (_Nonnull, _Nullable, or _Null_unspecified) [-Wnullability-completeness]
 15735 |     VmaAllocation* pAllocation,
       |                  ^
../subprojects/VulkanMemoryAllocator/include/vk_mem_alloc.h:15735:18: note: insert '_Nullable' if the pointer may be null
 15735 |     VmaAllocation* pAllocation,
       |                  ^
       |                    _Nullable
../subprojects/VulkanMemoryAllocator/include/vk_mem_alloc.h:15735:18: note: insert '_Nonnull' if the pointer should never be null
 15735 |     VmaAllocation* pAllocation,
       |                  ^
       |                    _Nonnull
../subprojects/VulkanMemoryAllocator/include/vk_mem_alloc.h:15736:22: warning: pointer is missing a nullability type specifier (_Nonnull, _Nullable, or _Null_unspecified) [-Wnullability-completeness]
 15736 |     VmaAllocationInfo* pAllocationInfo)
       |                      ^
../subprojects/VulkanMemoryAllocator/include/vk_mem_alloc.h:15736:22: note: insert '_Nullable' if the pointer may be null
 15736 |     VmaAllocationInfo* pAllocationInfo)
       |                      ^
       |                        _Nullable
../subprojects/VulkanMemoryAllocator/include/vk_mem_alloc.h:15736:22: note: insert '_Nonnull' if the pointer should never be null
 15736 |     VmaAllocationInfo* pAllocationInfo)
       |                      ^
       |                        _Nonnull
../subprojects/VulkanMemoryAllocator/include/vk_mem_alloc.h:15765:5: warning: pointer is missing a nullability type specifier (_Nonnull, _Nullable, or _Null_unspecified) [-Wnullability-completeness]
 15765 |     VmaAllocator allocator,
       |     ^
../subprojects/VulkanMemoryAllocator/include/vk_mem_alloc.h:15765:5: note: insert '_Nullable' if the pointer may be null
 15765 |     VmaAllocator allocator,
       |     ^
       |                  _Nullable
../subprojects/VulkanMemoryAllocator/include/vk_mem_alloc.h:15765:5: note: insert '_Nonnull' if the pointer should never be null
 15765 |     VmaAllocator allocator,
       |     ^
       |                  _Nonnull
../subprojects/VulkanMemoryAllocator/include/vk_mem_alloc.h:15766:31: warning: pointer is missing a nullability type specifier (_Nonnull, _Nullable, or _Null_unspecified) [-Wnullability-completeness]
 15766 |     const VkMemoryRequirements* pVkMemoryRequirements,
       |                               ^
../subprojects/VulkanMemoryAllocator/include/vk_mem_alloc.h:15766:31: note: insert '_Nullable' if the pointer may be null
 15766 |     const VkMemoryRequirements* pVkMemoryRequirements,
       |                               ^
       |                                 _Nullable
../subprojects/VulkanMemoryAllocator/include/vk_mem_alloc.h:15766:31: note: insert '_Nonnull' if the pointer should never be null
 15766 |     const VkMemoryRequirements* pVkMemoryRequirements,
       |                               ^
       |                                 _Nonnull
../subprojects/VulkanMemoryAllocator/include/vk_mem_alloc.h:15767:34: warning: pointer is missing a nullability type specifier (_Nonnull, _Nullable, or _Null_unspecified) [-Wnullability-completeness]
 15767 |     const VmaAllocationCreateInfo* pCreateInfo,
       |                                  ^
../subprojects/VulkanMemoryAllocator/include/vk_mem_alloc.h:15767:34: note: insert '_Nullable' if the pointer may be null
 15767 |     const VmaAllocationCreateInfo* pCreateInfo,
       |                                  ^
       |                                    _Nullable
../subprojects/VulkanMemoryAllocator/include/vk_mem_alloc.h:15767:34: note: insert '_Nonnull' if the pointer should never be null
 15767 |     const VmaAllocationCreateInfo* pCreateInfo,
       |                                  ^
       |                                    _Nonnull
../subprojects/VulkanMemoryAllocator/include/vk_mem_alloc.h:15769:5: warning: pointer is missing a nullability type specifier (_Nonnull, _Nullable, or _Null_unspecified) [-Wnullability-completeness]
 15769 |     VmaAllocation* pAllocations,
       |     ^
../subprojects/VulkanMemoryAllocator/include/vk_mem_alloc.h:15769:5: note: insert '_Nullable' if the pointer may be null
 15769 |     VmaAllocation* pAllocations,
       |     ^            
       |                   _Nullable 
../subprojects/VulkanMemoryAllocator/include/vk_mem_alloc.h:15769:5: note: insert '_Nonnull' if the pointer should never be null
 15769 |     VmaAllocation* pAllocations,
       |     ^            
       |                   _Nonnull 
../subprojects/VulkanMemoryAllocator/include/vk_mem_alloc.h:15769:18: warning: pointer is missing a nullability type specifier (_Nonnull, _Nullable, or _Null_unspecified) [-Wnullability-completeness]
 15769 |     VmaAllocation* pAllocations,
       |                  ^
../subprojects/VulkanMemoryAllocator/include/vk_mem_alloc.h:15769:18: note: insert '_Nullable' if the pointer may be null
 15769 |     VmaAllocation* pAllocations,
       |                  ^
       |                    _Nullable
../subprojects/VulkanMemoryAllocator/include/vk_mem_alloc.h:15769:18: note: insert '_Nonnull' if the pointer should never be null
 15769 |     VmaAllocation* pAllocations,
       |                  ^
       |                    _Nonnull
../subprojects/VulkanMemoryAllocator/include/vk_mem_alloc.h:15770:22: warning: pointer is missing a nullability type specifier (_Nonnull, _Nullable, or _Null_unspecified) [-Wnullability-completeness]
 15770 |     VmaAllocationInfo* pAllocationInfo)
       |                      ^
../subprojects/VulkanMemoryAllocator/include/vk_mem_alloc.h:15770:22: note: insert '_Nullable' if the pointer may be null
 15770 |     VmaAllocationInfo* pAllocationInfo)
       |                      ^
       |                        _Nullable
../subprojects/VulkanMemoryAllocator/include/vk_mem_alloc.h:15770:22: note: insert '_Nonnull' if the pointer should never be null
 15770 |     VmaAllocationInfo* pAllocationInfo)
       |                      ^
       |                        _Nonnull
../subprojects/VulkanMemoryAllocator/include/vk_mem_alloc.h:15807:5: warning: pointer is missing a nullability type specifier (_Nonnull, _Nullable, or _Null_unspecified) [-Wnullability-completeness]
 15807 |     VmaAllocator allocator,
       |     ^
../subprojects/VulkanMemoryAllocator/include/vk_mem_alloc.h:15807:5: note: insert '_Nullable' if the pointer may be null
 15807 |     VmaAllocator allocator,
       |     ^
       |                  _Nullable
../subprojects/VulkanMemoryAllocator/include/vk_mem_alloc.h:15807:5: note: insert '_Nonnull' if the pointer should never be null
 15807 |     VmaAllocator allocator,
       |     ^
       |                  _Nonnull
../subprojects/VulkanMemoryAllocator/include/vk_mem_alloc.h:15808:5: warning: pointer is missing a nullability type specifier (_Nonnull, _Nullable, or _Null_unspecified) [-Wnullability-completeness]
 15808 |     VkBuffer buffer,
       |     ^
../subprojects/VulkanMemoryAllocator/include/vk_mem_alloc.h:15808:5: note: insert '_Nullable' if the pointer may be null
 15808 |     VkBuffer buffer,
       |     ^
       |              _Nullable
../subprojects/VulkanMemoryAllocator/include/vk_mem_alloc.h:15808:5: note: insert '_Nonnull' if the pointer should never be null
 15808 |     VkBuffer buffer,
       |     ^
       |              _Nonnull
../subprojects/VulkanMemoryAllocator/include/vk_mem_alloc.h:15809:34: warning: pointer is missing a nullability type specifier (_Nonnull, _Nullable, or _Null_unspecified) [-Wnullability-completeness]
 15809 |     const VmaAllocationCreateInfo* pCreateInfo,
       |                                  ^
../subprojects/VulkanMemoryAllocator/include/vk_mem_alloc.h:15809:34: note: insert '_Nullable' if the pointer may be null
 15809 |     const VmaAllocationCreateInfo* pCreateInfo,
       |                                  ^
       |                                    _Nullable
../subprojects/VulkanMemoryAllocator/include/vk_mem_alloc.h:15809:34: note: insert '_Nonnull' if the pointer should never be null
 15809 |     const VmaAllocationCreateInfo* pCreateInfo,
       |                                  ^
       |                                    _Nonnull
../subprojects/VulkanMemoryAllocator/include/vk_mem_alloc.h:15810:5: warning: pointer is missing a nullability type specifier (_Nonnull, _Nullable, or _Null_unspecified) [-Wnullability-completeness]
 15810 |     VmaAllocation* pAllocation,
       |     ^
../subprojects/VulkanMemoryAllocator/include/vk_mem_alloc.h:15810:5: note: insert '_Nullable' if the pointer may be null
 15810 |     VmaAllocation* pAllocation,
       |     ^            
       |                   _Nullable 
../subprojects/VulkanMemoryAllocator/include/vk_mem_alloc.h:15810:5: note: insert '_Nonnull' if the pointer should never be null
 15810 |     VmaAllocation* pAllocation,
       |     ^            
       |                   _Nonnull 
../subprojects/VulkanMemoryAllocator/include/vk_mem_alloc.h:15810:18: warning: pointer is missing a nullability type specifier (_Nonnull, _Nullable, or _Null_unspecified) [-Wnullability-completeness]
 15810 |     VmaAllocation* pAllocation,
       |                  ^
../subprojects/VulkanMemoryAllocator/include/vk_mem_alloc.h:15810:18: note: insert '_Nullable' if the pointer may be null
 15810 |     VmaAllocation* pAllocation,
       |                  ^
       |                    _Nullable
../subprojects/VulkanMemoryAllocator/include/vk_mem_alloc.h:15810:18: note: insert '_Nonnull' if the pointer should never be null
 15810 |     VmaAllocation* pAllocation,
       |                  ^
       |                    _Nonnull
../subprojects/VulkanMemoryAllocator/include/vk_mem_alloc.h:15811:22: warning: pointer is missing a nullability type specifier (_Nonnull, _Nullable, or _Null_unspecified) [-Wnullability-completeness]
 15811 |     VmaAllocationInfo* pAllocationInfo)
       |                      ^
../subprojects/VulkanMemoryAllocator/include/vk_mem_alloc.h:15811:22: note: insert '_Nullable' if the pointer may be null
 15811 |     VmaAllocationInfo* pAllocationInfo)
       |                      ^
       |                        _Nullable
../subprojects/VulkanMemoryAllocator/include/vk_mem_alloc.h:15811:22: note: insert '_Nonnull' if the pointer should never be null
 15811 |     VmaAllocationInfo* pAllocationInfo)
       |                      ^
       |                        _Nonnull
../subprojects/VulkanMemoryAllocator/include/vk_mem_alloc.h:15847:5: warning: pointer is missing a nullability type specifier (_Nonnull, _Nullable, or _Null_unspecified) [-Wnullability-completeness]
 15847 |     VmaAllocator allocator,
       |     ^
../subprojects/VulkanMemoryAllocator/include/vk_mem_alloc.h:15847:5: note: insert '_Nullable' if the pointer may be null
 15847 |     VmaAllocator allocator,
       |     ^
       |                  _Nullable
../subprojects/VulkanMemoryAllocator/include/vk_mem_alloc.h:15847:5: note: insert '_Nonnull' if the pointer should never be null
 15847 |     VmaAllocator allocator,
       |     ^
       |                  _Nonnull
../subprojects/VulkanMemoryAllocator/include/vk_mem_alloc.h:15848:5: warning: pointer is missing a nullability type specifier (_Nonnull, _Nullable, or _Null_unspecified) [-Wnullability-completeness]
 15848 |     VkImage image,
       |     ^
../subprojects/VulkanMemoryAllocator/include/vk_mem_alloc.h:15848:5: note: insert '_Nullable' if the pointer may be null
 15848 |     VkImage image,
       |     ^
       |             _Nullable
../subprojects/VulkanMemoryAllocator/include/vk_mem_alloc.h:15848:5: note: insert '_Nonnull' if the pointer should never be null
 15848 |     VkImage image,
       |     ^
       |             _Nonnull
../subprojects/VulkanMemoryAllocator/include/vk_mem_alloc.h:15849:34: warning: pointer is missing a nullability type specifier (_Nonnull, _Nullable, or _Null_unspecified) [-Wnullability-completeness]
 15849 |     const VmaAllocationCreateInfo* pCreateInfo,
       |                                  ^
../subprojects/VulkanMemoryAllocator/include/vk_mem_alloc.h:15849:34: note: insert '_Nullable' if the pointer may be null
 15849 |     const VmaAllocationCreateInfo* pCreateInfo,
       |                                  ^
       |                                    _Nullable
../subprojects/VulkanMemoryAllocator/include/vk_mem_alloc.h:15849:34: note: insert '_Nonnull' if the pointer should never be null
 15849 |     const VmaAllocationCreateInfo* pCreateInfo,
       |                                  ^
       |                                    _Nonnull
../subprojects/VulkanMemoryAllocator/include/vk_mem_alloc.h:15850:5: warning: pointer is missing a nullability type specifier (_Nonnull, _Nullable, or _Null_unspecified) [-Wnullability-completeness]
 15850 |     VmaAllocation* pAllocation,
       |     ^
../subprojects/VulkanMemoryAllocator/include/vk_mem_alloc.h:15850:5: note: insert '_Nullable' if the pointer may be null
 15850 |     VmaAllocation* pAllocation,
       |     ^            
       |                   _Nullable 
../subprojects/VulkanMemoryAllocator/include/vk_mem_alloc.h:15850:5: note: insert '_Nonnull' if the pointer should never be null
 15850 |     VmaAllocation* pAllocation,
       |     ^            
       |                   _Nonnull 
../subprojects/VulkanMemoryAllocator/include/vk_mem_alloc.h:15850:18: warning: pointer is missing a nullability type specifier (_Nonnull, _Nullable, or _Null_unspecified) [-Wnullability-completeness]
 15850 |     VmaAllocation* pAllocation,
       |                  ^
../subprojects/VulkanMemoryAllocator/include/vk_mem_alloc.h:15850:18: note: insert '_Nullable' if the pointer may be null
 15850 |     VmaAllocation* pAllocation,
       |                  ^
       |                    _Nullable
../subprojects/VulkanMemoryAllocator/include/vk_mem_alloc.h:15850:18: note: insert '_Nonnull' if the pointer should never be null
 15850 |     VmaAllocation* pAllocation,
       |                  ^
       |                    _Nonnull
../subprojects/VulkanMemoryAllocator/include/vk_mem_alloc.h:15851:22: warning: pointer is missing a nullability type specifier (_Nonnull, _Nullable, or _Null_unspecified) [-Wnullability-completeness]
 15851 |     VmaAllocationInfo* pAllocationInfo)
       |                      ^
../subprojects/VulkanMemoryAllocator/include/vk_mem_alloc.h:15851:22: note: insert '_Nullable' if the pointer may be null
 15851 |     VmaAllocationInfo* pAllocationInfo)
       |                      ^
       |                        _Nullable
../subprojects/VulkanMemoryAllocator/include/vk_mem_alloc.h:15851:22: note: insert '_Nonnull' if the pointer should never be null
 15851 |     VmaAllocationInfo* pAllocationInfo)
       |                      ^
       |                        _Nonnull
../subprojects/VulkanMemoryAllocator/include/vk_mem_alloc.h:15886:5: warning: pointer is missing a nullability type specifier (_Nonnull, _Nullable, or _Null_unspecified) [-Wnullability-completeness]
 15886 |     VmaAllocator allocator,
       |     ^
../subprojects/VulkanMemoryAllocator/include/vk_mem_alloc.h:15886:5: note: insert '_Nullable' if the pointer may be null
 15886 |     VmaAllocator allocator,
       |     ^
       |                  _Nullable
../subprojects/VulkanMemoryAllocator/include/vk_mem_alloc.h:15886:5: note: insert '_Nonnull' if the pointer should never be null
 15886 |     VmaAllocator allocator,
       |     ^
       |                  _Nonnull
../subprojects/VulkanMemoryAllocator/include/vk_mem_alloc.h:15887:5: warning: pointer is missing a nullability type specifier (_Nonnull, _Nullable, or _Null_unspecified) [-Wnullability-completeness]
 15887 |     VmaAllocation allocation)
       |     ^
../subprojects/VulkanMemoryAllocator/include/vk_mem_alloc.h:15887:5: note: insert '_Nullable' if the pointer may be null
 15887 |     VmaAllocation allocation)
       |     ^
       |                   _Nullable
../subprojects/VulkanMemoryAllocator/include/vk_mem_alloc.h:15887:5: note: insert '_Nonnull' if the pointer should never be null
 15887 |     VmaAllocation allocation)
       |     ^
       |                   _Nonnull
../subprojects/VulkanMemoryAllocator/include/vk_mem_alloc.h:15906:5: warning: pointer is missing a nullability type specifier (_Nonnull, _Nullable, or _Null_unspecified) [-Wnullability-completeness]
 15906 |     VmaAllocator allocator,
       |     ^
../subprojects/VulkanMemoryAllocator/include/vk_mem_alloc.h:15906:5: note: insert '_Nullable' if the pointer may be null
 15906 |     VmaAllocator allocator,
       |     ^
       |                  _Nullable
../subprojects/VulkanMemoryAllocator/include/vk_mem_alloc.h:15906:5: note: insert '_Nonnull' if the pointer should never be null
 15906 |     VmaAllocator allocator,
       |     ^
       |                  _Nonnull
../subprojects/VulkanMemoryAllocator/include/vk_mem_alloc.h:15908:11: warning: pointer is missing a nullability type specifier (_Nonnull, _Nullable, or _Null_unspecified) [-Wnullability-completeness]
 15908 |     const VmaAllocation* pAllocations)
       |           ^
../subprojects/VulkanMemoryAllocator/include/vk_mem_alloc.h:15908:11: note: insert '_Nullable' if the pointer may be null
 15908 |     const VmaAllocation* pAllocations)
       |           ^            
       |                         _Nullable 
../subprojects/VulkanMemoryAllocator/include/vk_mem_alloc.h:15908:11: note: insert '_Nonnull' if the pointer should never be null
 15908 |     const VmaAllocation* pAllocations)
       |           ^            
       |                         _Nonnull 
../subprojects/VulkanMemoryAllocator/include/vk_mem_alloc.h:15908:24: warning: pointer is missing a nullability type specifier (_Nonnull, _Nullable, or _Null_unspecified) [-Wnullability-completeness]
 15908 |     const VmaAllocation* pAllocations)
       |                        ^
../subprojects/VulkanMemoryAllocator/include/vk_mem_alloc.h:15908:24: note: insert '_Nullable' if the pointer may be null
 15908 |     const VmaAllocation* pAllocations)
       |                        ^
       |                          _Nullable
../subprojects/VulkanMemoryAllocator/include/vk_mem_alloc.h:15908:24: note: insert '_Nonnull' if the pointer should never be null
 15908 |     const VmaAllocation* pAllocations)
       |                        ^
       |                          _Nonnull
../subprojects/VulkanMemoryAllocator/include/vk_mem_alloc.h:15925:5: warning: pointer is missing a nullability type specifier (_Nonnull, _Nullable, or _Null_unspecified) [-Wnullability-completeness]
 15925 |     VmaAllocator allocator,
       |     ^
../subprojects/VulkanMemoryAllocator/include/vk_mem_alloc.h:15925:5: note: insert '_Nullable' if the pointer may be null
 15925 |     VmaAllocator allocator,
       |     ^
       |                  _Nullable
../subprojects/VulkanMemoryAllocator/include/vk_mem_alloc.h:15925:5: note: insert '_Nonnull' if the pointer should never be null
 15925 |     VmaAllocator allocator,
       |     ^
       |                  _Nonnull
../subprojects/VulkanMemoryAllocator/include/vk_mem_alloc.h:15926:5: warning: pointer is missing a nullability type specifier (_Nonnull, _Nullable, or _Null_unspecified) [-Wnullability-completeness]
 15926 |     VmaAllocation allocation,
       |     ^
../subprojects/VulkanMemoryAllocator/include/vk_mem_alloc.h:15926:5: note: insert '_Nullable' if the pointer may be null
 15926 |     VmaAllocation allocation,
       |     ^
       |                   _Nullable
../subprojects/VulkanMemoryAllocator/include/vk_mem_alloc.h:15926:5: note: insert '_Nonnull' if the pointer should never be null
 15926 |     VmaAllocation allocation,
       |     ^
       |                   _Nonnull
../subprojects/VulkanMemoryAllocator/include/vk_mem_alloc.h:15927:22: warning: pointer is missing a nullability type specifier (_Nonnull, _Nullable, or _Null_unspecified) [-Wnullability-completeness]
 15927 |     VmaAllocationInfo* pAllocationInfo)
       |                      ^
../subprojects/VulkanMemoryAllocator/include/vk_mem_alloc.h:15927:22: note: insert '_Nullable' if the pointer may be null
 15927 |     VmaAllocationInfo* pAllocationInfo)
       |                      ^
       |                        _Nullable
../subprojects/VulkanMemoryAllocator/include/vk_mem_alloc.h:15927:22: note: insert '_Nonnull' if the pointer should never be null
 15927 |     VmaAllocationInfo* pAllocationInfo)
       |                      ^
       |                        _Nonnull
../subprojects/VulkanMemoryAllocator/include/vk_mem_alloc.h:15937:5: warning: pointer is missing a nullability type specifier (_Nonnull, _Nullable, or _Null_unspecified) [-Wnullability-completeness]
 15937 |     VmaAllocator allocator,
       |     ^
../subprojects/VulkanMemoryAllocator/include/vk_mem_alloc.h:15937:5: note: insert '_Nullable' if the pointer may be null
 15937 |     VmaAllocator allocator,
       |     ^
       |                  _Nullable
../subprojects/VulkanMemoryAllocator/include/vk_mem_alloc.h:15937:5: note: insert '_Nonnull' if the pointer should never be null
 15937 |     VmaAllocator allocator,
       |     ^
       |                  _Nonnull
../subprojects/VulkanMemoryAllocator/include/vk_mem_alloc.h:15938:5: warning: pointer is missing a nullability type specifier (_Nonnull, _Nullable, or _Null_unspecified) [-Wnullability-completeness]
 15938 |     VmaAllocation allocation,
       |     ^
../subprojects/VulkanMemoryAllocator/include/vk_mem_alloc.h:15938:5: note: insert '_Nullable' if the pointer may be null
 15938 |     VmaAllocation allocation,
       |     ^
       |                   _Nullable
../subprojects/VulkanMemoryAllocator/include/vk_mem_alloc.h:15938:5: note: insert '_Nonnull' if the pointer should never be null
 15938 |     VmaAllocation allocation,
       |     ^
       |                   _Nonnull
../subprojects/VulkanMemoryAllocator/include/vk_mem_alloc.h:15939:23: warning: pointer is missing a nullability type specifier (_Nonnull, _Nullable, or _Null_unspecified) [-Wnullability-completeness]
 15939 |     VmaAllocationInfo2* pAllocationInfo)
       |                       ^
../subprojects/VulkanMemoryAllocator/include/vk_mem_alloc.h:15939:23: note: insert '_Nullable' if the pointer may be null
 15939 |     VmaAllocationInfo2* pAllocationInfo)
       |                       ^
       |                         _Nullable
../subprojects/VulkanMemoryAllocator/include/vk_mem_alloc.h:15939:23: note: insert '_Nonnull' if the pointer should never be null
 15939 |     VmaAllocationInfo2* pAllocationInfo)
       |                       ^
       |                         _Nonnull
../subprojects/VulkanMemoryAllocator/include/vk_mem_alloc.h:15949:5: warning: pointer is missing a nullability type specifier (_Nonnull, _Nullable, or _Null_unspecified) [-Wnullability-completeness]
 15949 |     VmaAllocator allocator,
       |     ^
../subprojects/VulkanMemoryAllocator/include/vk_mem_alloc.h:15949:5: note: insert '_Nullable' if the pointer may be null
 15949 |     VmaAllocator allocator,
       |     ^
       |                  _Nullable
../subprojects/VulkanMemoryAllocator/include/vk_mem_alloc.h:15949:5: note: insert '_Nonnull' if the pointer should never be null
 15949 |     VmaAllocator allocator,
       |     ^
       |                  _Nonnull
../subprojects/VulkanMemoryAllocator/include/vk_mem_alloc.h:15950:5: warning: pointer is missing a nullability type specifier (_Nonnull, _Nullable, or _Null_unspecified) [-Wnullability-completeness]
 15950 |     VmaAllocation allocation,
       |     ^
../subprojects/VulkanMemoryAllocator/include/vk_mem_alloc.h:15950:5: note: insert '_Nullable' if the pointer may be null
 15950 |     VmaAllocation allocation,
       |     ^
       |                   _Nullable
../subprojects/VulkanMemoryAllocator/include/vk_mem_alloc.h:15950:5: note: insert '_Nonnull' if the pointer should never be null
 15950 |     VmaAllocation allocation,
       |     ^
       |                   _Nonnull
../subprojects/VulkanMemoryAllocator/include/vk_mem_alloc.h:15951:9: warning: pointer is missing a nullability type specifier (_Nonnull, _Nullable, or _Null_unspecified) [-Wnullability-completeness]
 15951 |     void* pUserData)
       |         ^
../subprojects/VulkanMemoryAllocator/include/vk_mem_alloc.h:15951:9: note: insert '_Nullable' if the pointer may be null
 15951 |     void* pUserData)
       |         ^
       |           _Nullable
../subprojects/VulkanMemoryAllocator/include/vk_mem_alloc.h:15951:9: note: insert '_Nonnull' if the pointer should never be null
 15951 |     void* pUserData)
       |         ^
       |           _Nonnull
../subprojects/VulkanMemoryAllocator/include/vk_mem_alloc.h:15979:5: warning: pointer is missing a nullability type specifier (_Nonnull, _Nullable, or _Null_unspecified) [-Wnullability-completeness]
 15979 |     VmaAllocator allocator,
       |     ^
../subprojects/VulkanMemoryAllocator/include/vk_mem_alloc.h:15979:5: note: insert '_Nullable' if the pointer may be null
 15979 |     VmaAllocator allocator,
       |     ^
       |                  _Nullable
../subprojects/VulkanMemoryAllocator/include/vk_mem_alloc.h:15979:5: note: insert '_Nonnull' if the pointer should never be null
 15979 |     VmaAllocator allocator,
       |     ^
       |                  _Nonnull
../subprojects/VulkanMemoryAllocator/include/vk_mem_alloc.h:15980:5: warning: pointer is missing a nullability type specifier (_Nonnull, _Nullable, or _Null_unspecified) [-Wnullability-completeness]
 15980 |     VmaAllocation allocation,
       |     ^
../subprojects/VulkanMemoryAllocator/include/vk_mem_alloc.h:15980:5: note: insert '_Nullable' if the pointer may be null
 15980 |     VmaAllocation allocation,
       |     ^
       |                   _Nullable
../subprojects/VulkanMemoryAllocator/include/vk_mem_alloc.h:15980:5: note: insert '_Nonnull' if the pointer should never be null
 15980 |     VmaAllocation allocation,
       |     ^
       |                   _Nonnull
../subprojects/VulkanMemoryAllocator/include/vk_mem_alloc.h:15981:9: warning: pointer is missing a nullability type specifier (_Nonnull, _Nullable, or _Null_unspecified) [-Wnullability-completeness]
 15981 |     void** ppData)
       |         ^
../subprojects/VulkanMemoryAllocator/include/vk_mem_alloc.h:15981:9: note: insert '_Nullable' if the pointer may be null
 15981 |     void** ppData)
       |         ^
       |          _Nullable
../subprojects/VulkanMemoryAllocator/include/vk_mem_alloc.h:15981:9: note: insert '_Nonnull' if the pointer should never be null
 15981 |     void** ppData)
       |         ^
       |          _Nonnull
../subprojects/VulkanMemoryAllocator/include/vk_mem_alloc.h:15981:10: warning: pointer is missing a nullability type specifier (_Nonnull, _Nullable, or _Null_unspecified) [-Wnullability-completeness]
 15981 |     void** ppData)
       |          ^
../subprojects/VulkanMemoryAllocator/include/vk_mem_alloc.h:15981:10: note: insert '_Nullable' if the pointer may be null
 15981 |     void** ppData)
       |          ^
       |            _Nullable
../subprojects/VulkanMemoryAllocator/include/vk_mem_alloc.h:15981:10: note: insert '_Nonnull' if the pointer should never be null
 15981 |     void** ppData)
       |          ^
       |            _Nonnull
../subprojects/VulkanMemoryAllocator/include/vk_mem_alloc.h:15991:5: warning: pointer is missing a nullability type specifier (_Nonnull, _Nullable, or _Null_unspecified) [-Wnullability-completeness]
 15991 |     VmaAllocator allocator,
       |     ^
../subprojects/VulkanMemoryAllocator/include/vk_mem_alloc.h:15991:5: note: insert '_Nullable' if the pointer may be null
 15991 |     VmaAllocator allocator,
       |     ^
       |                  _Nullable
../subprojects/VulkanMemoryAllocator/include/vk_mem_alloc.h:15991:5: note: insert '_Nonnull' if the pointer should never be null
 15991 |     VmaAllocator allocator,
       |     ^
       |                  _Nonnull
../subprojects/VulkanMemoryAllocator/include/vk_mem_alloc.h:15992:5: warning: pointer is missing a nullability type specifier (_Nonnull, _Nullable, or _Null_unspecified) [-Wnullability-completeness]
 15992 |     VmaAllocation allocation)
       |     ^
../subprojects/VulkanMemoryAllocator/include/vk_mem_alloc.h:15992:5: note: insert '_Nullable' if the pointer may be null
 15992 |     VmaAllocation allocation)
       |     ^
       |                   _Nullable
../subprojects/VulkanMemoryAllocator/include/vk_mem_alloc.h:15992:5: note: insert '_Nonnull' if the pointer should never be null
 15992 |     VmaAllocation allocation)
       |     ^
       |                   _Nonnull
../subprojects/VulkanMemoryAllocator/include/vk_mem_alloc.h:16002:5: warning: pointer is missing a nullability type specifier (_Nonnull, _Nullable, or _Null_unspecified) [-Wnullability-completeness]
 16002 |     VmaAllocator allocator,
       |     ^
../subprojects/VulkanMemoryAllocator/include/vk_mem_alloc.h:16002:5: note: insert '_Nullable' if the pointer may be null
 16002 |     VmaAllocator allocator,
       |     ^
       |                  _Nullable
../subprojects/VulkanMemoryAllocator/include/vk_mem_alloc.h:16002:5: note: insert '_Nonnull' if the pointer should never be null
 16002 |     VmaAllocator allocator,
       |     ^
       |                  _Nonnull
../subprojects/VulkanMemoryAllocator/include/vk_mem_alloc.h:16003:5: warning: pointer is missing a nullability type specifier (_Nonnull, _Nullable, or _Null_unspecified) [-Wnullability-completeness]
 16003 |     VmaAllocation allocation,
       |     ^
../subprojects/VulkanMemoryAllocator/include/vk_mem_alloc.h:16003:5: note: insert '_Nullable' if the pointer may be null
 16003 |     VmaAllocation allocation,
       |     ^
       |                   _Nullable
../subprojects/VulkanMemoryAllocator/include/vk_mem_alloc.h:16003:5: note: insert '_Nonnull' if the pointer should never be null
 16003 |     VmaAllocation allocation,
       |     ^
       |                   _Nonnull
../subprojects/VulkanMemoryAllocator/include/vk_mem_alloc.h:16017:5: warning: pointer is missing a nullability type specifier (_Nonnull, _Nullable, or _Null_unspecified) [-Wnullability-completeness]
 16017 |     VmaAllocator allocator,
       |     ^
../subprojects/VulkanMemoryAllocator/include/vk_mem_alloc.h:16017:5: note: insert '_Nullable' if the pointer may be null
 16017 |     VmaAllocator allocator,
       |     ^
       |                  _Nullable
../subprojects/VulkanMemoryAllocator/include/vk_mem_alloc.h:16017:5: note: insert '_Nonnull' if the pointer should never be null
 16017 |     VmaAllocator allocator,
       |     ^
       |                  _Nonnull
../subprojects/VulkanMemoryAllocator/include/vk_mem_alloc.h:16018:5: warning: pointer is missing a nullability type specifier (_Nonnull, _Nullable, or _Null_unspecified) [-Wnullability-completeness]
 16018 |     VmaAllocation allocation,
       |     ^
../subprojects/VulkanMemoryAllocator/include/vk_mem_alloc.h:16018:5: note: insert '_Nullable' if the pointer may be null
 16018 |     VmaAllocation allocation,
       |     ^
       |                   _Nullable
../subprojects/VulkanMemoryAllocator/include/vk_mem_alloc.h:16018:5: note: insert '_Nonnull' if the pointer should never be null
 16018 |     VmaAllocation allocation,
       |     ^
       |                   _Nonnull
../subprojects/VulkanMemoryAllocator/include/vk_mem_alloc.h:16032:5: warning: pointer is missing a nullability type specifier (_Nonnull, _Nullable, or _Null_unspecified) [-Wnullability-completeness]
 16032 |     VmaAllocator allocator,
       |     ^
../subprojects/VulkanMemoryAllocator/include/vk_mem_alloc.h:16032:5: note: insert '_Nullable' if the pointer may be null
 16032 |     VmaAllocator allocator,
       |     ^
       |                  _Nullable
../subprojects/VulkanMemoryAllocator/include/vk_mem_alloc.h:16032:5: note: insert '_Nonnull' if the pointer should never be null
 16032 |     VmaAllocator allocator,
       |     ^
       |                  _Nonnull
../subprojects/VulkanMemoryAllocator/include/vk_mem_alloc.h:16034:11: warning: pointer is missing a nullability type specifier (_Nonnull, _Nullable, or _Null_unspecified) [-Wnullability-completeness]
 16034 |     const VmaAllocation* allocations,
       |           ^
../subprojects/VulkanMemoryAllocator/include/vk_mem_alloc.h:16034:11: note: insert '_Nullable' if the pointer may be null
 16034 |     const VmaAllocation* allocations,
       |           ^            
       |                         _Nullable 
../subprojects/VulkanMemoryAllocator/include/vk_mem_alloc.h:16034:11: note: insert '_Nonnull' if the pointer should never be null
 16034 |     const VmaAllocation* allocations,
       |           ^            
       |                         _Nonnull 
../subprojects/VulkanMemoryAllocator/include/vk_mem_alloc.h:16034:24: warning: pointer is missing a nullability type specifier (_Nonnull, _Nullable, or _Null_unspecified) [-Wnullability-completeness]
 16034 |     const VmaAllocation* allocations,
       |                        ^
../subprojects/VulkanMemoryAllocator/include/vk_mem_alloc.h:16034:24: note: insert '_Nullable' if the pointer may be null
 16034 |     const VmaAllocation* allocations,
       |                        ^
       |                          _Nullable
../subprojects/VulkanMemoryAllocator/include/vk_mem_alloc.h:16034:24: note: insert '_Nonnull' if the pointer should never be null
 16034 |     const VmaAllocation* allocations,
       |                        ^
       |                          _Nonnull
../subprojects/VulkanMemoryAllocator/include/vk_mem_alloc.h:16035:23: warning: pointer is missing a nullability type specifier (_Nonnull, _Nullable, or _Null_unspecified) [-Wnullability-completeness]
 16035 |     const VkDeviceSize* offsets,
       |                       ^
../subprojects/VulkanMemoryAllocator/include/vk_mem_alloc.h:16035:23: note: insert '_Nullable' if the pointer may be null
 16035 |     const VkDeviceSize* offsets,
       |                       ^
       |                         _Nullable
../subprojects/VulkanMemoryAllocator/include/vk_mem_alloc.h:16035:23: note: insert '_Nonnull' if the pointer should never be null
 16035 |     const VkDeviceSize* offsets,
       |                       ^
       |                         _Nonnull
../subprojects/VulkanMemoryAllocator/include/vk_mem_alloc.h:16036:23: warning: pointer is missing a nullability type specifier (_Nonnull, _Nullable, or _Null_unspecified) [-Wnullability-completeness]
 16036 |     const VkDeviceSize* sizes)
       |                       ^
../subprojects/VulkanMemoryAllocator/include/vk_mem_alloc.h:16036:23: note: insert '_Nullable' if the pointer may be null
 16036 |     const VkDeviceSize* sizes)
       |                       ^
       |                         _Nullable
../subprojects/VulkanMemoryAllocator/include/vk_mem_alloc.h:16036:23: note: insert '_Nonnull' if the pointer should never be null
 16036 |     const VkDeviceSize* sizes)
       |                       ^
       |                         _Nonnull
../subprojects/VulkanMemoryAllocator/include/vk_mem_alloc.h:16055:5: warning: pointer is missing a nullability type specifier (_Nonnull, _Nullable, or _Null_unspecified) [-Wnullability-completeness]
 16055 |     VmaAllocator allocator,
       |     ^
../subprojects/VulkanMemoryAllocator/include/vk_mem_alloc.h:16055:5: note: insert '_Nullable' if the pointer may be null
 16055 |     VmaAllocator allocator,
       |     ^
       |                  _Nullable
../subprojects/VulkanMemoryAllocator/include/vk_mem_alloc.h:16055:5: note: insert '_Nonnull' if the pointer should never be null
 16055 |     VmaAllocator allocator,
       |     ^
       |                  _Nonnull
../subprojects/VulkanMemoryAllocator/include/vk_mem_alloc.h:16057:11: warning: pointer is missing a nullability type specifier (_Nonnull, _Nullable, or _Null_unspecified) [-Wnullability-completeness]
 16057 |     const VmaAllocation* allocations,
       |           ^
../subprojects/VulkanMemoryAllocator/include/vk_mem_alloc.h:16057:11: note: insert '_Nullable' if the pointer may be null
 16057 |     const VmaAllocation* allocations,
       |           ^            
       |                         _Nullable 
../subprojects/VulkanMemoryAllocator/include/vk_mem_alloc.h:16057:11: note: insert '_Nonnull' if the pointer should never be null
 16057 |     const VmaAllocation* allocations,
       |           ^            
       |                         _Nonnull 
../subprojects/VulkanMemoryAllocator/include/vk_mem_alloc.h:16057:24: warning: pointer is missing a nullability type specifier (_Nonnull, _Nullable, or _Null_unspecified) [-Wnullability-completeness]
 16057 |     const VmaAllocation* allocations,
       |                        ^
../subprojects/VulkanMemoryAllocator/include/vk_mem_alloc.h:16057:24: note: insert '_Nullable' if the pointer may be null
 16057 |     const VmaAllocation* allocations,
       |                        ^
       |                          _Nullable
../subprojects/VulkanMemoryAllocator/include/vk_mem_alloc.h:16057:24: note: insert '_Nonnull' if the pointer should never be null
 16057 |     const VmaAllocation* allocations,
       |                        ^
       |                          _Nonnull
../subprojects/VulkanMemoryAllocator/include/vk_mem_alloc.h:16058:23: warning: pointer is missing a nullability type specifier (_Nonnull, _Nullable, or _Null_unspecified) [-Wnullability-completeness]
 16058 |     const VkDeviceSize* offsets,
       |                       ^
../subprojects/VulkanMemoryAllocator/include/vk_mem_alloc.h:16058:23: note: insert '_Nullable' if the pointer may be null
 16058 |     const VkDeviceSize* offsets,
       |                       ^
       |                         _Nullable
../subprojects/VulkanMemoryAllocator/include/vk_mem_alloc.h:16058:23: note: insert '_Nonnull' if the pointer should never be null
 16058 |     const VkDeviceSize* offsets,
       |                       ^
       |                         _Nonnull
../subprojects/VulkanMemoryAllocator/include/vk_mem_alloc.h:16059:23: warning: pointer is missing a nullability type specifier (_Nonnull, _Nullable, or _Null_unspecified) [-Wnullability-completeness]
 16059 |     const VkDeviceSize* sizes)
       |                       ^
../subprojects/VulkanMemoryAllocator/include/vk_mem_alloc.h:16059:23: note: insert '_Nullable' if the pointer may be null
 16059 |     const VkDeviceSize* sizes)
       |                       ^
       |                         _Nullable
../subprojects/VulkanMemoryAllocator/include/vk_mem_alloc.h:16059:23: note: insert '_Nonnull' if the pointer should never be null
 16059 |     const VkDeviceSize* sizes)
       |                       ^
       |                         _Nonnull
../subprojects/VulkanMemoryAllocator/include/vk_mem_alloc.h:16078:5: warning: pointer is missing a nullability type specifier (_Nonnull, _Nullable, or _Null_unspecified) [-Wnullability-completeness]
 16078 |     VmaAllocator allocator,
       |     ^
../subprojects/VulkanMemoryAllocator/include/vk_mem_alloc.h:16078:5: note: insert '_Nullable' if the pointer may be null
 16078 |     VmaAllocator allocator,
       |     ^
       |                  _Nullable
../subprojects/VulkanMemoryAllocator/include/vk_mem_alloc.h:16078:5: note: insert '_Nonnull' if the pointer should never be null
 16078 |     VmaAllocator allocator,
       |     ^
       |                  _Nonnull
../subprojects/VulkanMemoryAllocator/include/vk_mem_alloc.h:16079:15: warning: pointer is missing a nullability type specifier (_Nonnull, _Nullable, or _Null_unspecified) [-Wnullability-completeness]
 16079 |     const void* pSrcHostPointer,
       |               ^
../subprojects/VulkanMemoryAllocator/include/vk_mem_alloc.h:16079:15: note: insert '_Nullable' if the pointer may be null
 16079 |     const void* pSrcHostPointer,
       |               ^
       |                 _Nullable
../subprojects/VulkanMemoryAllocator/include/vk_mem_alloc.h:16079:15: note: insert '_Nonnull' if the pointer should never be null
 16079 |     const void* pSrcHostPointer,
       |               ^
       |                 _Nonnull
../subprojects/VulkanMemoryAllocator/include/vk_mem_alloc.h:16080:5: warning: pointer is missing a nullability type specifier (_Nonnull, _Nullable, or _Null_unspecified) [-Wnullability-completeness]
 16080 |     VmaAllocation dstAllocation,
       |     ^
../subprojects/VulkanMemoryAllocator/include/vk_mem_alloc.h:16080:5: note: insert '_Nullable' if the pointer may be null
 16080 |     VmaAllocation dstAllocation,
       |     ^
       |                   _Nullable
../subprojects/VulkanMemoryAllocator/include/vk_mem_alloc.h:16080:5: note: insert '_Nonnull' if the pointer should never be null
 16080 |     VmaAllocation dstAllocation,
       |     ^
       |                   _Nonnull
../subprojects/VulkanMemoryAllocator/include/vk_mem_alloc.h:16099:5: warning: pointer is missing a nullability type specifier (_Nonnull, _Nullable, or _Null_unspecified) [-Wnullability-completeness]
 16099 |     VmaAllocator allocator,
       |     ^
../subprojects/VulkanMemoryAllocator/include/vk_mem_alloc.h:16099:5: note: insert '_Nullable' if the pointer may be null
 16099 |     VmaAllocator allocator,
       |     ^
       |                  _Nullable
../subprojects/VulkanMemoryAllocator/include/vk_mem_alloc.h:16099:5: note: insert '_Nonnull' if the pointer should never be null
 16099 |     VmaAllocator allocator,
       |     ^
       |                  _Nonnull
../subprojects/VulkanMemoryAllocator/include/vk_mem_alloc.h:16100:5: warning: pointer is missing a nullability type specifier (_Nonnull, _Nullable, or _Null_unspecified) [-Wnullability-completeness]
 16100 |     VmaAllocation srcAllocation,
       |     ^
../subprojects/VulkanMemoryAllocator/include/vk_mem_alloc.h:16100:5: note: insert '_Nullable' if the pointer may be null
 16100 |     VmaAllocation srcAllocation,
       |     ^
       |                   _Nullable
../subprojects/VulkanMemoryAllocator/include/vk_mem_alloc.h:16100:5: note: insert '_Nonnull' if the pointer should never be null
 16100 |     VmaAllocation srcAllocation,
       |     ^
       |                   _Nonnull
../subprojects/VulkanMemoryAllocator/include/vk_mem_alloc.h:16102:9: warning: pointer is missing a nullability type specifier (_Nonnull, _Nullable, or _Null_unspecified) [-Wnullability-completeness]
 16102 |     void* pDstHostPointer,
       |         ^
../subprojects/VulkanMemoryAllocator/include/vk_mem_alloc.h:16102:9: note: insert '_Nullable' if the pointer may be null
 16102 |     void* pDstHostPointer,
       |         ^
       |           _Nullable
../subprojects/VulkanMemoryAllocator/include/vk_mem_alloc.h:16102:9: note: insert '_Nonnull' if the pointer should never be null
 16102 |     void* pDstHostPointer,
       |         ^
       |           _Nonnull
../subprojects/VulkanMemoryAllocator/include/vk_mem_alloc.h:16120:5: warning: pointer is missing a nullability type specifier (_Nonnull, _Nullable, or _Null_unspecified) [-Wnullability-completeness]
 16120 |     VmaAllocator allocator,
       |     ^
../subprojects/VulkanMemoryAllocator/include/vk_mem_alloc.h:16120:5: note: insert '_Nullable' if the pointer may be null
 16120 |     VmaAllocator allocator,
       |     ^
       |                  _Nullable
../subprojects/VulkanMemoryAllocator/include/vk_mem_alloc.h:16120:5: note: insert '_Nonnull' if the pointer should never be null
 16120 |     VmaAllocator allocator,
       |     ^
       |                  _Nonnull
../subprojects/VulkanMemoryAllocator/include/vk_mem_alloc.h:16133:5: warning: pointer is missing a nullability type specifier (_Nonnull, _Nullable, or _Null_unspecified) [-Wnullability-completeness]
 16133 |     VmaAllocator allocator,
       |     ^
../subprojects/VulkanMemoryAllocator/include/vk_mem_alloc.h:16133:5: note: insert '_Nullable' if the pointer may be null
 16133 |     VmaAllocator allocator,
       |     ^
       |                  _Nullable
../subprojects/VulkanMemoryAllocator/include/vk_mem_alloc.h:16133:5: note: insert '_Nonnull' if the pointer should never be null
 16133 |     VmaAllocator allocator,
       |     ^
       |                  _Nonnull
../subprojects/VulkanMemoryAllocator/include/vk_mem_alloc.h:16134:33: warning: pointer is missing a nullability type specifier (_Nonnull, _Nullable, or _Null_unspecified) [-Wnullability-completeness]
 16134 |     const VmaDefragmentationInfo* pInfo,
       |                                 ^
../subprojects/VulkanMemoryAllocator/include/vk_mem_alloc.h:16134:33: note: insert '_Nullable' if the pointer may be null
 16134 |     const VmaDefragmentationInfo* pInfo,
       |                                 ^
       |                                   _Nullable
../subprojects/VulkanMemoryAllocator/include/vk_mem_alloc.h:16134:33: note: insert '_Nonnull' if the pointer should never be null
 16134 |     const VmaDefragmentationInfo* pInfo,
       |                                 ^
       |                                   _Nonnull
../subprojects/VulkanMemoryAllocator/include/vk_mem_alloc.h:16135:5: warning: pointer is missing a nullability type specifier (_Nonnull, _Nullable, or _Null_unspecified) [-Wnullability-completeness]
 16135 |     VmaDefragmentationContext* pContext)
       |     ^
../subprojects/VulkanMemoryAllocator/include/vk_mem_alloc.h:16135:5: note: insert '_Nullable' if the pointer may be null
 16135 |     VmaDefragmentationContext* pContext)
       |     ^                        
       |                               _Nullable 
../subprojects/VulkanMemoryAllocator/include/vk_mem_alloc.h:16135:5: note: insert '_Nonnull' if the pointer should never be null
 16135 |     VmaDefragmentationContext* pContext)
       |     ^                        
       |                               _Nonnull 
../subprojects/VulkanMemoryAllocator/include/vk_mem_alloc.h:16135:30: warning: pointer is missing a nullability type specifier (_Nonnull, _Nullable, or _Null_unspecified) [-Wnullability-completeness]
 16135 |     VmaDefragmentationContext* pContext)
       |                              ^
../subprojects/VulkanMemoryAllocator/include/vk_mem_alloc.h:16135:30: note: insert '_Nullable' if the pointer may be null
 16135 |     VmaDefragmentationContext* pContext)
       |                              ^
       |                                _Nullable
../subprojects/VulkanMemoryAllocator/include/vk_mem_alloc.h:16135:30: note: insert '_Nonnull' if the pointer should never be null
 16135 |     VmaDefragmentationContext* pContext)
       |                              ^
       |                                _Nonnull
../subprojects/VulkanMemoryAllocator/include/vk_mem_alloc.h:16155:5: warning: pointer is missing a nullability type specifier (_Nonnull, _Nullable, or _Null_unspecified) [-Wnullability-completeness]
 16155 |     VmaAllocator allocator,
       |     ^
../subprojects/VulkanMemoryAllocator/include/vk_mem_alloc.h:16155:5: note: insert '_Nullable' if the pointer may be null
 16155 |     VmaAllocator allocator,
       |     ^
       |                  _Nullable
../subprojects/VulkanMemoryAllocator/include/vk_mem_alloc.h:16155:5: note: insert '_Nonnull' if the pointer should never be null
 16155 |     VmaAllocator allocator,
       |     ^
       |                  _Nonnull
../subprojects/VulkanMemoryAllocator/include/vk_mem_alloc.h:16156:5: warning: pointer is missing a nullability type specifier (_Nonnull, _Nullable, or _Null_unspecified) [-Wnullability-completeness]
 16156 |     VmaDefragmentationContext context,
       |     ^
../subprojects/VulkanMemoryAllocator/include/vk_mem_alloc.h:16156:5: note: insert '_Nullable' if the pointer may be null
 16156 |     VmaDefragmentationContext context,
       |     ^
       |                               _Nullable
../subprojects/VulkanMemoryAllocator/include/vk_mem_alloc.h:16156:5: note: insert '_Nonnull' if the pointer should never be null
 16156 |     VmaDefragmentationContext context,
       |     ^
       |                               _Nonnull
../subprojects/VulkanMemoryAllocator/include/vk_mem_alloc.h:16157:28: warning: pointer is missing a nullability type specifier (_Nonnull, _Nullable, or _Null_unspecified) [-Wnullability-completeness]
 16157 |     VmaDefragmentationStats* pStats)
       |                            ^
../subprojects/VulkanMemoryAllocator/include/vk_mem_alloc.h:16157:28: note: insert '_Nullable' if the pointer may be null
 16157 |     VmaDefragmentationStats* pStats)
       |                            ^
       |                              _Nullable
../subprojects/VulkanMemoryAllocator/include/vk_mem_alloc.h:16157:28: note: insert '_Nonnull' if the pointer should never be null
 16157 |     VmaDefragmentationStats* pStats)
       |                            ^
       |                              _Nonnull
../subprojects/VulkanMemoryAllocator/include/vk_mem_alloc.h:16199:5: warning: pointer is missing a nullability type specifier (_Nonnull, _Nullable, or _Null_unspecified) [-Wnullability-completeness]
 16199 |     VmaAllocator allocator,
       |     ^
../subprojects/VulkanMemoryAllocator/include/vk_mem_alloc.h:16199:5: note: insert '_Nullable' if the pointer may be null
 16199 |     VmaAllocator allocator,
       |     ^
       |                  _Nullable
../subprojects/VulkanMemoryAllocator/include/vk_mem_alloc.h:16199:5: note: insert '_Nonnull' if the pointer should never be null
 16199 |     VmaAllocator allocator,
       |     ^
       |                  _Nonnull
../subprojects/VulkanMemoryAllocator/include/vk_mem_alloc.h:16200:5: warning: pointer is missing a nullability type specifier (_Nonnull, _Nullable, or _Null_unspecified) [-Wnullability-completeness]
 16200 |     VmaAllocation allocation,
       |     ^
../subprojects/VulkanMemoryAllocator/include/vk_mem_alloc.h:16200:5: note: insert '_Nullable' if the pointer may be null
 16200 |     VmaAllocation allocation,
       |     ^
       |                   _Nullable
../subprojects/VulkanMemoryAllocator/include/vk_mem_alloc.h:16200:5: note: insert '_Nonnull' if the pointer should never be null
 16200 |     VmaAllocation allocation,
       |     ^
       |                   _Nonnull
../subprojects/VulkanMemoryAllocator/include/vk_mem_alloc.h:16201:5: warning: pointer is missing a nullability type specifier (_Nonnull, _Nullable, or _Null_unspecified) [-Wnullability-completeness]
 16201 |     VkBuffer buffer)
       |     ^
../subprojects/VulkanMemoryAllocator/include/vk_mem_alloc.h:16201:5: note: insert '_Nullable' if the pointer may be null
 16201 |     VkBuffer buffer)
       |     ^
       |              _Nullable
../subprojects/VulkanMemoryAllocator/include/vk_mem_alloc.h:16201:5: note: insert '_Nonnull' if the pointer should never be null
 16201 |     VkBuffer buffer)
       |     ^
       |              _Nonnull
../subprojects/VulkanMemoryAllocator/include/vk_mem_alloc.h:16213:5: warning: pointer is missing a nullability type specifier (_Nonnull, _Nullable, or _Null_unspecified) [-Wnullability-completeness]
 16213 |     VmaAllocator allocator,
       |     ^
../subprojects/VulkanMemoryAllocator/include/vk_mem_alloc.h:16213:5: note: insert '_Nullable' if the pointer may be null
 16213 |     VmaAllocator allocator,
       |     ^
       |                  _Nullable
../subprojects/VulkanMemoryAllocator/include/vk_mem_alloc.h:16213:5: note: insert '_Nonnull' if the pointer should never be null
 16213 |     VmaAllocator allocator,
       |     ^
       |                  _Nonnull
../subprojects/VulkanMemoryAllocator/include/vk_mem_alloc.h:16214:5: warning: pointer is missing a nullability type specifier (_Nonnull, _Nullable, or _Null_unspecified) [-Wnullability-completeness]
 16214 |     VmaAllocation allocation,
       |     ^
../subprojects/VulkanMemoryAllocator/include/vk_mem_alloc.h:16214:5: note: insert '_Nullable' if the pointer may be null
 16214 |     VmaAllocation allocation,
       |     ^
       |                   _Nullable
../subprojects/VulkanMemoryAllocator/include/vk_mem_alloc.h:16214:5: note: insert '_Nonnull' if the pointer should never be null
 16214 |     VmaAllocation allocation,
       |     ^
       |                   _Nonnull
../subprojects/VulkanMemoryAllocator/include/vk_mem_alloc.h:16216:5: warning: pointer is missing a nullability type specifier (_Nonnull, _Nullable, or _Null_unspecified) [-Wnullability-completeness]
 16216 |     VkBuffer buffer,
       |     ^
../subprojects/VulkanMemoryAllocator/include/vk_mem_alloc.h:16216:5: note: insert '_Nullable' if the pointer may be null
 16216 |     VkBuffer buffer,
       |     ^
       |              _Nullable
../subprojects/VulkanMemoryAllocator/include/vk_mem_alloc.h:16216:5: note: insert '_Nonnull' if the pointer should never be null
 16216 |     VkBuffer buffer,
       |     ^
       |              _Nonnull
../subprojects/VulkanMemoryAllocator/include/vk_mem_alloc.h:16217:15: warning: pointer is missing a nullability type specifier (_Nonnull, _Nullable, or _Null_unspecified) [-Wnullability-completeness]
 16217 |     const void* pNext)
       |               ^
../subprojects/VulkanMemoryAllocator/include/vk_mem_alloc.h:16217:15: note: insert '_Nullable' if the pointer may be null
 16217 |     const void* pNext)
       |               ^
       |                 _Nullable
../subprojects/VulkanMemoryAllocator/include/vk_mem_alloc.h:16217:15: note: insert '_Nonnull' if the pointer should never be null
 16217 |     const void* pNext)
       |               ^
       |                 _Nonnull
../subprojects/VulkanMemoryAllocator/include/vk_mem_alloc.h:16229:5: warning: pointer is missing a nullability type specifier (_Nonnull, _Nullable, or _Null_unspecified) [-Wnullability-completeness]
 16229 |     VmaAllocator allocator,
       |     ^
../subprojects/VulkanMemoryAllocator/include/vk_mem_alloc.h:16229:5: note: insert '_Nullable' if the pointer may be null
 16229 |     VmaAllocator allocator,
       |     ^
       |                  _Nullable
../subprojects/VulkanMemoryAllocator/include/vk_mem_alloc.h:16229:5: note: insert '_Nonnull' if the pointer should never be null
 16229 |     VmaAllocator allocator,
       |     ^
       |                  _Nonnull
../subprojects/VulkanMemoryAllocator/include/vk_mem_alloc.h:16230:5: warning: pointer is missing a nullability type specifier (_Nonnull, _Nullable, or _Null_unspecified) [-Wnullability-completeness]
 16230 |     VmaAllocation allocation,
       |     ^
../subprojects/VulkanMemoryAllocator/include/vk_mem_alloc.h:16230:5: note: insert '_Nullable' if the pointer may be null
 16230 |     VmaAllocation allocation,
       |     ^
       |                   _Nullable
../subprojects/VulkanMemoryAllocator/include/vk_mem_alloc.h:16230:5: note: insert '_Nonnull' if the pointer should never be null
 16230 |     VmaAllocation allocation,
       |     ^
       |                   _Nonnull
../subprojects/VulkanMemoryAllocator/include/vk_mem_alloc.h:16231:5: warning: pointer is missing a nullability type specifier (_Nonnull, _Nullable, or _Null_unspecified) [-Wnullability-completeness]
 16231 |     VkImage image)
       |     ^
../subprojects/VulkanMemoryAllocator/include/vk_mem_alloc.h:16231:5: note: insert '_Nullable' if the pointer may be null
 16231 |     VkImage image)
       |     ^
       |             _Nullable
../subprojects/VulkanMemoryAllocator/include/vk_mem_alloc.h:16231:5: note: insert '_Nonnull' if the pointer should never be null
 16231 |     VkImage image)
       |     ^
       |             _Nonnull
../subprojects/VulkanMemoryAllocator/include/vk_mem_alloc.h:16243:5: warning: pointer is missing a nullability type specifier (_Nonnull, _Nullable, or _Null_unspecified) [-Wnullability-completeness]
 16243 |     VmaAllocator allocator,
       |     ^
../subprojects/VulkanMemoryAllocator/include/vk_mem_alloc.h:16243:5: note: insert '_Nullable' if the pointer may be null
 16243 |     VmaAllocator allocator,
       |     ^
       |                  _Nullable
../subprojects/VulkanMemoryAllocator/include/vk_mem_alloc.h:16243:5: note: insert '_Nonnull' if the pointer should never be null
 16243 |     VmaAllocator allocator,
       |     ^
       |                  _Nonnull
../subprojects/VulkanMemoryAllocator/include/vk_mem_alloc.h:16244:5: warning: pointer is missing a nullability type specifier (_Nonnull, _Nullable, or _Null_unspecified) [-Wnullability-completeness]
 16244 |     VmaAllocation allocation,
       |     ^
../subprojects/VulkanMemoryAllocator/include/vk_mem_alloc.h:16244:5: note: insert '_Nullable' if the pointer may be null
 16244 |     VmaAllocation allocation,
       |     ^
       |                   _Nullable
../subprojects/VulkanMemoryAllocator/include/vk_mem_alloc.h:16244:5: note: insert '_Nonnull' if the pointer should never be null
 16244 |     VmaAllocation allocation,
       |     ^
       |                   _Nonnull
../subprojects/VulkanMemoryAllocator/include/vk_mem_alloc.h:16246:5: warning: pointer is missing a nullability type specifier (_Nonnull, _Nullable, or _Null_unspecified) [-Wnullability-completeness]
 16246 |     VkImage image,
       |     ^
../subprojects/VulkanMemoryAllocator/include/vk_mem_alloc.h:16246:5: note: insert '_Nullable' if the pointer may be null
 16246 |     VkImage image,
       |     ^
       |             _Nullable
../subprojects/VulkanMemoryAllocator/include/vk_mem_alloc.h:16246:5: note: insert '_Nonnull' if the pointer should never be null
 16246 |     VkImage image,
       |     ^
       |             _Nonnull
../subprojects/VulkanMemoryAllocator/include/vk_mem_alloc.h:16247:15: warning: pointer is missing a nullability type specifier (_Nonnull, _Nullable, or _Null_unspecified) [-Wnullability-completeness]
 16247 |     const void* pNext)
       |               ^
../subprojects/VulkanMemoryAllocator/include/vk_mem_alloc.h:16247:15: note: insert '_Nullable' if the pointer may be null
 16247 |     const void* pNext)
       |               ^
       |                 _Nullable
../subprojects/VulkanMemoryAllocator/include/vk_mem_alloc.h:16247:15: note: insert '_Nonnull' if the pointer should never be null
 16247 |     const void* pNext)
       |               ^
       |                 _Nonnull
../subprojects/VulkanMemoryAllocator/include/vk_mem_alloc.h:16259:5: warning: pointer is missing a nullability type specifier (_Nonnull, _Nullable, or _Null_unspecified) [-Wnullability-completeness]
 16259 |     VmaAllocator allocator,
       |     ^
../subprojects/VulkanMemoryAllocator/include/vk_mem_alloc.h:16259:5: note: insert '_Nullable' if the pointer may be null
 16259 |     VmaAllocator allocator,
       |     ^
       |                  _Nullable
../subprojects/VulkanMemoryAllocator/include/vk_mem_alloc.h:16259:5: note: insert '_Nonnull' if the pointer should never be null
 16259 |     VmaAllocator allocator,
       |     ^
       |                  _Nonnull
../subprojects/VulkanMemoryAllocator/include/vk_mem_alloc.h:16260:29: warning: pointer is missing a nullability type specifier (_Nonnull, _Nullable, or _Null_unspecified) [-Wnullability-completeness]
 16260 |     const VkBufferCreateInfo* pBufferCreateInfo,
       |                             ^
../subprojects/VulkanMemoryAllocator/include/vk_mem_alloc.h:16260:29: note: insert '_Nullable' if the pointer may be null
 16260 |     const VkBufferCreateInfo* pBufferCreateInfo,
       |                             ^
       |                               _Nullable
../subprojects/VulkanMemoryAllocator/include/vk_mem_alloc.h:16260:29: note: insert '_Nonnull' if the pointer should never be null
 16260 |     const VkBufferCreateInfo* pBufferCreateInfo,
       |                             ^
       |                               _Nonnull
../subprojects/VulkanMemoryAllocator/include/vk_mem_alloc.h:16261:34: warning: pointer is missing a nullability type specifier (_Nonnull, _Nullable, or _Null_unspecified) [-Wnullability-completeness]
 16261 |     const VmaAllocationCreateInfo* pAllocationCreateInfo,
       |                                  ^
../subprojects/VulkanMemoryAllocator/include/vk_mem_alloc.h:16261:34: note: insert '_Nullable' if the pointer may be null
 16261 |     const VmaAllocationCreateInfo* pAllocationCreateInfo,
       |                                  ^
       |                                    _Nullable
../subprojects/VulkanMemoryAllocator/include/vk_mem_alloc.h:16261:34: note: insert '_Nonnull' if the pointer should never be null
 16261 |     const VmaAllocationCreateInfo* pAllocationCreateInfo,
       |                                  ^
       |                                    _Nonnull
../subprojects/VulkanMemoryAllocator/include/vk_mem_alloc.h:16262:5: warning: pointer is missing a nullability type specifier (_Nonnull, _Nullable, or _Null_unspecified) [-Wnullability-completeness]
 16262 |     VkBuffer* pBuffer,
       |     ^
../subprojects/VulkanMemoryAllocator/include/vk_mem_alloc.h:16262:5: note: insert '_Nullable' if the pointer may be null
 16262 |     VkBuffer* pBuffer,
       |     ^       
       |              _Nullable 
../subprojects/VulkanMemoryAllocator/include/vk_mem_alloc.h:16262:5: note: insert '_Nonnull' if the pointer should never be null
 16262 |     VkBuffer* pBuffer,
       |     ^       
       |              _Nonnull 
../subprojects/VulkanMemoryAllocator/include/vk_mem_alloc.h:16262:13: warning: pointer is missing a nullability type specifier (_Nonnull, _Nullable, or _Null_unspecified) [-Wnullability-completeness]
 16262 |     VkBuffer* pBuffer,
       |             ^
../subprojects/VulkanMemoryAllocator/include/vk_mem_alloc.h:16262:13: note: insert '_Nullable' if the pointer may be null
 16262 |     VkBuffer* pBuffer,
       |             ^
       |               _Nullable
../subprojects/VulkanMemoryAllocator/include/vk_mem_alloc.h:16262:13: note: insert '_Nonnull' if the pointer should never be null
 16262 |     VkBuffer* pBuffer,
       |             ^
       |               _Nonnull
../subprojects/VulkanMemoryAllocator/include/vk_mem_alloc.h:16263:5: warning: pointer is missing a nullability type specifier (_Nonnull, _Nullable, or _Null_unspecified) [-Wnullability-completeness]
 16263 |     VmaAllocation* pAllocation,
       |     ^
../subprojects/VulkanMemoryAllocator/include/vk_mem_alloc.h:16263:5: note: insert '_Nullable' if the pointer may be null
 16263 |     VmaAllocation* pAllocation,
       |     ^            
       |                   _Nullable 
../subprojects/VulkanMemoryAllocator/include/vk_mem_alloc.h:16263:5: note: insert '_Nonnull' if the pointer should never be null
 16263 |     VmaAllocation* pAllocation,
       |     ^            
       |                   _Nonnull 
../subprojects/VulkanMemoryAllocator/include/vk_mem_alloc.h:16263:18: warning: pointer is missing a nullability type specifier (_Nonnull, _Nullable, or _Null_unspecified) [-Wnullability-completeness]
 16263 |     VmaAllocation* pAllocation,
       |                  ^
../subprojects/VulkanMemoryAllocator/include/vk_mem_alloc.h:16263:18: note: insert '_Nullable' if the pointer may be null
 16263 |     VmaAllocation* pAllocation,
       |                  ^
       |                    _Nullable
../subprojects/VulkanMemoryAllocator/include/vk_mem_alloc.h:16263:18: note: insert '_Nonnull' if the pointer should never be null
 16263 |     VmaAllocation* pAllocation,
       |                  ^
       |                    _Nonnull
../subprojects/VulkanMemoryAllocator/include/vk_mem_alloc.h:16264:22: warning: pointer is missing a nullability type specifier (_Nonnull, _Nullable, or _Null_unspecified) [-Wnullability-completeness]
 16264 |     VmaAllocationInfo* pAllocationInfo)
       |                      ^
../subprojects/VulkanMemoryAllocator/include/vk_mem_alloc.h:16264:22: note: insert '_Nullable' if the pointer may be null
 16264 |     VmaAllocationInfo* pAllocationInfo)
       |                      ^
       |                        _Nullable
../subprojects/VulkanMemoryAllocator/include/vk_mem_alloc.h:16264:22: note: insert '_Nonnull' if the pointer should never be null
 16264 |     VmaAllocationInfo* pAllocationInfo)
       |                      ^
       |                        _Nonnull
../subprojects/VulkanMemoryAllocator/include/vk_mem_alloc.h:16350:5: warning: pointer is missing a nullability type specifier (_Nonnull, _Nullable, or _Null_unspecified) [-Wnullability-completeness]
 16350 |     VmaAllocator allocator,
       |     ^
../subprojects/VulkanMemoryAllocator/include/vk_mem_alloc.h:16350:5: note: insert '_Nullable' if the pointer may be null
 16350 |     VmaAllocator allocator,
       |     ^
       |                  _Nullable
../subprojects/VulkanMemoryAllocator/include/vk_mem_alloc.h:16350:5: note: insert '_Nonnull' if the pointer should never be null
 16350 |     VmaAllocator allocator,
       |     ^
       |                  _Nonnull
../subprojects/VulkanMemoryAllocator/include/vk_mem_alloc.h:16351:29: warning: pointer is missing a nullability type specifier (_Nonnull, _Nullable, or _Null_unspecified) [-Wnullability-completeness]
 16351 |     const VkBufferCreateInfo* pBufferCreateInfo,
       |                             ^
../subprojects/VulkanMemoryAllocator/include/vk_mem_alloc.h:16351:29: note: insert '_Nullable' if the pointer may be null
 16351 |     const VkBufferCreateInfo* pBufferCreateInfo,
       |                             ^
       |                               _Nullable
../subprojects/VulkanMemoryAllocator/include/vk_mem_alloc.h:16351:29: note: insert '_Nonnull' if the pointer should never be null
 16351 |     const VkBufferCreateInfo* pBufferCreateInfo,
       |                             ^
       |                               _Nonnull
../subprojects/VulkanMemoryAllocator/include/vk_mem_alloc.h:16352:34: warning: pointer is missing a nullability type specifier (_Nonnull, _Nullable, or _Null_unspecified) [-Wnullability-completeness]
 16352 |     const VmaAllocationCreateInfo* pAllocationCreateInfo,
       |                                  ^
../subprojects/VulkanMemoryAllocator/include/vk_mem_alloc.h:16352:34: note: insert '_Nullable' if the pointer may be null
 16352 |     const VmaAllocationCreateInfo* pAllocationCreateInfo,
       |                                  ^
       |                                    _Nullable
../subprojects/VulkanMemoryAllocator/include/vk_mem_alloc.h:16352:34: note: insert '_Nonnull' if the pointer should never be null
 16352 |     const VmaAllocationCreateInfo* pAllocationCreateInfo,
       |                                  ^
       |                                    _Nonnull
../subprojects/VulkanMemoryAllocator/include/vk_mem_alloc.h:16354:5: warning: pointer is missing a nullability type specifier (_Nonnull, _Nullable, or _Null_unspecified) [-Wnullability-completeness]
 16354 |     VkBuffer* pBuffer,
       |     ^
../subprojects/VulkanMemoryAllocator/include/vk_mem_alloc.h:16354:5: note: insert '_Nullable' if the pointer may be null
 16354 |     VkBuffer* pBuffer,
       |     ^       
       |              _Nullable 
../subprojects/VulkanMemoryAllocator/include/vk_mem_alloc.h:16354:5: note: insert '_Nonnull' if the pointer should never be null
 16354 |     VkBuffer* pBuffer,
       |     ^       
       |              _Nonnull 
../subprojects/VulkanMemoryAllocator/include/vk_mem_alloc.h:16354:13: warning: pointer is missing a nullability type specifier (_Nonnull, _Nullable, or _Null_unspecified) [-Wnullability-completeness]
 16354 |     VkBuffer* pBuffer,
       |             ^
../subprojects/VulkanMemoryAllocator/include/vk_mem_alloc.h:16354:13: note: insert '_Nullable' if the pointer may be null
 16354 |     VkBuffer* pBuffer,
       |             ^
       |               _Nullable
../subprojects/VulkanMemoryAllocator/include/vk_mem_alloc.h:16354:13: note: insert '_Nonnull' if the pointer should never be null
 16354 |     VkBuffer* pBuffer,
       |             ^
       |               _Nonnull
../subprojects/VulkanMemoryAllocator/include/vk_mem_alloc.h:16355:5: warning: pointer is missing a nullability type specifier (_Nonnull, _Nullable, or _Null_unspecified) [-Wnullability-completeness]
 16355 |     VmaAllocation* pAllocation,
       |     ^
../subprojects/VulkanMemoryAllocator/include/vk_mem_alloc.h:16355:5: note: insert '_Nullable' if the pointer may be null
 16355 |     VmaAllocation* pAllocation,
       |     ^            
       |                   _Nullable 
../subprojects/VulkanMemoryAllocator/include/vk_mem_alloc.h:16355:5: note: insert '_Nonnull' if the pointer should never be null
 16355 |     VmaAllocation* pAllocation,
       |     ^            
       |                   _Nonnull 
../subprojects/VulkanMemoryAllocator/include/vk_mem_alloc.h:16355:18: warning: pointer is missing a nullability type specifier (_Nonnull, _Nullable, or _Null_unspecified) [-Wnullability-completeness]
 16355 |     VmaAllocation* pAllocation,
       |                  ^
../subprojects/VulkanMemoryAllocator/include/vk_mem_alloc.h:16355:18: note: insert '_Nullable' if the pointer may be null
 16355 |     VmaAllocation* pAllocation,
       |                  ^
       |                    _Nullable
../subprojects/VulkanMemoryAllocator/include/vk_mem_alloc.h:16355:18: note: insert '_Nonnull' if the pointer should never be null
 16355 |     VmaAllocation* pAllocation,
       |                  ^
       |                    _Nonnull
../subprojects/VulkanMemoryAllocator/include/vk_mem_alloc.h:16356:22: warning: pointer is missing a nullability type specifier (_Nonnull, _Nullable, or _Null_unspecified) [-Wnullability-completeness]
 16356 |     VmaAllocationInfo* pAllocationInfo)
       |                      ^
../subprojects/VulkanMemoryAllocator/include/vk_mem_alloc.h:16356:22: note: insert '_Nullable' if the pointer may be null
 16356 |     VmaAllocationInfo* pAllocationInfo)
       |                      ^
       |                        _Nullable
../subprojects/VulkanMemoryAllocator/include/vk_mem_alloc.h:16356:22: note: insert '_Nonnull' if the pointer should never be null
 16356 |     VmaAllocationInfo* pAllocationInfo)
       |                      ^
       |                        _Nonnull
../subprojects/VulkanMemoryAllocator/include/vk_mem_alloc.h:16500:5: warning: pointer is missing a nullability type specifier (_Nonnull, _Nullable, or _Null_unspecified) [-Wnullability-completeness]
 16500 |     VmaAllocator allocator,
       |     ^
../subprojects/VulkanMemoryAllocator/include/vk_mem_alloc.h:16500:5: note: insert '_Nullable' if the pointer may be null
 16500 |     VmaAllocator allocator,
       |     ^
       |                  _Nullable
../subprojects/VulkanMemoryAllocator/include/vk_mem_alloc.h:16500:5: note: insert '_Nonnull' if the pointer should never be null
 16500 |     VmaAllocator allocator,
       |     ^
       |                  _Nonnull
../subprojects/VulkanMemoryAllocator/include/vk_mem_alloc.h:16501:5: warning: pointer is missing a nullability type specifier (_Nonnull, _Nullable, or _Null_unspecified) [-Wnullability-completeness]
 16501 |     VkBuffer buffer,
       |     ^
../subprojects/VulkanMemoryAllocator/include/vk_mem_alloc.h:16501:5: note: insert '_Nullable' if the pointer may be null
 16501 |     VkBuffer buffer,
       |     ^
       |              _Nullable
../subprojects/VulkanMemoryAllocator/include/vk_mem_alloc.h:16501:5: note: insert '_Nonnull' if the pointer should never be null
 16501 |     VkBuffer buffer,
       |     ^
       |              _Nonnull
../subprojects/VulkanMemoryAllocator/include/vk_mem_alloc.h:16502:5: warning: pointer is missing a nullability type specifier (_Nonnull, _Nullable, or _Null_unspecified) [-Wnullability-completeness]
 16502 |     VmaAllocation allocation)
       |     ^
../subprojects/VulkanMemoryAllocator/include/vk_mem_alloc.h:16502:5: note: insert '_Nullable' if the pointer may be null
 16502 |     VmaAllocation allocation)
       |     ^
       |                   _Nullable
../subprojects/VulkanMemoryAllocator/include/vk_mem_alloc.h:16502:5: note: insert '_Nonnull' if the pointer should never be null
 16502 |     VmaAllocation allocation)
       |     ^
       |                   _Nonnull
../subprojects/VulkanMemoryAllocator/include/vk_mem_alloc.h:16529:5: warning: pointer is missing a nullability type specifier (_Nonnull, _Nullable, or _Null_unspecified) [-Wnullability-completeness]
 16529 |     VmaAllocator allocator,
       |     ^
../subprojects/VulkanMemoryAllocator/include/vk_mem_alloc.h:16529:5: note: insert '_Nullable' if the pointer may be null
 16529 |     VmaAllocator allocator,
       |     ^
       |                  _Nullable
../subprojects/VulkanMemoryAllocator/include/vk_mem_alloc.h:16529:5: note: insert '_Nonnull' if the pointer should never be null
 16529 |     VmaAllocator allocator,
       |     ^
       |                  _Nonnull
../subprojects/VulkanMemoryAllocator/include/vk_mem_alloc.h:16530:28: warning: pointer is missing a nullability type specifier (_Nonnull, _Nullable, or _Null_unspecified) [-Wnullability-completeness]
 16530 |     const VkImageCreateInfo* pImageCreateInfo,
       |                            ^
../subprojects/VulkanMemoryAllocator/include/vk_mem_alloc.h:16530:28: note: insert '_Nullable' if the pointer may be null
 16530 |     const VkImageCreateInfo* pImageCreateInfo,
       |                            ^
       |                              _Nullable
../subprojects/VulkanMemoryAllocator/include/vk_mem_alloc.h:16530:28: note: insert '_Nonnull' if the pointer should never be null
 16530 |     const VkImageCreateInfo* pImageCreateInfo,
       |                            ^
       |                              _Nonnull
../subprojects/VulkanMemoryAllocator/include/vk_mem_alloc.h:16531:34: warning: pointer is missing a nullability type specifier (_Nonnull, _Nullable, or _Null_unspecified) [-Wnullability-completeness]
 16531 |     const VmaAllocationCreateInfo* pAllocationCreateInfo,
       |                                  ^
../subprojects/VulkanMemoryAllocator/include/vk_mem_alloc.h:16531:34: note: insert '_Nullable' if the pointer may be null
 16531 |     const VmaAllocationCreateInfo* pAllocationCreateInfo,
       |                                  ^
       |                                    _Nullable
../subprojects/VulkanMemoryAllocator/include/vk_mem_alloc.h:16531:34: note: insert '_Nonnull' if the pointer should never be null
 16531 |     const VmaAllocationCreateInfo* pAllocationCreateInfo,
       |                                  ^
       |                                    _Nonnull
../subprojects/VulkanMemoryAllocator/include/vk_mem_alloc.h:16532:5: warning: pointer is missing a nullability type specifier (_Nonnull, _Nullable, or _Null_unspecified) [-Wnullability-completeness]
 16532 |     VkImage* pImage,
       |     ^
../subprojects/VulkanMemoryAllocator/include/vk_mem_alloc.h:16532:5: note: insert '_Nullable' if the pointer may be null
 16532 |     VkImage* pImage,
       |     ^      
       |             _Nullable 
../subprojects/VulkanMemoryAllocator/include/vk_mem_alloc.h:16532:5: note: insert '_Nonnull' if the pointer should never be null
 16532 |     VkImage* pImage,
       |     ^      
       |             _Nonnull 
../subprojects/VulkanMemoryAllocator/include/vk_mem_alloc.h:16532:12: warning: pointer is missing a nullability type specifier (_Nonnull, _Nullable, or _Null_unspecified) [-Wnullability-completeness]
 16532 |     VkImage* pImage,
       |            ^
../subprojects/VulkanMemoryAllocator/include/vk_mem_alloc.h:16532:12: note: insert '_Nullable' if the pointer may be null
 16532 |     VkImage* pImage,
       |            ^
       |              _Nullable
../subprojects/VulkanMemoryAllocator/include/vk_mem_alloc.h:16532:12: note: insert '_Nonnull' if the pointer should never be null
 16532 |     VkImage* pImage,
       |            ^
       |              _Nonnull
../subprojects/VulkanMemoryAllocator/include/vk_mem_alloc.h:16533:5: warning: pointer is missing a nullability type specifier (_Nonnull, _Nullable, or _Null_unspecified) [-Wnullability-completeness]
 16533 |     VmaAllocation* pAllocation,
       |     ^
../subprojects/VulkanMemoryAllocator/include/vk_mem_alloc.h:16533:5: note: insert '_Nullable' if the pointer may be null
 16533 |     VmaAllocation* pAllocation,
       |     ^            
       |                   _Nullable 
../subprojects/VulkanMemoryAllocator/include/vk_mem_alloc.h:16533:5: note: insert '_Nonnull' if the pointer should never be null
 16533 |     VmaAllocation* pAllocation,
       |     ^            
       |                   _Nonnull 
../subprojects/VulkanMemoryAllocator/include/vk_mem_alloc.h:16533:18: warning: pointer is missing a nullability type specifier (_Nonnull, _Nullable, or _Null_unspecified) [-Wnullability-completeness]
 16533 |     VmaAllocation* pAllocation,
       |                  ^
../subprojects/VulkanMemoryAllocator/include/vk_mem_alloc.h:16533:18: note: insert '_Nullable' if the pointer may be null
 16533 |     VmaAllocation* pAllocation,
       |                  ^
       |                    _Nullable
../subprojects/VulkanMemoryAllocator/include/vk_mem_alloc.h:16533:18: note: insert '_Nonnull' if the pointer should never be null
 16533 |     VmaAllocation* pAllocation,
       |                  ^
       |                    _Nonnull
../subprojects/VulkanMemoryAllocator/include/vk_mem_alloc.h:16534:22: warning: pointer is missing a nullability type specifier (_Nonnull, _Nullable, or _Null_unspecified) [-Wnullability-completeness]
 16534 |     VmaAllocationInfo* pAllocationInfo)
       |                      ^
../subprojects/VulkanMemoryAllocator/include/vk_mem_alloc.h:16534:22: note: insert '_Nullable' if the pointer may be null
 16534 |     VmaAllocationInfo* pAllocationInfo)
       |                      ^
       |                        _Nullable
../subprojects/VulkanMemoryAllocator/include/vk_mem_alloc.h:16534:22: note: insert '_Nonnull' if the pointer should never be null
 16534 |     VmaAllocationInfo* pAllocationInfo)
       |                      ^
       |                        _Nonnull
../subprojects/VulkanMemoryAllocator/include/vk_mem_alloc.h:16836:44: warning: pointer is missing a nullability type specifier (_Nonnull, _Nullable, or _Null_unspecified) [-Wnullability-completeness]
 16836 |     VmaAllocation VMA_NOT_NULL allocation, HANDLE hTargetProcess, HANDLE* VMA_NOT_NULL pHandle)
       |                                            ^
../subprojects/VulkanMemoryAllocator/include/vk_mem_alloc.h:16836:44: note: insert '_Nullable' if the pointer may be null
 16836 |     VmaAllocation VMA_NOT_NULL allocation, HANDLE hTargetProcess, HANDLE* VMA_NOT_NULL pHandle)
       |                                            ^
       |                                                   _Nullable
../subprojects/VulkanMemoryAllocator/include/vk_mem_alloc.h:16836:44: note: insert '_Nonnull' if the pointer should never be null
 16836 |     VmaAllocation VMA_NOT_NULL allocation, HANDLE hTargetProcess, HANDLE* VMA_NOT_NULL pHandle)
       |                                            ^
       |                                                   _Nonnull
../subprojects/VulkanMemoryAllocator/include/vk_mem_alloc.h:16836:67: warning: pointer is missing a nullability type specifier (_Nonnull, _Nullable, or _Null_unspecified) [-Wnullability-completeness]
 16836 |     VmaAllocation VMA_NOT_NULL allocation, HANDLE hTargetProcess, HANDLE* VMA_NOT_NULL pHandle)
       |                                                                   ^
../subprojects/VulkanMemoryAllocator/include/vk_mem_alloc.h:16836:67: note: insert '_Nullable' if the pointer may be null
 16836 |     VmaAllocation VMA_NOT_NULL allocation, HANDLE hTargetProcess, HANDLE* VMA_NOT_NULL pHandle)
       |                                                                   ^     
       |                                                                          _Nullable 
../subprojects/VulkanMemoryAllocator/include/vk_mem_alloc.h:16836:67: note: insert '_Nonnull' if the pointer should never be null
 16836 |     VmaAllocation VMA_NOT_NULL allocation, HANDLE hTargetProcess, HANDLE* VMA_NOT_NULL pHandle)
       |                                                                   ^     
       |                                                                          _Nonnull 
876 warnings generated.
